device,VIN,data_collector,time_sensor,time_session,voltage_control_module,engine_load,coolant_temperature,intake_manifold_absolut_pressure,rpm,speed,acceleration_x,acceleration_y,acceleration_z,magnitude,latitude,longitude,fuel_pressure,timing_advance,intake_air_temperature,mass_air_flow,throttle_position,fuel_level,engine_oil_temperature,radar_area,cloud_quantity,teda_time,teda_flag,fuel_model_prediction,air_fuel_ratio,other_info,city_road_label,city_road_prob,coolant_temp,distance_traveled_with_MIL_on,driver_behaviour_label,ethanol_percentage,fuel_model_prediction_prob,fuel_rail_gauge_pressure,long_term_fuel_trim_bank_1,runtime_since_engine_start,short_term_fuel_trim_bank_1
F666D60A-75B1-428D-A08C-B318AA253AFC,9BWAH5BZ6KP538191,App2Car,2026-08-12T17:01:04.041661,2026-08-12T17:01:03.030472,,11.0,,45.0,985.0,0.0,1.8889219665527344,1.8143769836425783,9.358389129638672,9.717995530778795,-5.843806257488607,-35.1981950627658,,3.5,47.0,,,,,0.0,,,0,Não identificado,,,0.0,0.9333333333333333,,,,,,,,,
F666D60A-75B1-428D-A08C-B318AA253AFC,9BWAH5BZ6KP538191,App2Car,2026-08-12T17:01:05.042000,2026-08-12T17:01:03.030472,,11.0,,45.0,985.0,0.0,1.2121792602539063,1.795067138671875,9.523346099853516,9.76656364997047,-5.843806194563909,-35.19819562143863,,3.5,47.0,,14.0,,,131.175,,,0,Não identificado,,,0.0,0.9666666666666667,88.0,0.0,0,,,,4.69,1457.0,1.56
F666D60A-75B1-428D-A08C-B318AA253AFC,9BWAH5BZ6KP538191,App2Car,2026-08-12T17:01:06.042132,2026-08-12T17:01:03.030472,13.73,12.0,,45.0,985.0,0.0,1.560355224609375,1.6736695861816406,9.562714233398438,9.832669109672931,-5.843805862287,-35.19819857159069,,3.5,47.0,,14.0,63.14,,143.1,,,0,Gasolina,,,0.0,0.9666666666666667,88.0,0.0,0,29.8,0.99,10440.0,4.69,1457.0,1.56
F666D60A-75B1-428D-A08C-B318AA253AFC,9BWAH5BZ6KP538191,App2Car,2026-08-12T17:01:07.042278,2026-08-12T17:01:03.030472,13.73,12.0,,45.0,979.0,0.0,1.5344590759277346,1.8824853515625002,9.543853454589843,9.84801779635023,-5.84380594131124,-35.198197869976354,,3.0,48.0,,14.0,63.14,,143.1,,,0,Gasolina,,,0.0,0.9666666666666667,88.0,0.0,0,29.8,0.99,10440.0,4.69,1457.0,1.56
F666D60A-75B1-428D-A08C-B318AA253AFC,9BWAH5BZ6KP538191,App2Car,2026-08-12T17:01:08.041691,2026-08-12T17:01:03.030472,13.73,12.0,,45.0,985.0,0.0,1.4914984130859377,1.5552658081054689,9.4651171875,9.707309752099587,-5.843806205596046,-35.19819552349599,,0.0,48.0,,14.0,63.14,,143.1,,,0,Gasolina,,,0.0,0.9,88.0,0.0,0,29.8,1.0,10440.0,4.69,1457.0,1.56
F666D60A-75B1-428D-A08C-B318AA253AFC,9BWAH5BZ6KP538191,App2Car,2026-08-12T17:01:09.042245,2026-08-12T17:01:03.030472,13.73,11.0,,45.0,982.0,0.0,1.3956976318359375,1.8688636779785157,9.631421356201173,9.909838579263937,-5.843806253715053,-35.198195096260775,,4.5,48.0,,14.0,63.14,,131.175,,,0,Gasolina,,,0.0,0.9666666666666667,88.0,0.0,0,29.8,0.98,10440.0,4.69,1457.0,1.56
F666D60A-75B1-428D-A08C-B318AA253AFC,9BWAH5BZ6KP538191,App2Car,2026-08-12T17:01:10.041882,2026-08-12T17:01:03.030472,13.73,12.0,,45.0,980.0,0.0,1.6754658508300782,1.768572235107422,9.328002319335939,9.64088485760655,-5.843806253715393,-35.19819509626083,,1.5,48.0,,14.0,63.14,,142.92000000000002,,,0,Gasolina,,,0.0,0.9333333333333333,88.0,0.0,0,29.8,1.0,10440.0,4.69,1457.0,1.56
F666D60A-75B1-428D-A08C-B318AA253AFC,9BWAH5BZ6KP538191,App2Car,2026-08-12T17:01:11.041376,2026-08-12T17:01:03.030472,13.73,11.0,,46.0,984.0,0.0,1.5390994262695312,1.6426840209960938,9.463021545410157,9.727076364749891,-5.843806253715381,-35.19819509626083,,1.5,48.0,,14.0,63.14,,130.9,,,0,Gasolina,,,0.0,0.9333333333333333,88.0,0.0,0,29.8,1.0,10440.0,4.69,1457.0,1.56
F666D60A-75B1-428D-A08C-B318AA253AFC,9BWAH5BZ6KP538191,App2Car,2026-08-12T17:01:12.042320,2026-08-12T17:01:03.030472,13.73,12.0,,45.0,976.0,0.0,1.3081297302246095,1.6866925048828125,9.499246215820312,9.736108753804155,-5.843806253715355,-35.19819509626083,,4.5,48.0,,14.0,63.14,,143.04,,,0,Gasolina,,,0.0,0.9666666666666667,88.0,0.0,0,29.8,0.98,10440.0,4.69,1457.0,1.56
F666D60A-75B1-428D-A08C-B318AA253AFC,9BWAH5BZ6KP538191,App2Car,2026-08-12T17:01:13.042221,2026-08-12T17:01:03.030472,13.73,12.0,,45.0,976.0,0.0,1.6413368225097658,1.8273999023437502,9.682465209960938,9.98916961063913,-5.8438062537155595,-35.19819509626083,,0.0,48.0,,14.0,63.14,,143.04,,,0,Gasolina,,,0.0,0.9,88.0,0.0,0,29.8,1.0,10440.0,4.69,1457.0,1.56
F666D60A-75B1-428D-A08C-B318AA253AFC,9BWAH5BZ6KP538191,App2Car,2026-08-12T17:01:14.042174,2026-08-12T17:01:03.030472,13.73,12.0,,45.0,984.0,0.0,1.5082635498046877,1.930236053466797,9.339678039550781,9.655581600309722,-5.843806253715154,-35.198195096260775,,4.5,48.0,,14.0,63.14,,143.04,,,0,Gasolina,,,0.0,0.9666666666666667,88.0,0.0,0,29.8,0.98,10440.0,4.69,1457.0,1.56
F666D60A-75B1-428D-A08C-B318AA253AFC,9BWAH5BZ6KP538191,App2Car,2026-08-12T17:01:15.041406,2026-08-12T17:01:03.030472,13.73,12.0,,46.0,977.0,0.0,1.3117222595214844,1.561552734375,9.613309020996095,9.8272464384243,-5.843806253715264,-35.198195096260775,,0.5,48.0,,14.0,63.14,,143.04,,,0,Gasolina,,,0.0,0.9333333333333333,88.0,0.0,0,29.8,1.0,10440.0,4.69,1457.0,1.56
F666D60A-75B1-428D-A08C-B318AA253AFC,9BWAH5BZ6KP538191,App2Car,2026-08-12T17:01:16.042145,2026-08-12T17:01:03.030472,13.73,12.0,,45.0,987.0,0.0,1.503772888183594,1.8661692810058594,9.404044189453126,9.704636407500956,-5.843806253715461,-35.19819509626083,,3.5,48.0,,14.0,63.14,,143.04,,,0,Gasolina,,,0.0,0.9666666666666667,88.0,0.0,0,29.8,0.99,10440.0,4.69,1457.0,1.56
F666D60A-75B1-428D-A08C-B318AA253AFC,9BWAH5BZ6KP538191,App2Car,2026-08-12T17:01:17.041419,2026-08-12T17:01:03.030472,13.73,11.0,,45.0,975.0,0.0,1.7048048400878908,1.7360897827148438,9.301507415771486,9.614489455092555,-5.8438062537154,-35.19819509626083,,2.0,48.0,,14.0,63.14,,131.285,,,0,Gasolina,,,0.0,0.9333333333333333,88.0,0.0,0,29.8,0.99,10440.0,4.69,1457.0,1.56
F666D60A-75B1-428D-A08C-B318AA253AFC,9BWAH5BZ6KP538191,App2Car,2026-08-12T17:01:18.041542,2026-08-12T17:01:03.030472,13.73,12.0,,45.0,983.0,0.0,1.2939093017578125,1.7848883056640625,9.634564819335939,9.883565490391485,-5.843806253715088,-35.198195096260775,,2.0,48.0,,14.0,63.14,,142.5,,,0,Gasolina,,,0.0,0.9333333333333333,88.0,0.0,0,29.8,1.0,10440.0,4.69,1457.0,1.56
F666D60A-75B1-428D-A08C-B318AA253AFC,9BWAH5BZ6KP538191,App2Car,2026-08-12T17:01:19.041316,2026-08-12T17:01:03.030472,13.73,12.0,,45.0,983.0,0.0,1.2910652160644531,1.6973204040527345,9.519304504394531,9.755250083597616,-5.843806253715368,-35.19819509626083,,2.0,48.0,,14.0,63.14,,142.5,,,0,Gasolina,,,0.0,0.9333333333333333,88.0,0.0,0,29.8,1.0,10440.0,4.69,1457.0,1.56
F666D60A-75B1-428D-A08C-B318AA253AFC,9BWAH5BZ6KP538191,App2Car,2026-08-12T17:01:20.041168,2026-08-12T17:01:03.030472,13.73,12.0,,45.0,975.0,0.0,1.6097525024414063,1.9787351989746094,9.571396179199219,9.905469243098322,-5.843806725976378,-35.1981909032677,,0.5,48.0,,14.0,63.14,,142.5,,,0,Gasolina,,,0.0,0.9333333333333333,88.0,0.0,0,29.8,1.0,10440.0,4.69,1457.0,1.56
F666D60A-75B1-428D-A08C-B318AA253AFC,9BWAH5BZ6KP538191,App2Car,2026-08-12T17:01:21.041422,2026-08-12T17:01:03.030472,13.73,12.0,,45.0,989.0,0.0,1.456022186279297,1.7741107177734377,9.230704650878907,9.511749460410194,-5.843806725976585,-35.1981909032677,,3.0,48.0,,14.0,63.14,,142.5,,,0,Gasolina,,,0.0,0.9666666666666667,88.0,0.0,0,29.8,0.99,10440.0,4.69,1457.0,1.56
F666D60A-75B1-428D-A08C-B318AA253AFC,9BWAH5BZ6KP538191,App2Car,2026-08-12T17:01:22.041510,2026-08-12T17:01:03.030472,13.73,20.0,,69.0,946.0,0.0,1.430874481201172,1.605561218261719,9.282496948242189,9.528377521942774,-5.843806725977108,-35.19819090326776,,-19.5,48.0,,14.0,63.14,,238.9,,,0,Gasolina,,,0.0,0.8,88.0,0.0,0,29.8,1.0,10440.0,4.69,1457.0,1.56
F666D60A-75B1-428D-A08C-B318AA253AFC,9BWAH5BZ6KP538191,App2Car,2026-08-12T17:01:23.042295,2026-08-12T17:01:03.030472,13.73,19.0,,62.0,982.0,0.0,1.0942245483398438,1.8543438720703127,9.541608123779298,9.781523610657255,-5.843806725976657,-35.1981909032677,,-10.0,48.0,,16.0,63.14,,241.87,,,0,Gasolina,,,0.0,0.6333333333333333,88.0,0.0,0,29.8,0.98,10440.0,4.69,1457.0,1.56
F666D60A-75B1-428D-A08C-B318AA253AFC,9BWAH5BZ6KP538191,App2Car,2026-08-12T17:01:24.042114,2026-08-12T17:01:03.030472,13.73,14.0,,49.0,987.0,0.0,1.4950909423828125,1.7724641418457032,9.403595123291016,9.685273734020456,-5.8438067259769,-35.1981909032677,,-10.0,48.0,,15.0,63.14,,173.74,,,0,Gasolina,,,0.0,0.9333333333333333,88.0,0.0,0,29.8,0.98,10440.0,4.69,1457.0,1.56
F666D60A-75B1-428D-A08C-B318AA253AFC,9BWAH5BZ6KP538191,App2Car,2026-08-12T17:01:25.042285,2026-08-12T17:01:03.030472,13.73,13.0,,48.0,988.0,0.0,1.161434783935547,1.8119819641113282,9.449998626708984,9.691990685117368,-5.843806725976475,-35.1981909032677,,-1.0,48.0,,15.0,63.14,,161.655,,,0,Gasolina,,,0.0,0.8666666666666667,88.0,0.0,0,29.8,1.0,10440.0,4.69,1457.0,1.56
F666D60A-75B1-428D-A08C-B318AA253AFC,9BWAH5BZ6KP538191,App2Car,2026-08-12T17:01:26.041913,2026-08-12T17:01:03.030472,13.73,13.0,,48.0,988.0,0.0,1.488504638671875,1.7324972534179688,9.564959564208985,9.833902798858723,-5.843806725976868,-35.1981909032677,,2.0,48.0,,15.0,63.14,,161.655,,,0,Gasolina,,,0.0,0.9333333333333333,88.0,0.0,0,29.8,1.0,10440.0,4.69,1457.0,1.56
F666D60A-75B1-428D-A08C-B318AA253AFC,9BWAH5BZ6KP538191,App2Car,2026-08-12T17:01:27.042218,2026-08-12T17:01:03.030472,13.73,27.0,,48.0,986.0,0.0,0.9635462951660156,2.408491516113281,9.435628509521484,9.785721139283115,-5.843806725977471,-35.198190903267815,,-18.0,48.0,,17.0,63.14,,362.61,,,0,Gasolina,,,0.0,0.6333333333333333,88.0,0.0,0,29.8,1.0,10440.0,4.69,1457.0,1.56
F666D60A-75B1-428D-A08C-B318AA253AFC,9BWAH5BZ6KP538191,App2Car,2026-08-12T17:01:28.043244,2026-08-12T17:01:03.030472,13.73,27.0,,92.0,922.0,2.0,-0.02065704345703125,2.7107130432128907,8.6460205078125,9.061018846553802,-5.843806725976735,-35.1981909032677,,-16.5,48.0,,23.0,63.14,,380.19,,,0,Gasolina,,,0.0,0.5666666666666667,88.0,0.0,0,29.8,1.0,10440.0,4.69,1457.0,1.56
F666D60A-75B1-428D-A08C-B318AA253AFC,9BWAH5BZ6KP538191,App2Car,2026-08-12T17:01:29.042605,2026-08-12T17:01:03.030472,13.73,31.0,,100.0,936.0,5.0,0.8900491333007813,3.0157786560058595,7.678881683349609,8.297730549288287,-5.8438067259765525,-35.1981909032677,,-20.5,48.0,,23.0,63.14,,582.48,,,0,Gasolina,,,0.0,0.6,88.0,0.0,0,29.8,0.98,10440.0,4.69,1457.0,1.56
F666D60A-75B1-428D-A08C-B318AA253AFC,9BWAH5BZ6KP538191,App2Car,2026-08-12T17:01:30.043058,2026-08-12T17:01:03.030472,13.73,37.0,,91.0,1458.0,9.0,1.8269508361816407,2.6197023010253906,8.555159454345704,9.131886047969674,-5.84379339411033,-35.19820530908937,,3.0,48.0,,70.0,63.14,,1945.3400000000001,,,1,Gasolina,,,0.0,0.7333333333333333,88.0,0.0,0,29.8,1.0,10440.0,4.69,1457.0,1.56
F666D60A-75B1-428D-A08C-B318AA253AFC,9BWAH5BZ6KP538191,App2Car,2026-08-12T17:01:31.041498,2026-08-12T17:01:03.030472,13.73,24.0,,68.0,1915.0,13.0,1.4494358825683595,0.4848417663574219,11.479178924560548,11.580478604019627,-5.843796655523419,-35.198221211324345,,3.0,48.0,,20.0,63.14,,724.275,,,0,Gasolina,,,0.0,0.8666666666666667,88.0,0.0,0,29.8,1.0,10440.0,4.69,1457.0,1.56
F666D60A-75B1-428D-A08C-B318AA253AFC,9BWAH5BZ6KP538191,App2Car,2026-08-12T17:01:32.041752,2026-08-12T17:01:03.030472,13.73,22.0,,67.0,2331.0,13.0,1.1762539672851564,6.256539459228516,3.9737864685058595,7.504587816643749,-5.843803152696386,-35.198252552136715,,16.5,48.0,,21.0,63.14,,702.625,,,0,Gasolina,,,0.0,0.8,88.0,0.0,0,29.8,0.99,10440.0,4.69,1457.0,1.56
F666D60A-75B1-428D-A08C-B318AA253AFC,9BWAH5BZ6KP538191,App2Car,2026-08-12T17:01:33.040917,2026-08-12T17:01:03.030472,13.73,25.0,,88.0,2331.0,16.0,0.036074981689453126,8.713380432128906,3.8386175537109377,9.521516931821765,-5.843804700198002,-35.198288703127446,,10.5,48.0,,22.0,63.14,,928.855,,,0,Gasolina,,,0.0,0.9,88.0,0.0,0,29.8,0.98,10440.0,4.69,1457.0,1.56
F666D60A-75B1-428D-A08C-B318AA253AFC,9BWAH5BZ6KP538191,App2Car,2026-08-12T17:01:34.043117,2026-08-12T17:01:03.030472,13.73,29.0,,88.0,1700.0,19.0,2.255809020996094,8.42807373046875,4.708009643554687,9.913952589619779,-5.843800369085937,-35.198337579961674,,15.0,48.0,,24.0,63.14,,984.0,,,0,Gasolina,,,0.0,0.9333333333333333,88.0,0.0,0,29.8,0.99,10440.0,4.69,1457.0,1.56
F666D60A-75B1-428D-A08C-B318AA253AFC,9BWAH5BZ6KP538191,App2Car,2026-08-12T17:01:35.041836,2026-08-12T17:01:03.030472,13.73,29.0,,85.0,1967.0,23.0,2.2315594482421877,8.022566986083985,5.4654345703125005,9.96054283960521,-5.843790708800148,-35.19838295317763,,16.5,48.0,,23.0,63.14,,1135.42,,,0,Gasolina,,,0.0,0.8666666666666667,88.0,0.0,0,29.8,1.0,10440.0,4.69,1457.0,1.56
F666D60A-75B1-428D-A08C-B318AA253AFC,9BWAH5BZ6KP538191,App2Car,2026-08-12T17:01:36.040639,2026-08-12T17:01:03.030472,13.73,26.0,,80.0,2194.0,26.0,-1.350791015625,9.89098159790039,8.370293884277345,13.027585081167887,-5.843787929143362,-35.198443170323706,,18.5,48.0,,23.0,63.14,,1168.44,,,0,Gasolina,,,0.0,0.8666666666666667,88.0,0.0,0,29.8,1.0,10440.0,4.69,1457.0,1.56
F666D60A-75B1-428D-A08C-B318AA253AFC,9BWAH5BZ6KP538191,App2Car,2026-08-12T17:01:37.044315,2026-08-12T17:01:03.030472,13.73,21.0,,69.0,2364.0,28.0,0.17962646484375,7.708819427490234,6.781497802734376,10.268732885853751,-5.843783464259837,-35.198508981450104,,-8.5,48.0,,21.0,63.14,,1093.68,,,0,Gasolina,,,0.0,0.7666666666666667,88.0,0.0,0,29.8,0.99,10440.0,4.69,1457.0,1.56
F666D60A-75B1-428D-A08C-B318AA253AFC,9BWAH5BZ6KP538191,App2Car,2026-08-12T17:01:38.043629,2026-08-12T17:01:03.030472,13.73,25.0,,83.0,1670.0,30.0,-0.5429209899902344,6.987469482421876,6.820117492675782,9.779237985807033,-5.843779301652406,-35.19857923010978,,-8.5,48.0,,20.0,63.14,,1009.25,,,0,Gasolina,,,0.0,0.7666666666666667,88.0,0.0,0,29.8,0.98,10440.0,4.69,1457.0,1.56
F666D60A-75B1-428D-A08C-B318AA253AFC,9BWAH5BZ6KP538191,App2Car,2026-08-12T17:01:39.041364,2026-08-12T17:01:03.030472,13.73,26.0,,76.0,1621.0,30.0,0.5445675659179687,8.728948059082033,4.012855224609376,9.622582559047055,-5.843773142730909,-35.1986556333049,,15.0,48.0,,21.0,63.14,,1055.6,,,0,Gasolina,,,0.0,0.9,88.0,0.0,0,29.8,1.0,10440.0,4.69,1457.0,1.56
F666D60A-75B1-428D-A08C-B318AA253AFC,9BWAH5BZ6KP538191,App2Car,2026-08-12T17:01:40.042058,2026-08-12T17:01:03.030472,13.73,18.0,,53.0,1621.0,32.0,1.404529266357422,6.070626068115235,7.12802719116211,9.467522112827684,-5.843769823048286,-35.19873707692048,,16.5,48.0,,18.0,63.14,,855.25,,,0,Gasolina,,,0.0,0.8333333333333334,88.0,0.0,0,29.8,1.0,10440.0,4.69,1457.0,1.56
F666D60A-75B1-428D-A08C-B318AA253AFC,9BWAH5BZ6KP538191,App2Car,2026-08-12T17:01:41.041528,2026-08-12T17:01:03.030472,13.73,18.0,,53.0,1597.0,32.0,1.0987152099609376,6.84017578125,7.0503387451171875,9.884455283519632,-5.843763591576264,-35.19882069996052,,16.5,48.0,,17.0,63.14,,855.25,,,0,Gasolina,,,0.0,0.8,88.0,0.0,0,29.8,1.0,10440.0,4.69,1457.0,1.56
F666D60A-75B1-428D-A08C-B318AA253AFC,9BWAH5BZ6KP538191,App2Car,2026-08-12T17:01:42.040616,2026-08-12T17:01:03.030472,13.73,16.0,,49.0,1606.0,32.0,0.035326538085937505,6.736291809082031,6.545887756347657,9.392950645036999,-5.843757711557812,-35.19890586410189,,15.5,48.0,,17.0,63.14,,791.28,,,0,Gasolina,,,0.0,0.8,88.0,0.0,0,29.8,0.99,10440.0,4.69,1457.0,1.56
F666D60A-75B1-428D-A08C-B318AA253AFC,9BWAH5BZ6KP538191,App2Car,2026-08-12T17:01:43.040439,2026-08-12T17:01:03.030472,13.73,15.0,,46.0,1584.0,32.0,1.5129039001464843,6.518943786621094,8.190517730712891,10.576865651095623,-5.843751465851152,-35.198990062098154,,-1.0,48.0,,16.0,63.14,,753.4100000000001,,,0,Gasolina,,,0.0,0.6666666666666666,88.0,0.0,0,29.8,1.0,10440.0,4.69,1457.0,1.56
F666D60A-75B1-428D-A08C-B318AA253AFC,9BWAH5BZ6KP538191,App2Car,2026-08-12T17:01:44.041678,2026-08-12T17:01:03.030472,13.73,8.0,,28.0,1526.0,31.0,1.7856367492675782,6.473288726806641,7.417375488281251,10.005469737853009,-5.843745308632934,-35.199073517999565,,-1.0,48.0,,13.0,63.14,,551.0699999999999,,,0,Gasolina,,,0.0,0.9666666666666667,88.0,0.0,0,29.8,0.99,10440.0,4.69,1457.0,1.56
F666D60A-75B1-428D-A08C-B318AA253AFC,9BWAH5BZ6KP538191,App2Car,2026-08-12T17:01:45.041391,2026-08-12T17:01:03.030472,13.73,7.0,,29.0,1438.0,31.0,1.653611297607422,5.691763916015625,6.748865661621094,8.982081858780889,-5.843741196441053,-35.19915430169603,,-8.5,48.0,,13.0,63.14,,536.9399999999999,,,0,Gasolina,,,0.0,0.9666666666666667,88.0,0.0,0,29.8,0.98,10440.0,4.69,1457.0,1.56
F666D60A-75B1-428D-A08C-B318AA253AFC,9BWAH5BZ6KP538191,App2Car,2026-08-12T17:01:46.041286,2026-08-12T17:01:03.030472,13.73,7.0,,28.0,1438.0,29.0,1.8646723937988283,6.166875915527344,6.6874932861328125,9.286007115320238,-5.843735567530131,-35.19923169716253,,-9.0,48.0,,13.0,63.14,,536.9399999999999,,,0,Gasolina,,,0.0,0.9666666666666667,88.0,0.0,0,29.8,0.98,10440.0,4.69,1457.0,1.56
F666D60A-75B1-428D-A08C-B318AA253AFC,9BWAH5BZ6KP538191,App2Car,2026-08-12T17:01:47.041430,2026-08-12T17:01:03.030472,13.73,6.0,,28.0,1373.0,28.0,1.9351757812500001,5.604196014404297,7.643704833984375,9.673579578484773,-5.843729652980594,-35.19930383777075,,-9.0,48.0,,13.0,63.14,,454.41,,,0,Gasolina,,,0.0,0.8666666666666667,88.0,0.0,0,29.8,0.98,10440.0,4.69,1457.0,1.56
F666D60A-75B1-428D-A08C-B318AA253AFC,9BWAH5BZ6KP538191,App2Car,2026-08-12T17:01:48.041528,2026-08-12T17:01:03.030472,13.73,6.0,,26.0,1249.0,25.0,-0.31719039916992187,4.607418823242187,7.21185287475586,8.563862437546295,-5.843721031200131,-35.19937292776473,,0.5,48.0,,13.0,63.14,,454.41,,,0,Gasolina,,,0.0,0.8333333333333334,88.0,0.0,0,29.8,0.99,10440.0,4.69,1457.0,1.56
F666D60A-75B1-428D-A08C-B318AA253AFC,9BWAH5BZ6KP538191,App2Car,2026-08-12T17:01:49.041439,2026-08-12T17:01:03.030472,13.73,8.0,,32.0,1050.0,19.0,1.9467018127441407,7.344626770019532,6.588249664306641,10.05675016980463,-5.843712455370317,-35.19943637498952,,-9.0,48.0,,13.0,63.14,,420.585,,,0,Gasolina,,,0.0,0.9333333333333333,88.0,0.0,0,29.8,0.99,10440.0,4.69,1457.0,1.56
F666D60A-75B1-428D-A08C-B318AA253AFC,9BWAH5BZ6KP538191,App2Car,2026-08-12T17:01:50.041300,2026-08-12T17:01:03.030472,13.73,9.0,,72.0,1458.0,18.0,0.8187973022460938,7.826325073242188,5.015769653320313,9.331652500462809,-5.843707903946286,-35.19948728030387,,-12.0,48.0,,12.0,63.14,,315.0,,,0,Gasolina,,,0.0,0.8333333333333334,88.0,0.0,0,29.8,0.96,10440.0,4.69,1457.0,1.56
F666D60A-75B1-428D-A08C-B318AA253AFC,9BWAH5BZ6KP538191,App2Car,2026-08-12T17:01:51.041925,2026-08-12T17:01:03.030472,13.73,26.0,,75.0,1715.0,19.0,3.557502136230469,6.213429107666016,8.308023376464844,10.96748718481868,-5.843704584249477,-35.19952922222409,,-12.0,48.0,,20.0,63.14,,760.76,,,0,Gasolina,,,0.0,0.8333333333333334,88.0,0.0,0,29.8,0.99,10440.0,4.69,1457.0,1.56
F666D60A-75B1-428D-A08C-B318AA253AFC,9BWAH5BZ6KP538191,App2Car,2026-08-12T17:01:52.041988,2026-08-12T17:01:03.030472,13.73,32.0,,89.0,1972.0,19.0,2.298919372558594,6.217321014404297,6.873107299804688,9.54880698476553,-5.843699586907329,-35.19957299540611,,13.5,48.0,,25.0,63.14,,1074.8249999999998,,,0,Gasolina,,,0.0,0.9333333333333333,88.0,0.0,0,29.8,1.0,10440.0,4.69,1457.0,1.56
F666D60A-75B1-428D-A08C-B318AA253AFC,9BWAH5BZ6KP538191,App2Car,2026-08-12T17:01:53.041593,2026-08-12T17:01:03.030472,13.73,35.0,,89.0,1972.0,23.0,2.4201672363281252,6.0308088684082035,5.808371429443359,8.715792776416903,-5.84369434059524,-35.19962462026074,,13.5,48.0,,27.0,63.14,,1354.8799999999999,,,1,Gasolina,,,0.0,1.0,88.0,0.0,0,29.8,1.0,10440.0,4.69,1457.0,1.56
F666D60A-75B1-428D-A08C-B318AA253AFC,9BWAH5BZ6KP538191,App2Car,2026-08-12T17:01:54.041776,2026-08-12T17:01:03.030472,13.73,32.0,,89.0,2190.0,26.0,2.37825439453125,7.170688476562501,6.026467895507813,9.66401482245344,-5.84368653910036,-35.199685120895964,,13.5,48.0,,27.0,63.14,,1418.1,,,1,Gasolina,,,0.0,1.0,88.0,0.0,0,29.8,1.0,10440.0,4.69,1457.0,1.56
F666D60A-75B1-428D-A08C-B318AA253AFC,9BWAH5BZ6KP538191,App2Car,2026-08-12T17:01:55.041834,2026-08-12T17:01:03.030472,13.73,32.0,,87.0,2447.0,29.0,1.4111155700683595,6.841822357177735,6.1083476257324225,9.279746280801936,-5.843680443257607,-35.19975255882708,,0.0,48.0,,26.0,63.14,,1539.335,,,1,Gasolina,,,0.0,0.9333333333333333,88.0,0.0,0,29.8,0.99,10440.0,4.69,1457.0,1.56
F666D60A-75B1-428D-A08C-B318AA253AFC,9BWAH5BZ6KP538191,App2Car,2026-08-12T17:01:56.041403,2026-08-12T17:01:03.030472,13.73,36.0,,93.0,1757.0,32.0,1.276395721435547,7.807913360595704,6.471492462158204,10.221199135719758,-5.843672406888116,-35.19982783318456,,12.0,48.0,,26.0,63.14,,1640.275,,,1,Gasolina,,,0.0,1.0,88.0,0.0,0,29.8,0.99,10440.0,4.69,1457.0,1.56
F666D60A-75B1-428D-A08C-B318AA253AFC,9BWAH5BZ6KP538191,App2Car,2026-08-12T17:01:57.041626,2026-08-12T17:01:03.030472,13.73,37.0,,93.0,1748.0,34.0,2.3975642395019534,6.554719390869141,4.5285328674316405,8.319872024675808,-5.843666409075723,-35.19990937421251,,8.0,48.0,,27.0,63.14,,1537.665,,,1,Gasolina,,,0.0,0.9,88.0,0.0,0,29.8,0.99,10440.0,4.69,1457.0,1.56
F666D60A-75B1-428D-A08C-B318AA253AFC,9BWAH5BZ6KP538191,App2Car,2026-08-12T17:01:58.041572,2026-08-12T17:01:03.030472,13.73,37.0,,95.0,1782.0,36.0,2.5635690307617187,8.174800415039062,4.697531433105469,9.770672933130928,-5.8436598446222305,-35.19999511180405,,8.0,48.0,,30.0,63.14,,1685.54,,,1,Gasolina,,,0.0,0.9333333333333333,88.0,0.0,0,29.8,1.0,10440.0,4.69,1457.0,1.56
F666D60A-75B1-428D-A08C-B318AA253AFC,9BWAH5BZ6KP538191,App2Car,2026-08-12T17:01:59.041468,2026-08-12T17:01:03.030472,13.73,35.0,,94.0,1869.0,36.0,0.42586441040039064,8.669072570800783,6.0730210876464845,10.59319427108061,-5.843652192491623,-35.200084081392376,,11.0,48.0,,29.0,63.14,,1662.1100000000001,,,1,Gasolina,,,0.0,0.9,88.0,0.0,0,29.8,0.99,10440.0,4.69,1457.0,1.56
F666D60A-75B1-428D-A08C-B318AA253AFC,9BWAH5BZ6KP538191,App2Car,2026-08-12T17:02:00.041092,2026-08-12T17:01:03.030472,13.73,33.0,,92.0,1869.0,39.0,1.6281642150878908,8.175548858642578,5.554948425292969,10.017383383848777,-5.843641460403426,-35.20017739081963,,12.0,48.0,,27.0,63.14,,1644.84,,,1,Gasolina,,,0.0,1.0,88.0,0.0,0,29.8,1.0,10440.0,4.69,1457.0,1.56
F666D60A-75B1-428D-A08C-B318AA253AFC,9BWAH5BZ6KP538191,App2Car,2026-08-12T17:02:01.041427,2026-08-12T17:01:03.030472,13.73,31.0,,92.0,1948.0,40.0,1.648671569824219,7.589966583251954,6.646628265380859,10.222689371109139,-5.843626048562228,-35.20027649110301,,12.5,48.0,,25.0,63.14,,1579.04,,,1,Gasolina,,,0.0,1.0,88.0,0.0,0,29.8,1.0,10440.0,4.69,1457.0,1.56
F666D60A-75B1-428D-A08C-B318AA253AFC,9BWAH5BZ6KP538191,App2Car,2026-08-12T17:02:02.041470,2026-08-12T17:01:03.030472,13.73,31.0,,89.0,1999.0,41.0,0.7313790893554688,6.916217651367188,6.414161682128906,9.460996356511307,-5.843608570961994,-35.200378834356194,,14.0,48.0,,25.0,63.14,,1579.04,,,1,Gasolina,,,0.0,0.9333333333333333,88.0,0.0,0,29.8,1.0,10440.0,4.69,1457.0,1.56
F666D60A-75B1-428D-A08C-B318AA253AFC,9BWAH5BZ6KP538191,App2Car,2026-08-12T17:02:03.041850,2026-08-12T17:01:03.030472,13.73,32.0,,89.0,2033.0,41.0,0.8068222045898438,7.618108062744141,6.604416046142578,10.114585697694793,-5.84359454596201,-35.200480191261654,,14.0,48.0,,25.0,63.14,,1642.135,,,1,Gasolina,,,0.0,0.9333333333333333,88.0,0.0,0,29.8,1.0,10440.0,4.69,1457.0,1.56
F666D60A-75B1-428D-A08C-B318AA253AFC,9BWAH5BZ6KP538191,App2Car,2026-08-12T17:02:04.041231,2026-08-12T17:01:03.030472,13.73,32.0,,89.0,2033.0,41.0,1.2350816345214843,7.51796630859375,5.876180419921876,9.62157681404437,-5.8435808659461035,-35.2005845704195,,14.0,48.0,,25.0,63.14,,1642.135,,,1,Gasolina,,,0.0,0.9333333333333333,87.0,0.0,0,29.8,1.0,10440.0,3.13,1516.0,-3.13
F666D60A-75B1-428D-A08C-B318AA253AFC,9BWAH5BZ6KP538191,App2Car,2026-08-12T17:02:05.041837,2026-08-12T17:01:03.030472,13.72,30.0,,87.0,2033.0,41.0,1.3229489135742187,7.576195220947266,6.530469818115234,10.089398589566448,-5.843567958523426,-35.200689943816705,,14.0,48.0,,25.0,63.14,,1609.215,,,0,Gasolina,,,0.0,0.9333333333333333,87.0,0.0,0,29.8,1.0,19200.0,3.13,1516.0,-3.13
F666D60A-75B1-428D-A08C-B318AA253AFC,9BWAH5BZ6KP538191,App2Car,2026-08-12T17:02:06.040514,2026-08-12T17:01:03.030472,13.72,28.0,,87.0,2088.0,43.0,0.21195922851562501,6.549779663085938,5.404211883544922,8.494118343405349,-5.843556380802848,-35.20079542804661,,15.5,48.0,,24.0,63.14,,1593.24,,,0,Gasolina,,,0.0,0.8666666666666667,87.0,0.0,0,29.8,1.0,19200.0,3.13,1516.0,-3.13
F666D60A-75B1-428D-A08C-B318AA253AFC,9BWAH5BZ6KP538191,App2Car,2026-08-12T17:02:07.041659,2026-08-12T17:01:03.030472,13.72,28.0,,84.0,2107.0,43.0,0.7475454711914062,6.876999206542969,6.527625732421876,9.511142939776883,-5.843545607056208,-35.200903555447745,,16.5,48.0,,24.0,63.14,,1593.24,,,0,Gasolina,,,0.0,0.9,87.0,0.0,0,29.8,0.99,19200.0,3.13,1516.0,-3.13
F666D60A-75B1-428D-A08C-B318AA253AFC,9BWAH5BZ6KP538191,App2Car,2026-08-12T17:02:08.040421,2026-08-12T17:01:03.030472,13.72,27.0,,84.0,2123.0,43.0,1.066831512451172,7.539521484375,6.460116119384766,9.985770574434701,-5.84353406407817,-35.20100997147783,,16.5,48.0,,24.0,63.14,,1577.45,,,0,Gasolina,,,0.0,0.9,87.0,0.0,0,29.8,0.99,19200.0,3.13,1516.0,-3.13
F666D60A-75B1-428D-A08C-B318AA253AFC,9BWAH5BZ6KP538191,App2Car,2026-08-12T17:02:09.041759,2026-08-12T17:01:03.030472,13.72,27.0,,83.0,2134.0,44.0,0.8773255920410157,7.114854583740235,6.609206085205078,9.750510808102897,-5.843524713151445,-35.20111914250706,,16.5,48.0,,24.0,63.14,,1577.45,,,0,Gasolina,,,0.0,0.9,87.0,0.0,0,29.8,0.99,19200.0,3.13,1516.0,-3.13
F666D60A-75B1-428D-A08C-B318AA253AFC,9BWAH5BZ6KP538191,App2Car,2026-08-12T17:02:10.041154,2026-08-12T17:01:03.030472,13.72,27.0,,81.0,2142.0,44.0,1.1373348999023438,7.594157867431641,5.848488006591797,9.652438881094138,-5.843515311350154,-35.20122771758286,,16.5,48.0,,23.0,63.14,,1574.07,,,0,Gasolina,,,0.0,0.8666666666666667,87.0,0.0,0,29.8,1.0,19200.0,3.13,1516.0,-3.13
F666D60A-75B1-428D-A08C-B318AA253AFC,9BWAH5BZ6KP538191,App2Car,2026-08-12T17:02:11.041592,2026-08-12T17:01:03.030472,13.72,25.0,,76.0,2133.0,44.0,0.6851252746582032,7.5646691894531255,5.571563873291016,9.419975614724196,-5.843505672284729,-35.201336809640374,,17.0,48.0,,22.0,63.14,,1497.99,,,0,Gasolina,,,0.0,0.8333333333333334,87.0,0.0,0,29.8,1.0,19200.0,3.13,1516.0,-3.13
F666D60A-75B1-428D-A08C-B318AA253AFC,9BWAH5BZ6KP538191,App2Car,2026-08-12T17:02:12.041473,2026-08-12T17:01:03.030472,13.72,21.0,,68.0,2133.0,43.0,0.5748046875,7.20227279663086,6.8620303344726565,9.964466577648992,-5.843493838028125,-35.2014456332363,,19.5,48.0,,20.0,63.14,,1322.56,,,0,Gasolina,,,0.0,0.8,87.0,0.0,0,29.8,1.0,19200.0,3.13,1516.0,-3.13
F666D60A-75B1-428D-A08C-B318AA253AFC,9BWAH5BZ6KP538191,App2Car,2026-08-12T17:02:13.041572,2026-08-12T17:01:03.030472,13.72,20.0,,68.0,2099.0,43.0,2.030826873779297,7.961793365478516,6.490203552246094,10.470776166809685,-5.843483043773546,-35.20155346950872,,19.5,48.0,,19.0,63.14,,1259.685,,,0,Gasolina,,,0.0,0.8,87.0,0.0,0,29.8,1.0,19200.0,3.13,1516.0,-3.13
F666D60A-75B1-428D-A08C-B318AA253AFC,9BWAH5BZ6KP538191,App2Car,2026-08-12T17:02:14.041358,2026-08-12T17:01:03.030472,13.72,20.0,,66.0,2057.0,42.0,1.7546511840820314,7.600744171142579,6.75919418334961,10.321667439962672,-5.843471338918055,-35.20165983191599,,19.5,48.0,,18.0,63.14,,1226.67,,,0,Gasolina,,,0.0,0.8,87.0,0.0,0,29.8,1.0,19200.0,3.13,1516.0,-3.13
F666D60A-75B1-428D-A08C-B318AA253AFC,9BWAH5BZ6KP538191,App2Car,2026-08-12T17:02:15.041944,2026-08-12T17:01:03.030472,13.72,19.0,,63.0,2014.0,41.0,1.090781707763672,7.415130157470704,6.4939457702636725,9.916919463893452,-5.843458432626332,-35.20176348722464,,19.5,48.0,,18.0,63.14,,1144.2,,,0,Gasolina,,,0.0,0.8,87.0,0.0,0,29.8,1.0,19200.0,3.13,1516.0,-3.13
F666D60A-75B1-428D-A08C-B318AA253AFC,9BWAH5BZ6KP538191,App2Car,2026-08-12T17:02:16.041738,2026-08-12T17:01:03.030472,13.72,16.0,,58.0,1985.0,40.0,1.8365309143066406,7.267686767578125,6.217321014404297,9.738952579563545,-5.843438793083335,-35.20186498481403,,9.5,48.0,,17.0,63.14,,1031.8,,,0,Gasolina,,,0.0,0.8333333333333334,87.0,0.0,0,29.8,0.99,19200.0,3.13,1516.0,-3.13
F666D60A-75B1-428D-A08C-B318AA253AFC,9BWAH5BZ6KP538191,App2Car,2026-08-12T17:02:17.040745,2026-08-12T17:01:03.030472,13.72,13.0,,38.0,1909.0,39.0,1.9208056640625002,7.4007600402832034,6.095175018310547,9.77813387496736,-5.843414827548689,-35.20196453107059,,9.5,48.0,,17.0,63.14,,976.525,,,0,Gasolina,,,0.0,0.8333333333333334,87.0,0.0,0,29.8,0.99,19200.0,3.13,1516.0,-3.13
F666D60A-75B1-428D-A08C-B318AA253AFC,9BWAH5BZ6KP538191,App2Car,2026-08-12T17:02:18.041493,2026-08-12T17:01:03.030472,13.72,7.0,,28.0,1838.0,39.0,1.4266831970214844,7.028484191894532,5.432503051757813,8.997060874959818,-5.843386583157651,-35.20206124655673,,-4.0,48.0,,14.0,63.14,,761.0699999999999,,,0,Gasolina,,,0.0,0.9666666666666667,87.0,0.0,0,29.8,1.0,19200.0,3.13,1516.0,-3.13
F666D60A-75B1-428D-A08C-B318AA253AFC,9BWAH5BZ6KP538191,App2Car,2026-08-12T17:02:19.041683,2026-08-12T17:01:03.030472,13.72,8.0,,28.0,1838.0,37.0,1.6856446838378907,6.779851226806641,6.62267807006836,9.626403558834776,-5.843352405221772,-35.2021519090238,,12.5,48.0,,15.0,63.14,,751.05,,,0,Gasolina,,,0.0,1.0,87.0,0.0,0,29.8,1.0,19200.0,3.13,1516.0,-3.13
F666D60A-75B1-428D-A08C-B318AA253AFC,9BWAH5BZ6KP538191,App2Car,2026-08-12T17:02:20.041518,2026-08-12T17:01:03.030472,13.72,8.0,,28.0,1768.0,36.0,1.0157876586914063,6.536906433105469,7.209308166503907,9.784533434065487,-5.843313386836771,-35.20223655405753,,-3.0,48.0,,14.0,63.14,,696.96,,,0,Gasolina,,,0.0,0.9666666666666667,87.0,0.0,0,29.8,1.0,19200.0,3.13,1516.0,-3.13
F666D60A-75B1-428D-A08C-B318AA253AFC,9BWAH5BZ6KP538191,App2Car,2026-08-12T17:02:21.041192,2026-08-12T17:01:03.030472,13.72,8.0,,27.0,1695.0,35.0,1.0087522888183593,6.716532897949219,5.934708709716797,9.019432510896616,-5.8432713394889815,-35.20231767005622,,19.5,48.0,,14.0,63.14,,696.96,,,0,Gasolina,,,0.0,0.9666666666666667,87.0,0.0,0,29.8,0.99,19200.0,3.13,1516.0,-3.13
F666D60A-75B1-428D-A08C-B318AA253AFC,9BWAH5BZ6KP538191,App2Car,2026-08-12T17:02:22.041789,2026-08-12T17:01:03.030472,13.72,8.0,,30.0,1703.0,35.0,1.640438690185547,6.949448547363281,6.853647766113282,9.897391672084968,-5.843226814308731,-35.202392710016944,,20.0,48.0,,14.0,63.14,,696.96,,,0,Gasolina,,,0.0,0.9666666666666667,87.0,0.0,0,29.8,0.99,19200.0,3.13,1516.0,-3.13
F666D60A-75B1-428D-A08C-B318AA253AFC,9BWAH5BZ6KP538191,App2Car,2026-08-12T17:02:23.041926,2026-08-12T17:01:03.030472,13.72,8.0,,30.0,1709.0,35.0,1.495689697265625,6.874753875732422,7.133715362548829,10.019442269720889,-5.843179072180431,-35.202466390792196,,20.0,48.0,,14.0,63.14,,696.96,,,0,Gasolina,,,0.0,0.9666666666666667,87.0,0.0,0,29.8,0.99,19200.0,3.13,1516.0,-3.13
F666D60A-75B1-428D-A08C-B318AA253AFC,9BWAH5BZ6KP538191,App2Car,2026-08-12T17:02:24.041538,2026-08-12T17:01:03.030472,13.72,8.0,,30.0,1739.0,35.0,1.304237823486328,6.600075073242188,7.120093688964844,9.795803255082363,-5.84312651455191,-35.20253794486752,,18.0,48.0,,15.0,63.14,,689.9350000000001,,,0,Gasolina,,,0.0,0.9666666666666667,87.0,0.0,0,29.8,1.0,19200.0,3.13,1516.0,-3.13
F666D60A-75B1-428D-A08C-B318AA253AFC,9BWAH5BZ6KP538191,App2Car,2026-08-12T17:02:25.041852,2026-08-12T17:01:03.030472,13.72,7.0,,29.0,1739.0,36.0,1.4929953002929688,6.825655975341797,6.914122009277344,9.829735378919896,-5.84307219901832,-35.20260859947439,,2.0,48.0,,14.0,63.14,,674.885,,,0,Gasolina,,,0.0,0.9666666666666667,87.0,0.0,0,29.8,1.0,19200.0,3.13,1516.0,-3.13
F666D60A-75B1-428D-A08C-B318AA253AFC,9BWAH5BZ6KP538191,App2Car,2026-08-12T17:02:26.041528,2026-08-12T17:01:03.030472,13.72,7.0,,29.0,1743.0,35.0,1.6923806762695313,6.765331420898438,6.910828857421875,9.818014925868729,-5.843012133437457,-35.20267693894485,,-3.0,48.0,,13.0,63.14,,639.03,,,0,Gasolina,,,0.0,0.9333333333333333,87.0,0.0,0,29.8,0.99,19200.0,3.13,1516.0,-3.13
F666D60A-75B1-428D-A08C-B318AA253AFC,9BWAH5BZ6KP538191,App2Car,2026-08-12T17:02:27.040321,2026-08-12T17:01:03.030472,13.72,7.0,,27.0,1724.0,35.0,1.992506561279297,6.449338531494141,7.807164916992188,10.320652786121123,-5.84294731452724,-35.20274009519041,,-3.0,48.0,,13.0,63.14,,639.03,,,0,Gasolina,,,0.0,0.9333333333333333,87.0,0.0,0,29.8,0.99,19200.0,3.13,1516.0,-3.13
F666D60A-75B1-428D-A08C-B318AA253AFC,9BWAH5BZ6KP538191,App2Car,2026-08-12T17:02:28.041074,2026-08-12T17:01:03.030472,13.72,7.0,,28.0,1695.0,34.0,2.098935241699219,5.284610595703125,8.953930206298828,10.606861196241576,-5.8428804322763686,-35.202800578981744,,-4.5,48.0,,13.0,63.14,,639.03,,,0,Gasolina,,,0.0,0.9333333333333333,87.0,0.0,0,29.8,0.98,19200.0,3.13,1516.0,-3.13
F666D60A-75B1-428D-A08C-B318AA253AFC,9BWAH5BZ6KP538191,App2Car,2026-08-12T17:02:29.040733,2026-08-12T17:01:03.030472,13.72,7.0,,27.0,1523.0,30.0,1.8925144958496094,5.123395843505859,8.102949829101563,9.771826442338764,-5.842812219677648,-35.20285711359652,,-8.5,48.0,,13.0,63.14,,639.03,,,0,Gasolina,,,0.0,0.9666666666666667,87.0,0.0,0,29.8,0.98,19200.0,3.13,1516.0,-3.13
F666D60A-75B1-428D-A08C-B318AA253AFC,9BWAH5BZ6KP538191,App2Car,2026-08-12T17:02:30.041320,2026-08-12T17:01:03.030472,13.72,7.0,,27.0,1264.0,24.0,1.9582278442382814,4.0109092712402346,9.22516616821289,10.24820668718243,-5.842746290644234,-35.202903432751974,,-8.5,48.0,,13.0,63.14,,639.03,,,0,Gasolina,,,0.0,0.9333333333333333,87.0,0.0,0,29.8,0.98,19200.0,3.13,1516.0,-3.13
F666D60A-75B1-428D-A08C-B318AA253AFC,9BWAH5BZ6KP538191,App2Car,2026-08-12T17:02:31.041477,2026-08-12T17:01:03.030472,13.72,8.0,,29.0,1205.0,24.0,1.1804452514648438,5.898034973144531,7.469616851806641,9.590382862479247,-5.842689069779511,-35.202939384028106,,24.5,48.0,,13.0,63.14,,410.24,,,0,Gasolina,,,0.0,0.9666666666666667,87.0,0.0,0,29.8,0.99,19200.0,3.13,1516.0,-3.13
F666D60A-75B1-428D-A08C-B318AA253AFC,9BWAH5BZ6KP538191,App2Car,2026-08-12T17:02:32.041322,2026-08-12T17:01:03.030472,13.72,6.0,,49.0,1205.0,18.0,-0.4278103637695313,7.243886260986328,8.02660858154297,10.820506235419595,-5.842644842584893,-35.20296701743287,,-1.0,48.0,,13.0,63.14,,300.6,,,0,Gasolina,,,0.0,0.8333333333333334,87.0,0.0,0,29.8,0.95,19200.0,3.13,1516.0,-3.13
F666D60A-75B1-428D-A08C-B318AA253AFC,9BWAH5BZ6KP538191,App2Car,2026-08-12T17:02:33.041220,2026-08-12T17:01:03.030472,13.72,26.0,,49.0,1334.0,18.0,1.447639617919922,7.649692382812501,5.093458099365234,9.303589061486983,-5.842609799257036,-35.20298569469733,,-12.0,48.0,,21.0,63.14,,755.4799999999999,,,0,Gasolina,,,0.0,0.6,87.0,0.0,0,29.8,0.99,19200.0,3.13,1516.0,-3.13
F666D60A-75B1-428D-A08C-B318AA253AFC,9BWAH5BZ6KP538191,App2Car,2026-08-12T17:02:34.041606,2026-08-12T17:01:03.030472,13.72,26.0,,71.0,1750.0,20.0,0.41463775634765626,7.840395812988282,4.8490164184570315,9.228038318070588,-5.842569468242456,-35.20300849833515,,15.0,48.0,,21.0,63.14,,755.4799999999999,,,0,Gasolina,,,0.0,0.9333333333333333,87.0,0.0,0,29.8,1.0,19200.0,3.13,1516.0,-3.13
F666D60A-75B1-428D-A08C-B318AA253AFC,9BWAH5BZ6KP538191,App2Car,2026-08-12T17:02:35.041464,2026-08-12T17:01:03.030472,13.72,25.0,,75.0,1987.0,24.0,0.29219238281250004,8.764274597167969,3.926035766601563,9.607894797705278,-5.842521060778341,-35.20303355357183,,18.0,48.0,,21.0,63.14,,866.25,,,0,Gasolina,,,0.0,0.8666666666666667,87.0,0.0,0,29.8,1.0,19200.0,3.13,1516.0,-3.13
F666D60A-75B1-428D-A08C-B318AA253AFC,9BWAH5BZ6KP538191,App2Car,2026-08-12T17:02:36.041063,2026-08-12T17:01:03.030472,13.72,24.0,,74.0,2207.0,26.0,0.8264314270019532,9.101672973632812,4.427792358398437,10.155234364188058,-5.842469311912442,-35.20305945948615,,20.0,48.0,,21.0,63.14,,980.8800000000001,,,0,Gasolina,,,0.0,0.8,87.0,0.0,0,29.8,1.0,19200.0,3.13,1516.0,-3.13
F666D60A-75B1-428D-A08C-B318AA253AFC,9BWAH5BZ6KP538191,App2Car,2026-08-12T17:02:37.041670,2026-08-12T17:01:03.030472,13.72,20.0,,62.0,2338.0,29.0,1.1741583251953125,9.096134490966797,4.375850372314454,10.162006540603375,-5.8424090195402,-35.20309299647919,,20.0,48.0,,20.0,63.14,,967.6100000000001,,,0,Gasolina,,,0.0,0.7666666666666667,87.0,0.0,0,29.8,1.0,19200.0,3.13,1516.0,-3.13
F666D60A-75B1-428D-A08C-B318AA253AFC,9BWAH5BZ6KP538191,App2Car,2026-08-12T17:02:38.040426,2026-08-12T17:01:03.030472,13.72,25.0,,80.0,1668.0,29.0,0.6400689697265626,8.707991638183595,4.648583221435547,9.891821501790979,-5.842343982498283,-35.20312674268134,,4.5,48.0,,21.0,63.14,,1198.26,,,0,Gasolina,,,0.0,0.8666666666666667,87.0,0.0,0,29.8,1.0,19200.0,3.13,1516.0,-3.13
F666D60A-75B1-428D-A08C-B318AA253AFC,9BWAH5BZ6KP538191,App2Car,2026-08-12T17:02:39.041237,2026-08-12T17:01:03.030472,13.72,26.0,,81.0,1668.0,31.0,0.9720785522460939,8.43855194091797,6.042035522460938,10.424024598301134,-5.842276585521232,-35.20316200164944,,15.0,48.0,,22.0,63.14,,1102.3799999999999,,,0,Gasolina,,,0.0,0.9333333333333333,87.0,0.0,0,29.8,0.99,19200.0,3.13,1516.0,-3.13
F666D60A-75B1-428D-A08C-B318AA253AFC,9BWAH5BZ6KP538191,App2Car,2026-08-12T17:02:40.041552,2026-08-12T17:01:03.030472,13.72,25.0,,81.0,1648.0,33.0,0.0016465759277343752,7.652386779785156,5.9074653625488285,9.667325025484407,-5.842204710586699,-35.203199556841,,15.0,48.0,,22.0,63.14,,1115.92,,,0,Gasolina,,,0.0,0.9,87.0,0.0,0,29.8,1.0,19200.0,3.13,1516.0,-3.13
F666D60A-75B1-428D-A08C-B318AA253AFC,9BWAH5BZ6KP538191,App2Car,2026-08-12T17:02:41.040913,2026-08-12T17:01:03.030472,13.72,25.0,,78.0,1704.0,35.0,0.6550378417968751,8.007149047851563,6.215375061035156,10.157479884205229,-5.8421289840117305,-35.20323935562964,,15.5,48.0,,20.0,63.14,,1111.2,,,0,Gasolina,,,0.0,0.8666666666666667,87.0,0.0,0,29.8,1.0,19200.0,3.13,1516.0,-3.13
F666D60A-75B1-428D-A08C-B318AA253AFC,9BWAH5BZ6KP538191,App2Car,2026-08-12T17:02:42.040925,2026-08-12T17:01:03.030472,13.72,23.0,,65.0,1778.0,36.0,0.130528564453125,7.296277313232422,6.5677423095703125,9.81773596012076,-5.842048579951382,-35.20328056847806,,18.0,48.0,,20.0,63.14,,1074.16,,,0,Gasolina,,,0.0,0.8,87.0,0.0,0,29.8,1.0,19200.0,3.13,1516.0,-3.13
F666D60A-75B1-428D-A08C-B318AA253AFC,9BWAH5BZ6KP538191,App2Car,2026-08-12T17:02:43.040917,2026-08-12T17:01:03.030472,13.72,18.0,,56.0,1832.0,37.0,0.5249583435058593,7.7918966674804695,6.161337432861329,9.947427501655284,-5.841966072272555,-35.203323489061226,,18.5,48.0,,18.0,63.14,,966.06,,,0,Gasolina,,,0.0,0.8333333333333334,87.0,0.0,0,29.8,1.0,19200.0,3.13,1516.0,-3.13
F666D60A-75B1-428D-A08C-B318AA253AFC,9BWAH5BZ6KP538191,App2Car,2026-08-12T17:02:44.041560,2026-08-12T17:01:03.030472,13.72,18.0,,56.0,1865.0,38.0,2.1969813537597656,7.249873809814454,7.270979919433594,10.500216488997177,-5.841881859432796,-35.203368137238996,,18.5,48.0,,18.0,63.14,,966.06,,,0,Gasolina,,,0.0,0.8333333333333334,87.0,0.0,0,29.8,1.0,19200.0,3.13,1516.0,-3.13
F666D60A-75B1-428D-A08C-B318AA253AFC,9BWAH5BZ6KP538191,App2Car,2026-08-12T17:02:45.041810,2026-08-12T17:01:03.030472,13.72,17.0,,54.0,1907.0,38.0,-5.11815673828125,7.189100189208984,4.381837921142578,9.85287742211693,-5.841796842174453,-35.20341277564688,,18.5,48.0,,18.0,63.14,,1007.8749999999999,,,0,Gasolina,,,0.0,0.8333333333333334,87.0,0.0,0,29.8,0.99,19200.0,3.13,1516.0,-3.13
F666D60A-75B1-428D-A08C-B318AA253AFC,9BWAH5BZ6KP538191,App2Car,2026-08-12T17:02:46.040988,2026-08-12T17:01:03.030472,13.72,21.0,,70.0,1907.0,39.0,-2.2122496032714847,7.929310913085938,3.5842964172363283,8.978596809645245,-5.841712124533364,-35.20345871113532,,-7.0,48.0,,19.0,63.14,,1142.1,,,0,Gasolina,,,0.0,0.8,87.0,0.0,0,29.8,0.99,19200.0,3.13,1516.0,-3.13
F666D60A-75B1-428D-A08C-B318AA253AFC,9BWAH5BZ6KP538191,App2Car,2026-08-12T17:02:47.041577,2026-08-12T17:01:03.030472,13.72,11.0,,70.0,1432.0,40.0,-1.150806884765625,8.202492828369142,5.352419586181641,9.86172604121672,-5.841622669086445,-35.20350702044323,,0.0,48.0,,15.0,63.14,,747.66,,,0,Gasolina,,,0.0,0.7,87.0,0.0,0,29.8,1.0,19200.0,3.13,1516.0,-3.13
F666D60A-75B1-428D-A08C-B318AA253AFC,9BWAH5BZ6KP538191,App2Car,2026-08-12T17:02:48.040204,2026-08-12T17:01:03.030472,13.72,11.0,,35.0,1426.0,40.0,-1.6040643310546876,8.193511505126953,5.363945617675782,9.923636720083666,-5.84153289779202,-35.20355435385237,,15.5,48.0,,14.0,63.14,,747.66,,,0,Gasolina,,,0.0,0.9333333333333333,87.0,0.0,0,29.8,1.0,19200.0,3.13,1516.0,-3.13
F666D60A-75B1-428D-A08C-B318AA253AFC,9BWAH5BZ6KP538191,App2Car,2026-08-12T17:02:49.041657,2026-08-12T17:01:03.030472,13.72,13.0,,51.0,1463.0,40.0,-1.0505154418945313,8.508606262207032,5.481451263427735,10.175768824627507,-5.84144140852964,-35.2036002243132,,12.0,48.0,,14.0,63.14,,748.8900000000001,,,0,Gasolina,,,0.0,0.9,87.0,0.0,0,29.8,1.0,19200.0,3.13,1516.0,-3.13
F666D60A-75B1-428D-A08C-B318AA253AFC,9BWAH5BZ6KP538191,App2Car,2026-08-12T17:02:50.040775,2026-08-12T17:01:03.030472,13.72,20.0,,61.0,1463.0,41.0,-1.749561767578125,7.755971374511719,4.9124844360351565,9.346045242513219,-5.841350742527561,-35.203648053877885,,13.5,48.0,,18.0,63.14,,995.2149999999999,,,0,Gasolina,,,0.0,0.8666666666666667,87.0,0.0,0,29.8,1.0,19200.0,3.13,1516.0,-3.13
F666D60A-75B1-428D-A08C-B318AA253AFC,9BWAH5BZ6KP538191,App2Car,2026-08-12T17:02:51.041063,2026-08-12T17:01:03.030472,13.72,22.0,,72.0,1494.0,42.0,-0.8672964477539062,8.653504943847656,5.421725463867188,10.248436853834258,-5.841259144025596,-35.203694007494086,,13.5,48.0,,19.0,63.14,,1086.08,,,0,Gasolina,,,0.0,0.9,87.0,0.0,0,29.8,1.0,19200.0,3.13,1516.0,-3.13
F666D60A-75B1-428D-A08C-B318AA253AFC,9BWAH5BZ6KP538191,App2Car,2026-08-12T17:02:52.041068,2026-08-12T17:01:03.030472,13.72,22.0,,75.0,1535.0,42.0,-1.7012123107910158,8.010891265869141,5.409750366210938,9.814983506083175,-5.841165787742619,-35.203742358697816,,16.5,48.0,,19.0,63.14,,1086.08,,,0,Gasolina,,,0.0,0.9,87.0,0.0,0,29.8,1.0,19200.0,3.13,1516.0,-3.13
F666D60A-75B1-428D-A08C-B318AA253AFC,9BWAH5BZ6KP538191,App2Car,2026-08-12T17:02:53.041615,2026-08-12T17:01:03.030472,13.72,25.0,,84.0,1535.0,43.0,-1.7778529357910158,8.689879302978516,6.2222607421875,10.834726212756964,-5.841070374815932,-35.20379182929451,,14.0,48.0,,21.0,63.14,,1235.9,,,0,Gasolina,,,0.0,0.9,87.0,0.0,0,29.8,1.0,19200.0,3.13,1516.0,-3.13
F666D60A-75B1-428D-A08C-B318AA253AFC,9BWAH5BZ6KP538191,App2Car,2026-08-12T17:02:54.041511,2026-08-12T17:01:03.030472,13.72,25.0,,84.0,1582.0,44.0,-2.222278747558594,8.108338623046876,4.984335021972656,9.773805485536709,-5.840972500576762,-35.20384289564292,,14.0,48.0,,21.0,63.14,,1235.9,,,0,Gasolina,,,0.0,0.9,87.0,0.0,0,29.8,1.0,19200.0,3.13,1516.0,-3.13
F666D60A-75B1-428D-A08C-B318AA253AFC,9BWAH5BZ6KP538191,App2Car,2026-08-12T17:02:55.041687,2026-08-12T17:01:03.030472,13.72,25.0,,79.0,1620.0,45.0,-1.8040484619140627,7.548053741455078,5.164560241699219,9.322037793689146,-5.840872727072998,-35.2038952308626,,15.5,48.0,,20.0,63.14,,1267.0,,,0,Gasolina,,,0.0,0.8666666666666667,87.0,0.0,0,29.8,1.0,19200.0,3.13,1516.0,-3.13
F666D60A-75B1-428D-A08C-B318AA253AFC,9BWAH5BZ6KP538191,App2Car,2026-08-12T17:02:56.040913,2026-08-12T17:01:03.030472,13.72,23.0,,72.0,1646.0,46.0,-1.8006056213378907,8.631650390625001,5.241350555419922,10.257647133449808,-5.840770688122121,-35.203949337875336,,17.0,48.0,,20.0,63.14,,1230.8,,,0,Gasolina,,,0.0,0.7666666666666667,87.0,0.0,0,29.8,1.0,19200.0,3.13,1516.0,-3.13
F666D60A-75B1-428D-A08C-B318AA253AFC,9BWAH5BZ6KP538191,App2Car,2026-08-12T17:02:57.041089,2026-08-12T17:01:03.030472,13.72,20.0,,59.0,1661.0,46.0,-1.9657122802734377,7.716453552246094,4.683460693359375,9.238099602138496,-5.840667613582042,-35.20400365457595,,17.0,48.0,,19.0,63.14,,1170.18,,,0,Gasolina,,,0.0,0.7666666666666667,87.0,0.0,0,29.8,1.0,19200.0,3.13,1516.0,-3.13
F666D60A-75B1-428D-A08C-B318AA253AFC,9BWAH5BZ6KP538191,App2Car,2026-08-12T17:02:58.041101,2026-08-12T17:01:03.030472,13.72,18.0,,57.0,1667.0,46.0,-2.337389373779297,7.749235382080078,5.431604919433594,9.747634076654364,-5.840562788020124,-35.204057444942094,,17.0,48.0,,18.0,63.14,,1107.52,,,0,Gasolina,,,0.0,0.8,87.0,0.0,0,29.8,1.0,19200.0,3.13,1516.0,-3.13
F666D60A-75B1-428D-A08C-B318AA253AFC,9BWAH5BZ6KP538191,App2Car,2026-08-12T17:02:59.040847,2026-08-12T17:01:03.030472,13.72,18.0,,56.0,1659.0,46.0,-1.1102412414550782,7.720195770263672,4.6147535705566405,9.062560833582861,-5.840458610754134,-35.20411107373442,,17.0,48.0,,18.0,63.14,,1107.52,,,0,Gasolina,,,0.0,0.7333333333333333,87.0,0.0,0,29.8,1.0,19200.0,3.13,1516.0,-3.13
F666D60A-75B1-428D-A08C-B318AA253AFC,9BWAH5BZ6KP538191,App2Car,2026-08-12T17:03:00.041258,2026-08-12T17:01:03.030472,13.72,18.0,,57.0,1659.0,46.0,-3.1784902954101564,7.636370086669922,5.086273040771484,9.710155616872603,-5.840353420718367,-35.20416466727202,,17.0,48.0,,18.0,63.14,,1107.52,,,0,Gasolina,,,0.0,0.8,87.0,0.0,0,29.8,1.0,19200.0,3.13,1516.0,-3.13
F666D60A-75B1-428D-A08C-B318AA253AFC,9BWAH5BZ6KP538191,App2Car,2026-08-12T17:03:01.041583,2026-08-12T17:01:03.030472,13.72,18.0,,57.0,1654.0,46.0,-2.386487274169922,7.99741928100586,5.533243560791016,10.013531892844528,-5.840248976479417,-35.20421849105824,,17.0,48.0,,18.0,63.14,,1107.52,,,0,Gasolina,,,0.0,0.8,87.0,0.0,0,29.8,1.0,19200.0,3.13,1516.0,-3.13
F666D60A-75B1-428D-A08C-B318AA253AFC,9BWAH5BZ6KP538191,App2Car,2026-08-12T17:03:02.041115,2026-08-12T17:01:03.030472,13.72,18.0,,57.0,1667.0,46.0,-2.040556640625,8.070467376708985,5.771248626708985,10.129344785987549,-5.840145036405244,-35.20427316062379,,17.0,48.0,,18.0,63.14,,1107.52,,,0,Gasolina,,,0.0,0.8,87.0,0.0,0,29.8,1.0,19200.0,3.13,1516.0,-3.13
F666D60A-75B1-428D-A08C-B318AA253AFC,9BWAH5BZ6KP538191,App2Car,2026-08-12T17:03:03.040090,2026-08-12T17:01:03.030472,13.72,18.0,,58.0,1669.0,47.0,-2.464325408935547,7.2160441589355475,5.118755493164063,9.183999718185452,-5.840040939519572,-35.20432845182669,,17.0,48.0,,18.0,63.14,,1127.425,,,0,Gasolina,,,0.0,0.7666666666666667,87.0,0.0,0,29.8,1.0,19200.0,3.13,1516.0,-3.13
F666D60A-75B1-428D-A08C-B318AA253AFC,9BWAH5BZ6KP538191,App2Car,2026-08-12T17:03:04.041704,2026-08-12T17:01:03.030472,13.72,18.0,,58.0,1669.0,47.0,-2.836900634765625,7.013215942382812,5.627846832275391,9.428990562810963,-5.839936182843059,-35.204382626685465,,17.0,48.0,,18.0,63.14,,1127.425,,,0,Gasolina,,,0.0,0.7666666666666667,87.0,0.0,0,29.8,1.0,17860.0,3.91,1576.0,-0.78
F666D60A-75B1-428D-A08C-B318AA253AFC,9BWAH5BZ6KP538191,App2Car,2026-08-12T17:03:05.041741,2026-08-12T17:01:03.030472,13.71,24.0,,77.0,1669.0,47.0,-3.2192056274414065,7.870632934570313,5.5112393188476565,10.133306789597643,-5.839831068538425,-35.20443778524586,,17.0,48.0,,19.0,63.14,,1266.9950000000001,,,0,Gasolina,,,0.0,0.7666666666666667,87.0,0.0,0,29.8,1.0,17860.0,3.91,1576.0,-0.78
F666D60A-75B1-428D-A08C-B318AA253AFC,9BWAH5BZ6KP538191,App2Car,2026-08-12T17:03:06.040527,2026-08-12T17:01:03.030472,13.71,24.0,,77.0,1705.0,48.0,-2.7128086853027344,8.249644775390625,5.9339602661132815,10.517977672679999,-5.839724592232774,-35.20449429596579,,15.5,48.0,,21.0,63.14,,1297.8000000000002,,,0,Gasolina,,,0.0,0.7666666666666667,87.0,0.0,0,29.8,1.0,17860.0,3.91,1576.0,-0.78
F666D60A-75B1-428D-A08C-B318AA253AFC,9BWAH5BZ6KP538191,App2Car,2026-08-12T17:03:07.041611,2026-08-12T17:01:03.030472,13.71,25.0,,78.0,1722.0,48.0,-2.407892761230469,7.691904602050782,5.224435729980469,9.605106592502379,-5.839617369106043,-35.204549660321,,15.5,48.0,,21.0,63.14,,1388.825,,,0,Gasolina,,,0.0,0.8333333333333334,87.0,0.0,0,29.8,1.0,17860.0,3.91,1576.0,-0.78
F666D60A-75B1-428D-A08C-B318AA253AFC,9BWAH5BZ6KP538191,App2Car,2026-08-12T17:03:08.041210,2026-08-12T17:01:03.030472,13.71,25.0,,81.0,1726.0,48.0,-2.77582763671875,7.68561767578125,5.083878021240235,9.623915723960923,-5.839509615238035,-35.204605643873954,,15.0,48.0,,21.0,63.14,,1388.825,,,0,Gasolina,,,0.0,0.9,87.0,0.0,0,29.8,1.0,17860.0,3.91,1576.0,-0.78
F666D60A-75B1-428D-A08C-B318AA253AFC,9BWAH5BZ6KP538191,App2Car,2026-08-12T17:03:09.040546,2026-08-12T17:01:03.030472,13.71,27.0,,84.0,1734.0,48.0,-2.3810984802246096,8.007298736572267,5.011278991699219,9.741631288541242,-5.839401695300709,-35.20466226986582,,15.0,48.0,,22.0,63.14,,1472.25,,,0,Gasolina,,,0.0,0.9,87.0,0.0,0,29.8,1.0,17860.0,3.91,1576.0,-0.78
F666D60A-75B1-428D-A08C-B318AA253AFC,9BWAH5BZ6KP538191,App2Car,2026-08-12T17:03:10.041168,2026-08-12T17:01:03.030472,13.71,30.0,,90.0,1745.0,48.0,-2.7428961181640625,8.378975830078126,5.9004299926757815,10.608760020593397,-5.839294211832791,-35.20472074161378,,14.0,48.0,,24.0,63.14,,1612.2599999999998,,,0,Gasolina,,,0.0,0.9,87.0,0.0,0,29.8,1.0,17860.0,3.91,1576.0,-0.78
F666D60A-75B1-428D-A08C-B318AA253AFC,9BWAH5BZ6KP538191,App2Car,2026-08-12T17:03:11.041021,2026-08-12T17:01:03.030472,13.71,33.0,,91.0,1745.0,49.0,-2.7761270141601564,7.964787139892579,6.343807983398438,10.55408049584509,-5.839185530446213,-35.20477755818562,,13.5,48.0,,25.0,63.14,,1740.45,,,0,Gasolina,,,0.0,0.8666666666666667,87.0,0.0,0,29.8,1.0,17860.0,3.91,1576.0,-0.78
F666D60A-75B1-428D-A08C-B318AA253AFC,9BWAH5BZ6KP538191,App2Car,2026-08-12T17:03:12.042789,2026-08-12T17:01:03.030472,13.71,32.0,,91.0,1743.0,49.0,-2.312241668701172,8.23737030029297,5.783373413085938,10.327058585764679,-5.839076486357197,-35.20483419625125,,13.5,48.0,,25.0,63.14,,1718.415,,,0,Gasolina,,,0.0,0.8666666666666667,87.0,0.0,0,29.8,1.0,17860.0,3.91,1576.0,-0.78
F666D60A-75B1-428D-A08C-B318AA253AFC,9BWAH5BZ6KP538191,App2Car,2026-08-12T17:03:13.040667,2026-08-12T17:01:03.030472,13.71,32.0,,90.0,1724.0,48.0,1.7013619995117188,4.170327758789063,8.026758270263672,9.20408140980703,-5.838968010396071,-35.20489005092801,,13.5,48.0,,24.0,63.14,,1689.6,,,0,Gasolina,,,0.0,0.9,87.0,0.0,0,29.8,1.0,17860.0,3.91,1576.0,-0.78
F666D60A-75B1-428D-A08C-B318AA253AFC,9BWAH5BZ6KP538191,App2Car,2026-08-12T17:03:14.042411,2026-08-12T17:01:03.030472,13.71,29.0,,80.0,2298.0,46.0,0.2333647155761719,8.69197494506836,4.057761840820313,9.595327961721242,-5.8388608913824465,-35.2049442896481,,20.0,48.0,,24.0,63.14,,1761.75,,,0,Gasolina,,,0.0,0.8333333333333334,87.0,0.0,0,29.8,1.0,17860.0,3.91,1576.0,-0.78
F666D60A-75B1-428D-A08C-B318AA253AFC,9BWAH5BZ6KP538191,App2Car,2026-08-12T17:03:15.043764,2026-08-12T17:01:03.030472,13.71,20.0,,53.0,2222.0,45.0,1.5798147583007813,8.587342529296876,4.2116418457031255,9.69413190659656,-5.838757486060086,-35.20500193925097,,13.5,48.0,,21.0,63.14,,1404.65,,,0,Gasolina,,,0.0,0.8666666666666667,87.0,0.0,0,29.8,1.0,17860.0,3.91,1576.0,-0.78
F666D60A-75B1-428D-A08C-B318AA253AFC,9BWAH5BZ6KP538191,App2Car,2026-08-12T17:03:16.040302,2026-08-12T17:01:03.030472,13.71,15.0,,43.0,2163.0,44.0,2.801873474121094,8.901688842773439,4.588707733154297,10.3993652632673,-5.838654376874191,-35.20505384078248,,13.5,48.0,,18.0,63.14,,1169.0849999999998,,,0,Gasolina,,,0.0,0.9,87.0,0.0,0,29.8,0.99,17860.0,3.91,1576.0,-0.78
F666D60A-75B1-428D-A08C-B318AA253AFC,9BWAH5BZ6KP538191,App2Car,2026-08-12T17:03:17.043034,2026-08-12T17:01:03.030472,13.71,9.0,,27.0,2117.0,44.0,2.920426940917969,9.192683715820314,4.469256134033204,10.630549271224929,-5.8385542967105515,-35.20510348839998,,9.0,48.0,,16.0,63.14,,997.1949999999999,,,0,Gasolina,,,0.0,0.9666666666666667,87.0,0.0,0,29.8,0.99,17860.0,3.91,1576.0,-0.78
F666D60A-75B1-428D-A08C-B318AA253AFC,9BWAH5BZ6KP538191,App2Car,2026-08-12T17:03:18.040609,2026-08-12T17:01:03.030472,13.71,7.0,,29.0,2117.0,43.0,2.768492889404297,8.80064895629883,3.783831481933594,9.971627530867648,-5.838456464536576,-35.205152492212854,,-3.0,48.0,,15.0,63.14,,904.25,,,0,Gasolina,,,0.0,0.9666666666666667,87.0,0.0,0,29.8,1.0,17860.0,3.91,1576.0,-0.78
F666D60A-75B1-428D-A08C-B318AA253AFC,9BWAH5BZ6KP538191,App2Car,2026-08-12T17:03:19.040812,2026-08-12T17:01:03.030472,13.71,8.0,,29.0,2028.0,41.0,2.9174331665039066,7.414681091308594,6.097570037841797,10.033407812563597,-5.838360702480209,-35.205201615583185,,-4.5,48.0,,14.0,63.14,,839.86,,,0,Gasolina,,,0.0,0.9666666666666667,87.0,0.0,0,29.8,1.0,17860.0,3.91,1576.0,-0.78
F666D60A-75B1-428D-A08C-B318AA253AFC,9BWAH5BZ6KP538191,App2Car,2026-08-12T17:03:20.040710,2026-08-12T17:01:03.030472,13.71,8.0,,28.0,1830.0,37.0,3.4706826782226563,6.219266967773438,7.033423919677735,10.00969389658083,-5.838269312891597,-35.205248896454826,,-3.0,48.0,,13.0,63.14,,726.75,,,0,Gasolina,,,0.0,0.9333333333333333,87.0,0.0,0,29.8,0.99,17860.0,3.91,1576.0,-0.78
F666D60A-75B1-428D-A08C-B318AA253AFC,9BWAH5BZ6KP538191,App2Car,2026-08-12T17:03:21.040832,2026-08-12T17:01:03.030472,13.71,7.0,,28.0,1542.0,30.0,3.6550991821289065,6.399791564941407,5.572462005615234,9.239557073254105,-5.838185022765129,-35.205289700276474,,-8.5,48.0,,13.0,63.14,,525.77,,,0,Gasolina,,,0.0,0.9666666666666667,87.0,0.0,0,29.8,0.98,17860.0,3.91,1576.0,-0.78
F666D60A-75B1-428D-A08C-B318AA253AFC,9BWAH5BZ6KP538191,App2Car,2026-08-12T17:03:22.040954,2026-08-12T17:01:03.030472,13.71,7.0,,27.0,1378.0,28.0,4.447251892089844,6.654711456298829,5.4091516113281255,9.660339285585431,-5.838113149727072,-35.20531953701105,,-2.5,48.0,,13.0,63.14,,525.77,,,0,Gasolina,,,0.0,0.9333333333333333,87.0,0.0,0,29.8,0.99,17860.0,3.91,1576.0,-0.78
F666D60A-75B1-428D-A08C-B318AA253AFC,9BWAH5BZ6KP538191,App2Car,2026-08-12T17:03:23.040524,2026-08-12T17:01:03.030472,13.71,6.0,,30.0,1365.0,28.0,3.6416271972656253,7.157515869140625,6.724765777587891,10.474443031697763,-5.838047510136417,-35.20533971351952,,-2.5,48.0,,13.0,63.14,,455.25999999999993,,,0,Gasolina,,,0.0,0.8666666666666667,87.0,0.0,0,29.8,0.99,17860.0,3.91,1576.0,-0.78
F666D60A-75B1-428D-A08C-B318AA253AFC,9BWAH5BZ6KP538191,App2Car,2026-08-12T17:03:24.039977,2026-08-12T17:01:03.030472,13.71,16.0,,51.0,1378.0,28.0,4.872816925048828,8.25129135131836,5.79355224609375,11.197919511123546,-5.837978385197286,-35.20534903913496,,-14.5,48.0,,16.0,63.14,,652.3000000000001,,,0,Gasolina,,,0.0,0.6,87.0,0.0,0,29.8,0.99,17860.0,3.91,1576.0,-0.78
F666D60A-75B1-428D-A08C-B318AA253AFC,9BWAH5BZ6KP538191,App2Car,2026-08-12T17:03:25.041229,2026-08-12T17:01:03.030472,13.71,20.0,,67.0,1378.0,28.0,3.8154158020019535,7.102729797363281,5.386698303222657,9.696529633145062,-5.837908167063652,-35.20534510550152,,12.5,48.0,,18.0,63.14,,762.7199999999999,,,0,Gasolina,,,0.0,0.6333333333333333,87.0,0.0,0,29.8,1.0,17860.0,3.91,1576.0,-0.78
F666D60A-75B1-428D-A08C-B318AA253AFC,9BWAH5BZ6KP538191,App2Car,2026-08-12T17:03:26.040789,2026-08-12T17:01:03.030472,13.71,16.0,,67.0,1381.0,28.0,1.769769744873047,6.8249075317382815,6.380781097412109,9.509248928266501,-5.83783779017537,-35.20533317362369,,15.0,48.0,,16.0,63.14,,655.82,,,0,Gasolina,,,0.0,0.7333333333333333,87.0,0.0,0,29.8,0.99,17860.0,3.91,1576.0,-0.78
F666D60A-75B1-428D-A08C-B318AA253AFC,9BWAH5BZ6KP538191,App2Car,2026-08-12T17:03:27.039996,2026-08-12T17:01:03.030472,13.71,16.0,,52.0,1400.0,29.0,1.443897399902344,6.944508819580078,6.156547393798829,9.392237127477213,-5.837767430596639,-35.20531259528935,,15.5,48.0,,17.0,63.14,,675.0,,,0,Gasolina,,,0.0,0.8,87.0,0.0,0,29.8,0.99,17860.0,3.91,1576.0,-0.78
F666D60A-75B1-428D-A08C-B318AA253AFC,9BWAH5BZ6KP538191,App2Car,2026-08-12T17:03:28.040956,2026-08-12T17:01:03.030472,13.71,14.0,,33.0,1383.0,29.0,1.6956738281250001,7.368876342773438,7.5241035461425785,10.667135625815838,-5.837698186837038,-35.20529313498243,,0.5,48.0,,17.0,63.14,,666.5,,,0,Gasolina,,,0.0,0.7333333333333333,87.0,0.0,0,29.8,0.99,17860.0,3.91,1576.0,-0.78
F666D60A-75B1-428D-A08C-B318AA253AFC,9BWAH5BZ6KP538191,App2Car,2026-08-12T17:03:29.040702,2026-08-12T17:01:03.030472,13.71,7.0,,38.0,1393.0,28.0,0.828527069091797,6.927444305419923,8.46115493774414,10.966635062288924,-5.837625610982814,-35.20528485148642,,29.0,48.0,,14.0,63.14,,488.775,,,0,Gasolina,,,0.0,1.0,87.0,0.0,0,29.8,0.99,17860.0,3.91,1576.0,-0.78
F666D60A-75B1-428D-A08C-B318AA253AFC,9BWAH5BZ6KP538191,App2Car,2026-08-12T17:03:30.041327,2026-08-12T17:01:03.030472,13.71,9.0,,46.0,1427.0,28.0,-0.3986210632324219,6.467450866699219,6.986721038818359,9.528960611708294,-5.837553268659612,-35.20528951963316,,29.0,48.0,,15.0,63.14,,535.2049999999999,,,0,Gasolina,,,0.0,1.0,87.0,0.0,0,29.8,0.99,17860.0,3.91,1576.0,-0.78
F666D60A-75B1-428D-A08C-B318AA253AFC,9BWAH5BZ6KP538191,App2Car,2026-08-12T17:03:31.040897,2026-08-12T17:01:03.030472,13.71,18.0,,55.0,1402.0,28.0,0.41583526611328125,6.793921966552735,7.372618560791016,10.034231365633916,-5.83748698917134,-35.205313409050106,,12.0,48.0,,17.0,63.14,,719.21,,,0,Gasolina,,,0.0,0.8,87.0,0.0,0,29.8,1.0,17860.0,3.91,1576.0,-0.78
F666D60A-75B1-428D-A08C-B318AA253AFC,9BWAH5BZ6KP538191,App2Car,2026-08-12T17:03:32.040952,2026-08-12T17:01:03.030472,13.71,17.0,,54.0,1402.0,29.0,0.13681549072265625,6.715934143066407,7.251370697021485,9.884577223034308,-5.837429923118494,-35.20535708742148,,15.0,48.0,,17.0,63.14,,713.4599999999999,,,0,Gasolina,,,0.0,0.8,87.0,0.0,0,29.8,0.99,17860.0,3.91,1576.0,-0.78
F666D60A-75B1-428D-A08C-B318AA253AFC,9BWAH5BZ6KP538191,App2Car,2026-08-12T17:03:33.041354,2026-08-12T17:01:03.030472,13.71,16.0,,54.0,1435.0,29.0,0.08457412719726563,6.607260131835938,6.776408386230469,9.4648164192294,-5.837388026380174,-35.20541603634802,,15.5,48.0,,16.0,63.14,,682.875,,,0,Gasolina,,,0.0,0.8666666666666667,87.0,0.0,0,29.8,0.99,17860.0,3.91,1576.0,-0.78
F666D60A-75B1-428D-A08C-B318AA253AFC,9BWAH5BZ6KP538191,App2Car,2026-08-12T17:03:34.040832,2026-08-12T17:01:03.030472,13.71,16.0,,52.0,1457.0,29.0,0.89334228515625,6.687343597412109,7.747289428710938,10.273223365648835,-5.837362910217862,-35.20548530556612,,15.5,48.0,,16.0,63.14,,682.875,,,0,Gasolina,,,0.0,0.8666666666666667,87.0,0.0,0,29.8,0.99,17860.0,3.91,1576.0,-0.78
F666D60A-75B1-428D-A08C-B318AA253AFC,9BWAH5BZ6KP538191,App2Car,2026-08-12T17:03:35.041156,2026-08-12T17:01:03.030472,13.71,16.0,,48.0,1479.0,30.0,1.213077392578125,7.306007080078126,8.324189758300781,11.141877370835466,-5.837361683163953,-35.20556169436367,,17.0,48.0,,16.0,63.14,,708.1700000000001,,,0,Gasolina,,,0.0,0.8666666666666667,87.0,0.0,0,29.8,0.99,17860.0,3.91,1576.0,-0.78
F666D60A-75B1-428D-A08C-B318AA253AFC,9BWAH5BZ6KP538191,App2Car,2026-08-12T17:03:36.041141,2026-08-12T17:01:03.030472,13.71,15.0,,46.0,1482.0,30.0,-0.22767654418945313,6.068530426025391,6.76114013671875,9.088009357869257,-5.837383901465394,-35.20563495256798,,17.0,48.0,,16.0,63.14,,692.775,,,0,Gasolina,,,0.0,0.8666666666666667,87.0,0.0,0,29.8,0.99,17860.0,3.91,1576.0,-0.78
F666D60A-75B1-428D-A08C-B318AA253AFC,9BWAH5BZ6KP538191,App2Car,2026-08-12T17:03:37.041289,2026-08-12T17:01:03.030472,13.71,15.0,,46.0,1476.0,30.0,0.4614903259277344,9.59968734741211,4.017196197509766,10.41656545019883,-5.837422207856462,-35.20570081438431,,17.0,48.0,,16.0,63.14,,692.775,,,0,Gasolina,,,0.0,0.8333333333333334,87.0,0.0,0,29.8,0.99,17860.0,3.91,1576.0,-0.78
F666D60A-75B1-428D-A08C-B318AA253AFC,9BWAH5BZ6KP538191,App2Car,2026-08-12T17:03:38.040606,2026-08-12T17:01:03.030472,13.71,18.0,,55.0,1517.0,30.0,-0.06436614990234375,10.450218658447266,4.231550445556641,11.274627806890267,-5.837481242687896,-35.20575137071041,,13.5,48.0,,17.0,63.14,,762.24,,,0,Gasolina,,,0.0,0.9,87.0,0.0,0,29.8,1.0,17860.0,3.91,1576.0,-0.78
F666D60A-75B1-428D-A08C-B318AA253AFC,9BWAH5BZ6KP538191,App2Car,2026-08-12T17:03:39.040938,2026-08-12T17:01:03.030472,13.71,22.0,,70.0,1517.0,31.0,2.0243902587890625,8.79166763305664,5.417234802246094,10.523212845546842,-5.837550685416992,-35.20579105475228,,15.5,48.0,,19.0,63.14,,905.505,,,0,Gasolina,,,0.0,0.8666666666666667,87.0,0.0,0,29.8,1.0,17860.0,3.91,1576.0,-0.78
F666D60A-75B1-428D-A08C-B318AA253AFC,9BWAH5BZ6KP538191,App2Car,2026-08-12T17:03:40.041349,2026-08-12T17:01:03.030472,13.71,20.0,,70.0,1542.0,32.0,2.142195281982422,8.291707305908204,6.0290126037597656,10.47331865500584,-5.8376145859739585,-35.20583511083077,,16.5,48.0,,18.0,63.14,,868.9200000000001,,,0,Gasolina,,,0.0,0.8666666666666667,87.0,0.0,0,29.8,1.0,17860.0,3.91,1576.0,-0.78
F666D60A-75B1-428D-A08C-B318AA253AFC,9BWAH5BZ6KP538191,App2Car,2026-08-12T17:03:41.041040,2026-08-12T17:01:03.030472,13.71,20.0,,66.0,1596.0,33.0,1.9172131347656252,8.124505004882813,5.605393524169922,10.055034775638013,-5.837673450066754,-35.20589084454088,,16.5,48.0,,18.0,63.14,,899.94,,,0,Gasolina,,,0.0,0.8,87.0,0.0,0,29.8,1.0,17860.0,3.91,1576.0,-0.78
F666D60A-75B1-428D-A08C-B318AA253AFC,9BWAH5BZ6KP538191,App2Car,2026-08-12T17:03:42.040803,2026-08-12T17:01:03.030472,13.71,17.0,,40.0,1603.0,32.0,1.8407221984863282,7.45135482788086,5.5604869079589845,9.477866934947285,-5.837718295417989,-35.20595986077235,,-5.5,48.0,,18.0,63.14,,849.0,,,0,Gasolina,,,0.0,0.7666666666666667,87.0,0.0,0,29.8,0.98,17860.0,3.91,1576.0,-0.78
F666D60A-75B1-428D-A08C-B318AA253AFC,9BWAH5BZ6KP538191,App2Car,2026-08-12T17:03:43.041033,2026-08-12T17:01:03.030472,13.71,7.0,,29.0,1553.0,31.0,-0.1754351806640625,6.830895080566407,7.181466064453125,9.912888576959434,-5.837744557538838,-35.206041265163684,,-7.5,48.0,,14.0,63.14,,585.585,,,0,Gasolina,,,0.0,0.9666666666666667,87.0,0.0,0,29.8,1.0,17860.0,3.91,1576.0,-0.78
F666D60A-75B1-428D-A08C-B318AA253AFC,9BWAH5BZ6KP538191,App2Car,2026-08-12T17:03:44.040450,2026-08-12T17:01:03.030472,13.71,7.0,,29.0,1420.0,31.0,0.9654922485351562,6.716383209228516,7.718848571777344,10.27728572966702,-5.837755677174859,-35.20612243954584,,-7.5,48.0,,13.0,63.14,,542.07,,,0,Gasolina,,,0.0,0.9666666666666667,87.0,0.0,0,29.8,0.98,17860.0,3.91,1576.0,-0.78
F666D60A-75B1-428D-A08C-B318AA253AFC,9BWAH5BZ6KP538191,App2Car,2026-08-12T17:03:45.040976,2026-08-12T17:01:03.030472,13.71,6.0,,33.0,1420.0,28.0,0.2710862731933594,6.1453207397460945,7.642657012939454,9.810640192123039,-5.837764566243596,-35.20619775293094,,-13.5,48.0,,13.0,63.14,,462.4,,,0,Gasolina,,,0.0,0.9,87.0,0.0,0,29.8,0.98,17860.0,3.91,1576.0,-0.78
F666D60A-75B1-428D-A08C-B318AA253AFC,9BWAH5BZ6KP538191,App2Car,2026-08-12T17:03:46.040294,2026-08-12T17:01:03.030472,13.71,7.0,,33.0,1067.0,19.0,1.1394305419921875,7.911797332763673,6.027815093994141,10.011463119950777,-5.837773236021603,-35.2062615870154,,-4.5,48.0,,13.0,63.14,,307.71000000000004,,,0,Gasolina,,,0.0,0.9333333333333333,87.0,0.0,0,29.8,0.98,17860.0,3.91,1576.0,-0.78
F666D60A-75B1-428D-A08C-B318AA253AFC,9BWAH5BZ6KP538191,App2Car,2026-08-12T17:03:47.040876,2026-08-12T17:01:03.030472,13.71,7.0,,34.0,1291.0,17.0,0.219144287109375,6.177354125976563,7.380102996826173,9.626715351564883,-5.837778794460178,-35.20630539044806,,-19.0,48.0,,21.0,63.14,,406.92,,,0,Gasolina,,,0.0,0.9333333333333333,87.0,0.0,0,29.8,0.97,17860.0,3.91,1576.0,-0.78
F666D60A-75B1-428D-A08C-B318AA253AFC,9BWAH5BZ6KP538191,App2Car,2026-08-12T17:03:48.040816,2026-08-12T17:01:03.030472,13.71,30.0,,79.0,1654.0,19.0,1.8615289306640626,9.025331726074219,6.157146148681641,11.082975747587211,-5.83778407267362,-35.20634535171742,,11.0,48.0,,21.0,63.14,,796.885,,,0,Gasolina,,,0.0,0.8666666666666667,87.0,0.0,0,29.8,1.0,17860.0,3.91,1576.0,-0.78
F666D60A-75B1-428D-A08C-B318AA253AFC,9BWAH5BZ6KP538191,App2Car,2026-08-12T17:03:49.040918,2026-08-12T17:01:03.030472,13.71,35.0,,92.0,1967.0,22.0,-0.6402186584472657,8.392298126220703,4.440665588378907,9.516304883609191,-5.837789748863197,-35.20639015296379,,12.0,48.0,,26.0,63.14,,1148.58,,,0,Gasolina,,,0.0,0.9666666666666667,87.0,0.0,0,29.8,1.0,17860.0,3.91,1576.0,-0.78
F666D60A-75B1-428D-A08C-B318AA253AFC,9BWAH5BZ6KP538191,App2Car,2026-08-12T17:03:50.041061,2026-08-12T17:01:03.030472,13.71,36.0,,90.0,2258.0,26.0,-0.8181985473632812,7.579937438964844,5.278623046875,9.273012547847017,-5.8377964225737635,-35.2064449222754,,12.0,48.0,,28.0,63.14,,1382.4299999999998,,,0,Gasolina,,,0.0,1.0,87.0,0.0,0,29.8,1.0,17860.0,3.91,1576.0,-0.78
F666D60A-75B1-428D-A08C-B318AA253AFC,9BWAH5BZ6KP538191,App2Car,2026-08-12T17:03:51.040482,2026-08-12T17:01:03.030472,13.71,33.0,,87.0,2293.0,26.0,-0.6117778015136719,8.027207336425782,5.638175354003907,9.82849688522563,-5.837803813560486,-35.20650867083629,,13.5,48.0,,27.0,63.14,,1462.61,,,0,Gasolina,,,0.0,1.0,87.0,0.0,0,29.8,0.99,17860.0,3.91,1576.0,-0.78
F666D60A-75B1-428D-A08C-B318AA253AFC,9BWAH5BZ6KP538191,App2Car,2026-08-12T17:03:52.041130,2026-08-12T17:01:03.030472,13.71,36.0,,93.0,2293.0,29.0,-0.0437091064453125,7.665709075927735,6.450086975097657,10.018414450853564,-5.837813654454656,-35.20658006312429,,6.0,48.0,,26.0,63.14,,1590.2250000000001,,,0,Gasolina,,,0.0,1.0,87.0,0.0,0,29.8,0.98,17860.0,3.91,1576.0,-0.78
F666D60A-75B1-428D-A08C-B318AA253AFC,9BWAH5BZ6KP538191,App2Car,2026-08-12T17:03:53.040764,2026-08-12T17:01:03.030472,13.71,37.0,,93.0,1770.0,32.0,0.21405487060546877,8.037685546875,5.4073553466796875,9.689669771635078,-5.837824851118243,-35.20665737346325,,12.0,48.0,,27.0,63.14,,1542.15,,,0,Gasolina,,,0.0,1.0,87.0,0.0,0,29.8,0.99,17860.0,3.91,1576.0,-0.78
F666D60A-75B1-428D-A08C-B318AA253AFC,9BWAH5BZ6KP538191,App2Car,2026-08-12T17:03:54.041194,2026-08-12T17:01:03.030472,13.71,37.0,,93.0,1758.0,35.0,0.49591873168945316,8.084687805175781,5.307363281250001,9.683812126159783,-5.837835805531612,-35.20674003604432,,12.0,48.0,,27.0,63.14,,1542.15,,,0,Gasolina,,,0.0,1.0,87.0,0.0,0,29.8,1.0,17860.0,3.91,1576.0,-0.78
F666D60A-75B1-428D-A08C-B318AA253AFC,9BWAH5BZ6KP538191,App2Car,2026-08-12T17:03:55.040588,2026-08-12T17:01:03.030472,13.71,36.0,,92.0,1817.0,37.0,0.5942642211914063,8.210126953125,5.406756591796875,9.84846949500057,-5.837847142327879,-35.20682829752939,,11.0,48.0,,27.0,63.14,,1582.5900000000001,,,0,Gasolina,,,0.0,1.0,87.0,0.0,0,29.8,1.0,17860.0,3.91,1576.0,-0.78
F666D60A-75B1-428D-A08C-B318AA253AFC,9BWAH5BZ6KP538191,App2Car,2026-08-12T17:03:56.041056,2026-08-12T17:01:03.030472,13.71,33.0,,89.0,1905.0,39.0,0.3088078308105469,7.873027954101563,6.5608566284179695,10.25303716666874,-5.83785865675155,-35.20692197308366,,-3.0,48.0,,25.0,63.14,,1510.95,,,0,Gasolina,,,0.0,0.9,87.0,0.0,0,29.8,0.98,17860.0,3.91,1576.0,-0.78
F666D60A-75B1-428D-A08C-B318AA253AFC,9BWAH5BZ6KP538191,App2Car,2026-08-12T17:03:57.040783,2026-08-12T17:01:03.030472,13.71,31.0,,92.0,1492.0,40.0,0.29593460083007816,7.942932586669922,5.535339202880859,9.68595557780961,-5.837870016746922,-35.20701899255305,,-3.0,48.0,,25.0,63.14,,1541.75,,,0,Gasolina,,,0.0,0.9,87.0,0.0,0,29.8,0.99,17860.0,3.91,1576.0,-0.78
F666D60A-75B1-428D-A08C-B318AA253AFC,9BWAH5BZ6KP538191,App2Car,2026-08-12T17:03:58.041035,2026-08-12T17:01:03.030472,13.71,31.0,,89.0,1511.0,40.0,0.9650431823730469,7.895780639648438,6.1962149047851565,10.083042169879759,-5.837880617720379,-35.20711929752201,,12.5,48.0,,24.0,63.14,,1381.66,,,0,Gasolina,,,0.0,1.0,87.0,0.0,0,29.8,1.0,17860.0,3.91,1576.0,-0.78
F666D60A-75B1-428D-A08C-B318AA253AFC,9BWAH5BZ6KP538191,App2Car,2026-08-12T17:03:59.040790,2026-08-12T17:01:03.030472,13.71,28.0,,86.0,1511.0,40.0,0.65863037109375,7.372917938232423,6.2414208984375,9.682409189922149,-5.837891154961219,-35.20722032415572,,13.5,48.0,,22.0,63.14,,1261.74,,,0,Gasolina,,,0.0,0.9666666666666667,87.0,0.0,0,29.8,1.0,17860.0,3.91,1576.0,-0.78
F666D60A-75B1-428D-A08C-B318AA253AFC,9BWAH5BZ6KP538191,App2Car,2026-08-12T17:04:00.041082,2026-08-12T17:01:03.030472,13.71,27.0,,86.0,1501.0,41.0,0.3119512939453125,7.624844055175782,6.837930450439454,10.24660203777773,-5.837898256581474,-35.207322897697985,,13.5,48.0,,22.0,63.14,,1258.34,,,0,Gasolina,,,0.0,0.9666666666666667,87.0,0.0,0,29.8,1.0,17860.0,3.91,1576.0,-0.78
F666D60A-75B1-428D-A08C-B318AA253AFC,9BWAH5BZ6KP538191,App2Car,2026-08-12T17:04:01.041051,2026-08-12T17:01:03.030472,13.71,27.0,,84.0,1486.0,42.0,-0.34518218994140626,6.4656546020507815,6.379134521484375,9.089400278371883,-5.8379067832134846,-35.207426270725655,,15.5,48.0,,17.0,63.14,,1099.1699999999998,,,0,Gasolina,,,0.0,0.8666666666666667,87.0,0.0,0,29.8,1.0,17860.0,3.91,1576.0,-0.78
F666D60A-75B1-428D-A08C-B318AA253AFC,9BWAH5BZ6KP538191,App2Car,2026-08-12T17:04:02.040815,2026-08-12T17:01:03.030472,13.71,13.0,,32.0,1458.0,41.0,1.1858340454101564,7.213499450683594,5.121898956298828,8.926064397415098,-5.837918512184696,-35.20753035604005,,0.5,48.0,,17.0,63.14,,876.15,,,0,Gasolina,,,0.0,0.7333333333333333,87.0,0.0,0,29.8,1.0,17860.0,3.91,1576.0,-0.78
F666D60A-75B1-428D-A08C-B318AA253AFC,9BWAH5BZ6KP538191,App2Car,2026-08-12T17:04:03.039686,2026-08-12T17:01:03.030472,13.71,7.0,,28.0,1445.0,40.0,0.4290078735351563,8.618627471923828,6.246360626220704,10.65278406465444,-5.837932231448173,-35.20763382261189,,-7.0,48.0,,14.0,63.14,,685.92,,,0,Gasolina,,,0.0,0.9666666666666667,87.0,0.0,0,29.8,1.0,17860.0,3.91,1576.0,-0.78
F666D60A-75B1-428D-A08C-B318AA253AFC,9BWAH5BZ6KP538191,App2Car,2026-08-12T17:04:04.041178,2026-08-12T17:01:03.030472,13.71,7.0,,28.0,1445.0,40.0,-0.1686991882324219,6.451434173583984,7.118746490478516,9.608642667302064,-5.837946993251646,-35.2077343834087,,-7.0,48.0,,14.0,63.14,,685.92,,,0,Gasolina,,,0.0,0.9666666666666667,88.0,0.0,0,29.8,1.0,14860.0,4.69,1636.0,-3.91
F666D60A-75B1-428D-A08C-B318AA253AFC,9BWAH5BZ6KP538191,App2Car,2026-08-12T17:04:05.040559,2026-08-12T17:01:03.030472,13.75,7.0,,27.0,1445.0,40.0,0.9404942321777344,7.07249267578125,6.0854452514648445,9.377490387002007,-5.837960821648954,-35.20783391087024,,-7.0,48.0,,13.0,63.14,,645.075,,,0,Gasolina,,,0.0,0.9666666666666667,88.0,0.0,0,29.8,0.98,14860.0,4.69,1636.0,-3.91
F666D60A-75B1-428D-A08C-B318AA253AFC,9BWAH5BZ6KP538191,App2Car,2026-08-12T17:04:06.039693,2026-08-12T17:01:03.030472,13.75,7.0,,27.0,1439.0,40.0,1.120869140625,7.936795349121094,7.505392456054688,10.980891765409506,-5.837976017994247,-35.20793205848577,,-8.5,48.0,,13.0,63.14,,645.075,,,0,Gasolina,,,0.0,0.9666666666666667,88.0,0.0,0,29.8,0.98,14860.0,4.69,1636.0,-3.91
F666D60A-75B1-428D-A08C-B318AA253AFC,9BWAH5BZ6KP538191,App2Car,2026-08-12T17:04:07.040626,2026-08-12T17:01:03.030472,13.75,7.0,,27.0,1469.0,41.0,0.3641926574707031,7.190148010253907,5.77439208984375,9.22900150115731,-5.837991740680277,-35.20803220053137,,-8.5,48.0,,13.0,63.14,,645.075,,,0,Gasolina,,,0.0,0.9666666666666667,88.0,0.0,0,29.8,0.98,14860.0,4.69,1636.0,-3.91
F666D60A-75B1-428D-A08C-B318AA253AFC,9BWAH5BZ6KP538191,App2Car,2026-08-12T17:04:08.040793,2026-08-12T17:01:03.030472,13.75,7.0,,27.0,1503.0,42.0,1.1620335388183594,6.505621490478516,7.3464230346679695,9.88146569730497,-5.838008071029176,-35.20813437664313,,-8.5,48.0,,13.0,63.14,,645.075,,,0,Gasolina,,,0.0,0.9666666666666667,88.0,0.0,0,29.8,0.98,14860.0,4.69,1636.0,-3.91
F666D60A-75B1-428D-A08C-B318AA253AFC,9BWAH5BZ6KP538191,App2Car,2026-08-12T17:04:09.039684,2026-08-12T17:01:03.030472,13.75,6.0,,27.0,1947.0,39.0,1.4186000061035158,6.706204376220703,7.090305633544922,9.861948949879912,-5.838025513666952,-35.20823965373393,,-8.5,48.0,,13.0,63.14,,672.72,,,0,Gasolina,,,0.0,0.9,88.0,0.0,0,29.8,0.98,14860.0,4.69,1636.0,-3.91
F666D60A-75B1-428D-A08C-B318AA253AFC,9BWAH5BZ6KP538191,App2Car,2026-08-12T17:04:10.040274,2026-08-12T17:01:03.030472,13.75,7.0,,28.0,1831.0,39.0,0.7879614257812501,6.4617626953125,7.101831665039063,9.63386077009643,-5.838041283813571,-35.20834122360192,,-4.5,48.0,,14.0,63.14,,769.81,,,0,Gasolina,,,0.0,0.9666666666666667,88.0,0.0,0,29.8,1.0,14860.0,4.69,1636.0,-3.91
F666D60A-75B1-428D-A08C-B318AA253AFC,9BWAH5BZ6KP538191,App2Car,2026-08-12T17:04:11.040408,2026-08-12T17:01:03.030472,13.75,7.0,,27.0,1831.0,37.0,0.3457809448242188,7.053631896972656,5.797144775390625,9.136748598195773,-5.83805528777423,-35.20843545304333,,-3.0,48.0,,13.0,63.14,,688.8199999999999,,,0,Gasolina,,,0.0,0.9333333333333333,88.0,0.0,0,29.8,0.99,14860.0,4.69,1636.0,-3.91
F666D60A-75B1-428D-A08C-B318AA253AFC,9BWAH5BZ6KP538191,App2Car,2026-08-12T17:04:12.041209,2026-08-12T17:01:03.030472,13.75,7.0,,27.0,1653.0,33.0,1.357676696777344,7.059170379638672,7.531887359619141,10.411748155796452,-5.83806846554097,-35.208524084527625,,-6.0,48.0,,13.0,63.14,,688.8199999999999,,,0,Gasolina,,,0.0,0.9333333333333333,88.0,0.0,0,29.8,0.98,14860.0,4.69,1636.0,-3.91
F666D60A-75B1-428D-A08C-B318AA253AFC,9BWAH5BZ6KP538191,App2Car,2026-08-12T17:04:13.040964,2026-08-12T17:01:03.030472,13.75,7.0,,28.0,1370.0,27.0,1.2434642028808593,6.694977722167969,8.554411010742188,10.93374947878717,-5.838080718588916,-35.208603007970844,,-11.5,48.0,,12.0,63.14,,436.9,,,0,Gasolina,,,0.0,0.9666666666666667,88.0,0.0,0,29.8,0.98,14860.0,4.69,1636.0,-3.91
F666D60A-75B1-428D-A08C-B318AA253AFC,9BWAH5BZ6KP538191,App2Car,2026-08-12T17:04:14.041147,2026-08-12T17:01:03.030472,13.75,9.0,,31.0,1230.0,21.0,0.6156697082519531,6.256539459228516,2.9889843750000002,6.961132292130112,-5.838090779815666,-35.20866880714807,,-4.0,48.0,,12.0,63.14,,462.59999999999997,,,0,Gasolina,,,0.0,1.0,88.0,0.0,0,29.8,0.98,14860.0,4.69,1636.0,-3.91
F666D60A-75B1-428D-A08C-B318AA253AFC,9BWAH5BZ6KP538191,App2Car,2026-08-12T17:04:15.040590,2026-08-12T17:01:03.030472,13.75,7.0,,49.0,1535.0,20.0,1.066831512451172,7.983198852539063,6.806196441650391,10.544851985565009,-5.838098346953317,-35.20871762897293,,-13.5,48.0,,13.0,63.14,,354.2,,,0,Gasolina,,,0.0,0.9666666666666667,88.0,0.0,0,29.8,0.95,14860.0,4.69,1636.0,-3.91
F666D60A-75B1-428D-A08C-B318AA253AFC,9BWAH5BZ6KP538191,App2Car,2026-08-12T17:04:16.040189,2026-08-12T17:01:03.030472,13.75,24.0,,68.0,1901.0,22.0,0.7596702575683594,8.365054779052734,4.6464875793457034,9.599014906843351,-5.838105566198178,-35.2087649786763,,-13.5,48.0,,20.0,63.14,,777.7,,,0,Gasolina,,,0.0,0.7,88.0,0.0,0,29.8,0.99,14860.0,4.69,1636.0,-3.91
F666D60A-75B1-428D-A08C-B318AA253AFC,9BWAH5BZ6KP538191,App2Car,2026-08-12T17:04:17.041069,2026-08-12T17:01:03.030472,13.75,24.0,,69.0,2093.0,22.0,0.7002438354492188,8.994346160888671,3.5953733825683596,9.711607181669699,-5.838112976651218,-35.20881726951352,,15.5,48.0,,22.0,63.14,,943.23,,,0,Gasolina,,,0.0,0.8,88.0,0.0,0,29.8,1.0,14860.0,4.69,1636.0,-3.91
F666D60A-75B1-428D-A08C-B318AA253AFC,9BWAH5BZ6KP538191,App2Car,2026-08-12T17:04:18.039600,2026-08-12T17:01:03.030472,13.75,15.0,,46.0,2093.0,25.0,0.5525010681152344,7.3760614013671875,5.920188903808594,9.47418470813113,-5.838122154132945,-35.20887862487501,,19.5,48.0,,18.0,63.14,,778.6,,,0,Gasolina,,,0.0,0.9,88.0,0.0,0,29.8,0.99,14860.0,4.69,1636.0,-3.91
F666D60A-75B1-428D-A08C-B318AA253AFC,9BWAH5BZ6KP538191,App2Car,2026-08-12T17:04:19.040345,2026-08-12T17:01:03.030472,13.75,14.0,,46.0,2157.0,26.0,1.4465917968750002,7.717651062011719,5.405259704589844,9.53265955627386,-5.838133870682565,-35.20894474390171,,9.5,48.0,,18.0,63.14,,791.4000000000001,,,0,Gasolina,,,0.0,0.8666666666666667,88.0,0.0,0,29.8,0.99,14860.0,4.69,1636.0,-3.91
F666D60A-75B1-428D-A08C-B318AA253AFC,9BWAH5BZ6KP538191,App2Car,2026-08-12T17:04:20.040240,2026-08-12T17:01:03.030472,13.75,14.0,,43.0,2202.0,27.0,1.4673985290527345,8.018076324462891,6.570586395263672,10.469737912937578,-5.838143294985998,-35.20901203205422,,11.0,48.0,,16.0,63.14,,779.41,,,0,Gasolina,,,0.0,0.8666666666666667,88.0,0.0,0,29.8,0.99,14860.0,4.69,1636.0,-3.91
F666D60A-75B1-428D-A08C-B318AA253AFC,9BWAH5BZ6KP538191,App2Car,2026-08-12T17:04:21.039584,2026-08-12T17:01:03.030472,13.75,8.0,,27.0,2073.0,27.0,1.0497669982910156,6.67297348022461,6.873256988525391,9.637024823502065,-5.8381546793179435,-35.209079795393826,,-2.5,48.0,,16.0,63.14,,665.35,,,0,Gasolina,,,0.0,0.9333333333333333,88.0,0.0,0,29.8,1.0,14860.0,4.69,1636.0,-3.91
F666D60A-75B1-428D-A08C-B318AA253AFC,9BWAH5BZ6KP538191,App2Car,2026-08-12T17:04:22.041127,2026-08-12T17:01:03.030472,13.75,8.0,,30.0,1787.0,25.0,0.5860313415527344,6.887926483154297,7.2705308532714845,10.032326891553774,-5.838164959129575,-35.20914924396637,,-3.0,48.0,,15.0,63.14,,542.355,,,0,Gasolina,,,0.0,0.9666666666666667,88.0,0.0,0,29.8,0.99,14860.0,4.69,1636.0,-3.91
F666D60A-75B1-428D-A08C-B318AA253AFC,9BWAH5BZ6KP538191,App2Car,2026-08-12T17:04:23.040210,2026-08-12T17:01:03.030472,13.75,7.0,,29.0,1500.0,22.0,1.3650114440917969,7.749684448242188,5.179678802490234,9.42071853877373,-5.838175052328749,-35.20921438692311,,-3.0,48.0,,13.0,63.14,,406.0,,,0,Gasolina,,,0.0,0.9666666666666667,88.0,0.0,0,29.8,0.99,14860.0,4.69,1636.0,-3.91
F666D60A-75B1-428D-A08C-B318AA253AFC,9BWAH5BZ6KP538191,App2Car,2026-08-12T17:04:24.041060,2026-08-12T17:01:03.030472,13.75,6.0,,27.0,1209.0,22.0,0.26195526123046875,6.632557525634766,7.381749572753907,9.92721847470847,-5.838184898687651,-35.20927328158983,,-9.0,48.0,,12.0,63.14,,378.0,,,0,Gasolina,,,0.0,0.8666666666666667,88.0,0.0,0,29.8,0.99,14860.0,4.69,1636.0,-3.91
F666D60A-75B1-428D-A08C-B318AA253AFC,9BWAH5BZ6KP538191,App2Car,2026-08-12T17:04:25.040580,2026-08-12T17:01:03.030472,13.75,14.0,,69.0,1209.0,18.0,0.9738748168945313,8.26611053466797,7.625293121337891,11.288140268292784,-5.838192024433577,-35.20932154768976,,8.0,48.0,,15.0,63.14,,433.44,,,0,Gasolina,,,0.0,0.9333333333333333,88.0,0.0,0,29.8,1.0,14860.0,4.69,1636.0,-3.91
F666D60A-75B1-428D-A08C-B318AA253AFC,9BWAH5BZ6KP538191,App2Car,2026-08-12T17:04:26.040501,2026-08-12T17:01:03.030472,13.75,33.0,,69.0,1296.0,15.0,0.28216323852539066,7.55149658203125,5.998326416015625,9.648037961921359,-5.838199397332213,-35.20936210000534,,-6.0,48.0,,23.0,63.14,,863.0400000000001,,,0,Gasolina,,,0.0,0.5333333333333333,88.0,0.0,0,29.8,0.96,14860.0,4.69,1636.0,-3.91
F666D60A-75B1-428D-A08C-B318AA253AFC,9BWAH5BZ6KP538191,App2Car,2026-08-12T17:04:27.040098,2026-08-12T17:01:03.030472,13.75,33.0,,94.0,1658.0,17.0,1.907483367919922,8.172704772949219,6.212980041503907,10.441873256308178,-5.838207097330668,-35.20939902022366,,9.0,48.0,,30.0,63.14,,989.5,,,0,Gasolina,,,0.0,0.9666666666666667,88.0,0.0,0,29.8,1.0,14860.0,4.69,1636.0,-3.91
F666D60A-75B1-428D-A08C-B318AA253AFC,9BWAH5BZ6KP538191,App2Car,2026-08-12T17:04:28.040679,2026-08-12T17:01:03.030472,13.75,42.0,,98.0,1837.0,20.0,-0.10103988647460938,7.223528594970704,5.586233367919922,9.132117917650877,-5.838214999017376,-35.20944124007949,,9.5,48.0,,30.0,63.14,,1499.47,,,0,Gasolina,,,0.0,0.9666666666666667,88.0,0.0,0,29.8,1.0,14860.0,4.69,1636.0,-3.91
F666D60A-75B1-428D-A08C-B318AA253AFC,9BWAH5BZ6KP538191,App2Car,2026-08-12T17:04:29.039868,2026-08-12T17:01:03.030472,13.75,42.0,,97.0,2012.0,22.0,0.8605604553222657,4.798721008300782,5.885760498046875,7.642673894203569,-5.8382230527946195,-35.20949202176063,,5.0,48.0,,32.0,63.14,,1667.8400000000001,,,0,Gasolina,,,0.0,0.9666666666666667,88.0,0.0,0,29.8,1.0,14860.0,4.69,1636.0,-3.91
F666D60A-75B1-428D-A08C-B318AA253AFC,9BWAH5BZ6KP538191,App2Car,2026-08-12T17:04:30.040547,2026-08-12T17:01:03.030472,13.75,40.0,,92.0,2165.0,25.0,0.14639556884765625,9.885742492675782,2.3725662231445312,10.16751723761903,-5.838232955470465,-35.20954743295023,,5.0,48.0,,30.0,63.14,,1678.625,,,0,Gasolina,,,0.0,0.9666666666666667,88.0,0.0,0,29.8,1.0,14860.0,4.69,1636.0,-3.91
F666D60A-75B1-428D-A08C-B318AA253AFC,9BWAH5BZ6KP538191,App2Car,2026-08-12T17:04:31.040836,2026-08-12T17:01:03.030472,13.75,36.0,,89.0,2311.0,25.0,0.6222560119628907,9.114995269775392,3.3889526367187504,9.744503131836671,-5.83824428527594,-35.209607990534764,,12.0,48.0,,28.0,63.14,,1514.325,,,0,Gasolina,,,0.0,1.0,88.0,0.0,0,29.8,0.99,14860.0,4.69,1636.0,-3.91
F666D60A-75B1-428D-A08C-B318AA253AFC,9BWAH5BZ6KP538191,App2Car,2026-08-12T17:04:32.040662,2026-08-12T17:01:03.030472,13.75,34.0,,86.0,2311.0,27.0,0.23306533813476563,9.061107330322265,3.871399383544922,9.85625277122963,-5.838256176627379,-35.20967179458887,,13.5,48.0,,27.0,63.14,,1528.355,,,0,Gasolina,,,0.0,1.0,88.0,0.0,0,29.8,0.99,14860.0,4.69,1636.0,-3.91
F666D60A-75B1-428D-A08C-B318AA253AFC,9BWAH5BZ6KP538191,App2Car,2026-08-12T17:04:33.040612,2026-08-12T17:01:03.030472,13.75,31.0,,86.0,2449.0,29.0,0.18052459716796876,8.894503784179689,3.8800813293457033,9.70565906156334,-5.838268528669879,-35.20974151918826,,15.5,48.0,,27.0,63.14,,1544.7,,,0,Gasolina,,,0.0,0.8666666666666667,88.0,0.0,0,29.8,0.99,14860.0,4.69,1636.0,-3.91
F666D60A-75B1-428D-A08C-B318AA253AFC,9BWAH5BZ6KP538191,App2Car,2026-08-12T17:04:34.040930,2026-08-12T17:01:03.030472,13.75,31.0,,85.0,2574.0,30.0,0.6912625122070313,9.334738311767579,4.47629150390625,10.375565952655665,-5.838280443615337,-35.20981525088393,,18.0,48.0,,25.0,63.14,,1547.57,,,0,Gasolina,,,0.0,0.9,88.0,0.0,0,29.8,1.0,14860.0,4.69,1636.0,-3.91
F666D60A-75B1-428D-A08C-B318AA253AFC,9BWAH5BZ6KP538191,App2Car,2026-08-12T17:04:35.040888,2026-08-12T17:01:03.030472,13.75,26.0,,75.0,2631.0,31.0,0.07155120849609375,8.628806304931642,3.937112731933594,9.484844463006176,-5.8382924244630185,-35.2098923962312,,18.0,48.0,,25.0,63.14,,1420.7199999999998,,,0,Gasolina,,,0.0,0.8666666666666667,88.0,0.0,0,29.8,1.0,14860.0,4.69,1636.0,-3.91
F666D60A-75B1-428D-A08C-B318AA253AFC,9BWAH5BZ6KP538191,App2Car,2026-08-12T17:04:36.040875,2026-08-12T17:01:03.030472,13.75,26.0,,77.0,2702.0,32.0,0.8913963317871094,8.56982894897461,4.700824584960937,9.815004198347546,-5.8383053690492535,-35.20997089367975,,18.5,48.0,,25.0,63.14,,1420.7199999999998,,,0,Gasolina,,,0.0,0.8666666666666667,88.0,0.0,0,29.8,1.0,14860.0,4.69,1636.0,-3.91
F666D60A-75B1-428D-A08C-B318AA253AFC,9BWAH5BZ6KP538191,App2Car,2026-08-12T17:04:37.040258,2026-08-12T17:01:03.030472,13.75,24.0,,69.0,2753.0,33.0,0.20866607666015627,8.350834350585938,4.625980224609375,9.548804580729035,-5.8383182906329205,-35.2100513733071,,18.5,48.0,,23.0,63.14,,1400.56,,,0,Gasolina,,,0.0,0.7666666666666667,88.0,0.0,0,29.8,1.0,14860.0,4.69,1636.0,-3.91
F666D60A-75B1-428D-A08C-B318AA253AFC,9BWAH5BZ6KP538191,App2Car,2026-08-12T17:04:38.040920,2026-08-12T17:01:03.030472,13.75,18.0,,56.0,2173.0,33.0,1.6639398193359376,8.46968719482422,5.0022976684570315,9.976335943841894,-5.83833208226927,-35.210133757386494,,21.5,48.0,,21.0,63.14,,1237.515,,,0,Gasolina,,,0.0,0.8,88.0,0.0,0,29.8,1.0,14860.0,4.69,1636.0,-3.91
F666D60A-75B1-428D-A08C-B318AA253AFC,9BWAH5BZ6KP538191,App2Car,2026-08-12T17:04:39.040434,2026-08-12T17:01:03.030472,13.75,21.0,,67.0,2173.0,33.0,3.1880703735351563,8.067623291015625,5.213658142089844,10.120897662506527,-5.838344011464063,-35.21021867779487,,18.0,48.0,,20.0,63.14,,1126.71,,,0,Gasolina,,,0.0,0.8,88.0,0.0,0,29.8,1.0,14860.0,4.69,1636.0,-3.91
F666D60A-75B1-428D-A08C-B318AA253AFC,9BWAH5BZ6KP538191,App2Car,2026-08-12T17:04:40.040413,2026-08-12T17:01:03.030472,13.75,21.0,,67.0,1782.0,34.0,2.819985809326172,8.073311462402344,5.224435729980469,10.021247758161385,-5.838346883016539,-35.21030482546286,,17.0,48.0,,19.0,63.14,,1040.0500000000002,,,0,Gasolina,,,0.0,0.8,88.0,0.0,0,29.8,1.0,14860.0,4.69,1636.0,-3.91
F666D60A-75B1-428D-A08C-B318AA253AFC,9BWAH5BZ6KP538191,App2Car,2026-08-12T17:04:41.041063,2026-08-12T17:01:03.030472,13.75,21.0,,64.0,1669.0,34.0,3.009192352294922,8.088430023193359,5.131628723144532,10.040495615526554,-5.838330362907291,-35.210390470385285,,17.0,48.0,,18.0,63.14,,1040.0500000000002,,,0,Gasolina,,,0.0,0.8,88.0,0.0,0,29.8,1.0,14860.0,4.69,1636.0,-3.91
F666D60A-75B1-428D-A08C-B318AA253AFC,9BWAH5BZ6KP538191,App2Car,2026-08-12T17:04:42.041064,2026-08-12T17:01:03.030472,13.75,20.0,,64.0,1668.0,34.0,2.9738658142089847,7.877967681884766,5.529800720214844,10.073973827791608,-5.838291554393247,-35.210469856360476,,17.0,48.0,,18.0,63.14,,936.63,,,0,Gasolina,,,0.0,0.8,88.0,0.0,0,29.8,1.0,14860.0,4.69,1636.0,-3.91
F666D60A-75B1-428D-A08C-B318AA253AFC,9BWAH5BZ6KP538191,App2Car,2026-08-12T17:04:43.041256,2026-08-12T17:01:03.030472,13.75,20.0,,66.0,1706.0,35.0,3.333567810058594,8.283773803710938,5.126090240478516,10.29613441680107,-5.838237293587703,-35.210540098078305,,17.0,48.0,,18.0,63.14,,964.15,,,0,Gasolina,,,0.0,0.8,88.0,0.0,0,29.8,1.0,14860.0,4.69,1636.0,-3.91
F666D60A-75B1-428D-A08C-B318AA253AFC,9BWAH5BZ6KP538191,App2Car,2026-08-12T17:04:44.040242,2026-08-12T17:01:03.030472,13.75,23.0,,74.0,1785.0,37.0,1.891766052246094,8.521329803466797,4.364474029541016,9.75912260248944,-5.838165008663662,-35.21059445193413,,17.0,48.0,,20.0,63.14,,1135.5,,,0,Gasolina,,,0.0,0.8,88.0,0.0,0,29.8,1.0,14860.0,4.69,1636.0,-3.91
F666D60A-75B1-428D-A08C-B318AA253AFC,9BWAH5BZ6KP538191,App2Car,2026-08-12T17:04:45.041240,2026-08-12T17:01:03.030472,13.75,24.0,,74.0,1891.0,37.0,0.48020141601562505,5.923781433105469,7.540569305419922,9.601143958768121,-5.838080908563584,-35.21063263162477,,16.5,48.0,,20.0,63.14,,1154.425,,,0,Gasolina,,,0.0,0.8,88.0,0.0,0,29.8,1.0,14860.0,4.69,1636.0,-3.91
F666D60A-75B1-428D-A08C-B318AA253AFC,9BWAH5BZ6KP538191,App2Car,2026-08-12T17:04:46.041685,2026-08-12T17:01:03.030472,13.75,21.0,,68.0,1891.0,39.0,0.45699966430664063,6.877148895263672,6.90529037475586,9.756385641235111,-5.837985935510906,-35.210657969715975,,18.5,48.0,,19.0,63.14,,1137.3,,,0,Gasolina,,,0.0,0.8,88.0,0.0,0,29.8,1.0,14860.0,4.69,1636.0,-3.91
F666D60A-75B1-428D-A08C-B318AA253AFC,9BWAH5BZ6KP538191,App2Car,2026-08-12T17:04:47.040970,2026-08-12T17:01:03.030472,13.75,24.0,,68.0,1477.0,41.0,-0.4724176025390625,7.455246734619141,5.6679634094238285,9.377083313899131,-5.837888947654343,-35.2106860817512,,14.0,48.0,,20.0,63.14,,1130.025,,,0,Gasolina,,,0.0,0.8666666666666667,88.0,0.0,0,29.8,1.0,14860.0,4.69,1636.0,-3.91
F666D60A-75B1-428D-A08C-B318AA253AFC,9BWAH5BZ6KP538191,App2Car,2026-08-12T17:04:48.040183,2026-08-12T17:01:03.030472,13.75,24.0,,76.0,1552.0,43.0,-0.016914825439453125,7.204967193603516,5.624403991699219,9.14033689937437,-5.83778858015725,-35.21071605723104,,15.0,48.0,,19.0,63.14,,1156.42,,,0,Gasolina,,,0.0,0.9,88.0,0.0,0,29.8,1.0,14860.0,4.69,1636.0,-3.91
F666D60A-75B1-428D-A08C-B318AA253AFC,9BWAH5BZ6KP538191,App2Car,2026-08-12T17:04:49.040107,2026-08-12T17:01:03.030472,13.75,23.0,,70.0,1626.0,46.0,-0.355660400390625,8.470585327148438,7.463479614257813,11.295168792778194,-5.837683049938213,-35.210748407404864,,17.0,48.0,,19.0,63.14,,1139.16,,,0,Gasolina,,,0.0,0.7666666666666667,88.0,0.0,0,29.8,1.0,14860.0,4.69,1636.0,-3.91
F666D60A-75B1-428D-A08C-B318AA253AFC,9BWAH5BZ6KP538191,App2Car,2026-08-12T17:04:50.040204,2026-08-12T17:01:03.030472,13.75,20.0,,61.0,1752.0,50.0,-0.5116360473632813,6.5960334777832035,6.565047912597657,9.32036926198212,-5.837572504866283,-35.2107833003074,,18.0,48.0,,18.0,63.14,,1130.58,,,0,Gasolina,,,0.0,0.6666666666666666,88.0,0.0,0,29.8,1.0,14860.0,4.69,1636.0,-3.91
F666D60A-75B1-428D-A08C-B318AA253AFC,9BWAH5BZ6KP538191,App2Car,2026-08-12T17:04:51.039584,2026-08-12T17:01:03.030472,13.75,16.0,,48.0,1824.0,50.0,0.11346405029296876,7.139104156494141,6.149212646484376,9.422977152665933,-5.837454932249042,-35.210819070615756,,18.0,48.0,,17.0,63.14,,1139.16,,,0,Gasolina,,,0.0,0.6666666666666666,88.0,0.0,0,29.8,0.99,14860.0,4.69,1636.0,-3.91
F666D60A-75B1-428D-A08C-B318AA253AFC,9BWAH5BZ6KP538191,App2Car,2026-08-12T17:04:52.041836,2026-08-12T17:01:03.030472,13.75,7.0,,27.0,1824.0,52.0,0.2806663513183594,6.900500335693359,6.909182281494141,9.768954820377619,-5.837330812759598,-35.21085604274705,,9.0,48.0,,14.0,63.14,,951.08,,,0,Gasolina,,,0.0,0.8666666666666667,88.0,0.0,0,29.8,1.0,14860.0,4.69,1636.0,-3.91
F666D60A-75B1-428D-A08C-B318AA253AFC,9BWAH5BZ6KP538191,App2Car,2026-08-12T17:04:53.041800,2026-08-12T17:01:03.030472,13.75,7.0,,28.0,1818.0,51.0,0.7756869506835938,6.399641876220703,7.155569915771485,9.631162297917754,-5.837205037743484,-35.21089108934423,,-3.0,48.0,,14.0,63.14,,951.08,,,0,Gasolina,,,0.0,0.9333333333333333,88.0,0.0,0,29.8,1.0,14860.0,4.69,1636.0,-3.91
F666D60A-75B1-428D-A08C-B318AA253AFC,9BWAH5BZ6KP538191,App2Car,2026-08-12T17:04:54.041684,2026-08-12T17:01:03.030472,13.75,7.0,,28.0,1795.0,51.0,0.5617817687988281,6.817123718261719,6.7060546875,9.579141089762794,-5.837082837340696,-35.21092839697201,,-3.0,48.0,,13.0,63.14,,897.55,,,0,Gasolina,,,0.0,0.9333333333333333,88.0,0.0,0,29.8,0.99,14860.0,4.69,1636.0,-3.91
F666D60A-75B1-428D-A08C-B318AA253AFC,9BWAH5BZ6KP538191,App2Car,2026-08-12T17:04:55.040883,2026-08-12T17:01:03.030472,13.75,7.0,,27.0,1761.0,50.0,-0.3986210632324219,7.141499176025391,6.768923950195313,9.84775307756808,-5.836962749084331,-35.21096470782403,,-3.0,48.0,,13.0,63.14,,897.55,,,0,Gasolina,,,0.0,0.9333333333333333,88.0,0.0,0,29.8,0.99,14860.0,4.69,1636.0,-3.91
F666D60A-75B1-428D-A08C-B318AA253AFC,9BWAH5BZ6KP538191,App2Car,2026-08-12T17:04:56.039843,2026-08-12T17:01:03.030472,13.75,7.0,,27.0,1737.0,48.0,0.8870553588867188,6.328539733886719,7.52081039428711,9.869137315891884,-5.836844459214783,-35.21100155208782,,-4.0,48.0,,13.0,63.14,,897.55,,,0,Gasolina,,,0.0,0.9666666666666667,88.0,0.0,0,29.8,0.99,14860.0,4.69,1636.0,-3.91
F666D60A-75B1-428D-A08C-B318AA253AFC,9BWAH5BZ6KP538191,App2Car,2026-08-12T17:04:57.040566,2026-08-12T17:01:03.030472,13.75,7.0,,27.0,1699.0,47.0,-0.4846920776367188,6.792275390625,7.662415924072266,10.250977962403882,-5.836728900143529,-35.21103900782656,,-4.0,48.0,,13.0,63.14,,897.55,,,0,Gasolina,,,0.0,0.9666666666666667,88.0,0.0,0,29.8,0.99,14860.0,4.69,1636.0,-3.91
F666D60A-75B1-428D-A08C-B318AA253AFC,9BWAH5BZ6KP538191,App2Car,2026-08-12T17:04:58.039984,2026-08-12T17:01:03.030472,13.75,7.0,,27.0,1675.0,47.0,0.18486557006835938,6.475084991455079,6.994953918457032,9.533639454421428,-5.836615648980377,-35.21107646217877,,-4.5,48.0,,13.0,63.14,,897.55,,,0,Gasolina,,,0.0,0.9666666666666667,88.0,0.0,0,29.8,0.98,14860.0,4.69,1636.0,-3.91
F666D60A-75B1-428D-A08C-B318AA253AFC,9BWAH5BZ6KP538191,App2Car,2026-08-12T17:04:59.039994,2026-08-12T17:01:03.030472,13.75,7.0,,27.0,1675.0,46.0,0.46598098754882816,7.626041564941406,7.031627655029297,10.383517501788292,-5.836502682336065,-35.211111883673404,,-4.5,48.0,,13.0,63.14,,897.55,,,0,Gasolina,,,0.0,0.9666666666666667,88.0,0.0,0,29.8,0.98,14860.0,4.69,1636.0,-3.91
F666D60A-75B1-428D-A08C-B318AA253AFC,9BWAH5BZ6KP538191,App2Car,2026-08-12T17:05:00.040648,2026-08-12T17:01:03.030472,13.75,7.0,,27.0,1629.0,45.0,-0.8113128662109376,7.5646691894531255,6.322252807617188,9.892084162408052,-5.836391885188341,-35.21114773505552,,-5.5,48.0,,13.0,63.14,,897.55,,,0,Gasolina,,,0.0,0.9666666666666667,88.0,0.0,0,29.8,0.98,14860.0,4.69,1636.0,-3.91
F666D60A-75B1-428D-A08C-B318AA253AFC,9BWAH5BZ6KP538191,App2Car,2026-08-12T17:05:01.040653,2026-08-12T17:01:03.030472,13.75,7.0,,27.0,1588.0,44.0,-1.239272918701172,5.850134582519532,6.616690521240234,8.918546151390789,-5.8362841538198476,-35.211183933436466,,-7.0,48.0,,13.0,63.14,,897.55,,,0,Gasolina,,,0.0,0.9666666666666667,88.0,0.0,0,29.8,0.98,14860.0,4.69,1636.0,-3.91
F666D60A-75B1-428D-A08C-B318AA253AFC,9BWAH5BZ6KP538191,App2Car,2026-08-12T17:05:02.040057,2026-08-12T17:01:03.030472,13.75,7.0,,27.0,1557.0,43.0,0.07753875732421875,6.4235920715332036,8.132737884521484,10.36387827305409,-5.836180176313442,-35.21122491714665,,-7.5,48.0,,13.0,63.14,,897.55,,,0,Gasolina,,,0.0,0.9666666666666667,88.0,0.0,0,29.8,0.98,14860.0,4.69,1636.0,-3.91
F666D60A-75B1-428D-A08C-B318AA253AFC,9BWAH5BZ6KP538191,App2Car,2026-08-12T17:05:03.040677,2026-08-12T17:01:03.030472,13.75,7.0,,27.0,1523.0,42.0,-1.2579840087890626,7.0699479675292976,6.4479913330078125,9.651076637374947,-5.83608549783735,-35.21127993467998,,-8.5,48.0,,13.0,63.14,,897.55,,,0,Gasolina,,,0.0,0.9666666666666667,88.0,0.0,0,29.8,0.98,14860.0,4.69,1636.0,-3.91
F666D60A-75B1-428D-A08C-B318AA253AFC,9BWAH5BZ6KP538191,App2Car,2026-08-12T17:05:04.040313,2026-08-12T17:01:03.030472,13.75,7.0,,27.0,1523.0,42.0,1.7498611450195314,6.978488159179688,6.378685455322266,9.615037137348976,-5.836000278076013,-35.211346287468665,,-8.5,48.0,,13.0,63.14,,897.55,,,0,Gasolina,,,0.0,0.9666666666666667,87.0,0.0,0,29.8,0.98,15940.0,4.69,1696.0,0.0
F666D60A-75B1-428D-A08C-B318AA253AFC,9BWAH5BZ6KP538191,App2Car,2026-08-12T17:05:05.040115,2026-08-12T17:01:03.030472,13.75,12.0,,41.0,1523.0,42.0,0.6355783081054688,7.635471954345704,5.823340301513672,9.623704277385468,-5.8359272634778865,-35.211420819649625,,-8.5,48.0,,15.0,63.14,,816.2099999999999,,,0,Gasolina,,,0.0,0.7333333333333333,87.0,0.0,0,29.8,1.0,15940.0,4.69,1696.0,0.0
F666D60A-75B1-428D-A08C-B318AA253AFC,9BWAH5BZ6KP538191,App2Car,2026-08-12T17:05:06.040639,2026-08-12T17:01:03.030472,13.75,19.0,,41.0,1457.0,40.0,1.8832337951660156,8.493487701416017,5.690267028808594,10.395433695642847,-5.8358539723706055,-35.21149276403522,,14.0,48.0,,18.0,63.14,,960.8149999999999,,,0,Gasolina,,,0.0,0.8333333333333334,87.0,0.0,0,29.8,1.0,15940.0,4.69,1696.0,0.0
F666D60A-75B1-428D-A08C-B318AA253AFC,9BWAH5BZ6KP538191,App2Car,2026-08-12T17:05:07.040583,2026-08-12T17:01:03.030472,13.75,19.0,,59.0,1446.0,40.0,0.02005828857421875,8.972641296386719,4.355193328857422,9.973785795789333,-5.835780566327033,-35.211563632905225,,12.0,48.0,,19.0,63.14,,960.8149999999999,,,0,Gasolina,,,0.0,0.8333333333333334,87.0,0.0,0,29.8,1.0,15940.0,4.69,1696.0,0.0
F666D60A-75B1-428D-A08C-B318AA253AFC,9BWAH5BZ6KP538191,App2Car,2026-08-12T17:05:08.040644,2026-08-12T17:01:03.030472,13.75,23.0,,73.0,1468.0,41.0,2.808160400390625,8.205187225341797,4.957391052246094,9.989323714953073,-5.835702917274858,-35.21162970713651,,13.5,48.0,,19.0,63.14,,1077.76,,,0,Gasolina,,,0.0,0.8666666666666667,87.0,0.0,0,29.8,1.0,15940.0,4.69,1696.0,0.0
F666D60A-75B1-428D-A08C-B318AA253AFC,9BWAH5BZ6KP538191,App2Car,2026-08-12T17:05:09.040327,2026-08-12T17:01:03.030472,13.75,26.0,,84.0,1506.0,42.0,1.3724958801269531,8.56219482421875,5.063220977783203,10.041470600400507,-5.835617063627068,-35.21168831448079,,14.0,48.0,,21.0,63.14,,1226.04,,,0,Gasolina,,,0.0,0.9333333333333333,87.0,0.0,0,29.8,1.0,15940.0,4.69,1696.0,0.0
F666D60A-75B1-428D-A08C-B318AA253AFC,9BWAH5BZ6KP538191,App2Car,2026-08-12T17:05:10.040592,2026-08-12T17:01:03.030472,13.75,27.0,,85.0,1574.0,42.0,3.540736999511719,7.838000793457032,6.91247543334961,11.034191930295856,-5.835522735427915,-35.2117378609459,,14.0,48.0,,23.0,63.14,,1313.07,,,0,Gasolina,,,0.0,0.9666666666666667,87.0,0.0,0,29.8,1.0,15940.0,4.69,1696.0,0.0
F666D60A-75B1-428D-A08C-B318AA253AFC,9BWAH5BZ6KP538191,App2Car,2026-08-12T17:05:11.040315,2026-08-12T17:01:03.030472,13.75,25.0,,81.0,1558.0,43.0,0.1675016784667969,5.004992065429688,8.399632873535158,9.779153071584258,-5.83541949515188,-35.21177046751654,,14.0,48.0,,22.0,63.14,,1283.16,,,0,Gasolina,,,0.0,0.9333333333333333,87.0,0.0,0,29.8,1.0,15940.0,4.69,1696.0,0.0
F666D60A-75B1-428D-A08C-B318AA253AFC,9BWAH5BZ6KP538191,App2Car,2026-08-12T17:05:12.040342,2026-08-12T17:01:03.030472,13.75,21.0,,63.0,1558.0,43.0,0.4053570556640625,7.4836875915527346,7.821235656738281,10.832433775877483,-5.835313888722761,-35.21179678254095,,16.5,48.0,,19.0,63.14,,1106.56,,,0,Gasolina,,,0.0,0.8666666666666667,87.0,0.0,0,29.8,1.0,15940.0,4.69,1696.0,0.0
F666D60A-75B1-428D-A08C-B318AA253AFC,9BWAH5BZ6KP538191,App2Car,2026-08-12T17:05:13.040333,2026-08-12T17:01:03.030472,13.75,9.0,,63.0,1576.0,44.0,-0.20657043457031252,6.109545135498047,8.825347595214843,10.735733476735106,-5.835205677833727,-35.211823068379566,,2.0,48.0,,15.0,63.14,,815.14,,,0,Gasolina,,,0.0,0.9333333333333333,87.0,0.0,0,29.8,1.0,15940.0,4.69,1696.0,0.0
F666D60A-75B1-428D-A08C-B318AA253AFC,9BWAH5BZ6KP538191,App2Car,2026-08-12T17:05:14.040690,2026-08-12T17:01:03.030472,13.75,9.0,,27.0,1535.0,44.0,0.8457412719726562,5.862259368896485,6.033054199218751,8.454531694780234,-5.835096539615799,-35.211851175238905,,28.5,48.0,,15.0,63.14,,815.14,,,0,Gasolina,,,0.0,1.0,87.0,0.0,0,29.8,1.0,15940.0,4.69,1696.0,0.0
F666D60A-75B1-428D-A08C-B318AA253AFC,9BWAH5BZ6KP538191,App2Car,2026-08-12T17:05:15.040683,2026-08-12T17:01:03.030472,13.75,11.0,,37.0,1512.0,42.0,-0.6381230163574219,7.015760650634766,7.854167175292969,10.550641710742044,-5.834990668868319,-35.21187749559181,,17.0,48.0,,15.0,63.14,,798.18,,,0,Gasolina,,,0.0,0.9333333333333333,87.0,0.0,0,29.8,1.0,15940.0,4.69,1696.0,0.0
F666D60A-75B1-428D-A08C-B318AA253AFC,9BWAH5BZ6KP538191,App2Car,2026-08-12T17:05:16.040633,2026-08-12T17:01:03.030472,13.75,15.0,,47.0,1515.0,43.0,-0.6915618896484376,7.341782684326172,4.078269195556641,8.426880233070358,-5.834886438640326,-35.21189904581385,,17.0,48.0,,16.0,63.14,,903.35,,,0,Gasolina,,,0.0,0.8333333333333334,87.0,0.0,0,29.8,0.99,15940.0,4.69,1696.0,0.0
F666D60A-75B1-428D-A08C-B318AA253AFC,9BWAH5BZ6KP538191,App2Car,2026-08-12T17:05:17.039971,2026-08-12T17:01:03.030472,13.75,16.0,,51.0,1519.0,43.0,1.4362632751464846,7.0274363708496095,6.524332580566407,9.696114157935371,-5.834779640496846,-35.211918712675356,,15.0,48.0,,16.0,63.14,,918.9250000000001,,,0,Gasolina,,,0.0,0.8666666666666667,87.0,0.0,0,29.8,0.99,15940.0,4.69,1696.0,0.0
F666D60A-75B1-428D-A08C-B318AA253AFC,9BWAH5BZ6KP538191,App2Car,2026-08-12T17:05:18.040280,2026-08-12T17:01:03.030472,13.75,17.0,,55.0,1519.0,43.0,1.2148736572265626,6.539900207519532,6.437962188720704,9.257082146699062,-5.834672975824044,-35.211938617286144,,15.5,48.0,,17.0,63.14,,965.7,,,0,Gasolina,,,0.0,0.8666666666666667,87.0,0.0,0,29.8,0.99,15940.0,4.69,1696.0,0.0
F666D60A-75B1-428D-A08C-B318AA253AFC,9BWAH5BZ6KP538191,App2Car,2026-08-12T17:05:19.040660,2026-08-12T17:01:03.030472,13.75,19.0,,55.0,1526.0,43.0,-0.31105316162109375,7.731572113037109,5.828878784179688,9.687610091715483,-5.834566828233032,-35.21195367915017,,16.5,48.0,,18.0,63.14,,1031.06,,,0,Gasolina,,,0.0,0.9,87.0,0.0,0,29.8,1.0,15940.0,4.69,1696.0,0.0
F666D60A-75B1-428D-A08C-B318AA253AFC,9BWAH5BZ6KP538191,App2Car,2026-08-12T17:05:20.040158,2026-08-12T17:01:03.030472,13.75,19.0,,63.0,1529.0,43.0,0.42661285400390625,5.5076467895507815,6.103407897949219,8.23211756806226,-5.834460275450227,-35.21196880918451,,16.5,48.0,,18.0,63.14,,1031.06,,,0,Gasolina,,,0.0,0.9,87.0,0.0,0,29.8,1.0,15940.0,4.69,1696.0,0.0
F666D60A-75B1-428D-A08C-B318AA253AFC,9BWAH5BZ6KP538191,App2Car,2026-08-12T17:05:21.040178,2026-08-12T17:01:03.030472,13.75,20.0,,63.0,1547.0,44.0,1.5293696594238282,5.848038940429688,6.628665618896485,8.970938573587963,-5.834353111949795,-35.211983749065915,,16.5,48.0,,18.0,63.14,,1071.04,,,0,Gasolina,,,0.0,0.9,87.0,0.0,0,29.8,1.0,15940.0,4.69,1696.0,0.0
F666D60A-75B1-428D-A08C-B318AA253AFC,9BWAH5BZ6KP538191,App2Car,2026-08-12T17:05:22.040494,2026-08-12T17:01:03.030472,13.75,19.0,,62.0,1573.0,44.0,2.562521209716797,8.076604614257812,4.713099060058594,9.69594553384167,-5.834244042882595,-35.211996025877056,,16.5,48.0,,18.0,63.14,,1054.305,,,0,Gasolina,,,0.0,0.8666666666666667,87.0,0.0,0,29.8,1.0,15940.0,4.69,1696.0,0.0
F666D60A-75B1-428D-A08C-B318AA253AFC,9BWAH5BZ6KP538191,App2Car,2026-08-12T17:05:23.040502,2026-08-12T17:01:03.030472,13.75,16.0,,41.0,1575.0,45.0,2.4801924133300783,7.216343536376954,6.395600280761719,9.956438690286245,-5.834134746350239,-35.212009102976886,,16.5,48.0,,16.0,63.14,,968.375,,,0,Gasolina,,,0.0,0.8333333333333334,87.0,0.0,0,29.8,0.99,15940.0,4.69,1696.0,0.0
F666D60A-75B1-428D-A08C-B318AA253AFC,9BWAH5BZ6KP538191,App2Car,2026-08-12T17:05:24.040761,2026-08-12T17:01:03.030472,13.75,7.0,,27.0,1575.0,45.0,2.4837849426269534,6.841822357177735,7.016359405517578,10.10984768014793,-5.8340228233866736,-35.21201819663706,,5.0,48.0,,14.0,63.14,,773.5,,,0,Gasolina,,,0.0,0.9666666666666667,87.0,0.0,0,29.8,0.99,15940.0,4.69,1696.0,0.0
F666D60A-75B1-428D-A08C-B318AA253AFC,9BWAH5BZ6KP538191,App2Car,2026-08-12T17:05:25.040603,2026-08-12T17:01:03.030472,13.75,7.0,,27.0,1575.0,44.0,-0.7271878051757813,7.871231689453126,4.2978625488281255,8.997594839826188,-5.833910704535781,-35.21202360238322,,-5.5,48.0,,14.0,63.14,,773.5,,,0,Gasolina,,,0.0,0.9666666666666667,87.0,0.0,0,29.8,1.0,15940.0,4.69,1696.0,0.0
F666D60A-75B1-428D-A08C-B318AA253AFC,9BWAH5BZ6KP538191,App2Car,2026-08-12T17:05:26.040258,2026-08-12T17:01:03.030472,13.75,7.0,,27.0,1544.0,43.0,0.6613247680664063,8.097261657714844,5.575306091308594,9.853275334331206,-5.833800721794695,-35.2120274110641,,-7.5,48.0,,13.0,63.14,,750.72,,,0,Gasolina,,,0.0,0.9666666666666667,87.0,0.0,0,29.8,0.98,15940.0,4.69,1696.0,0.0
F666D60A-75B1-428D-A08C-B318AA253AFC,9BWAH5BZ6KP538191,App2Car,2026-08-12T17:05:27.040574,2026-08-12T17:01:03.030472,13.75,7.0,,26.0,1517.0,42.0,0.643062744140625,8.365653533935546,4.915478210449219,9.724176817610374,-5.8336921150989145,-35.212030621139085,,-7.5,48.0,,13.0,63.14,,704.25,,,0,Gasolina,,,0.0,0.9666666666666667,87.0,0.0,0,29.8,0.98,15940.0,4.69,1696.0,0.0
F666D60A-75B1-428D-A08C-B318AA253AFC,9BWAH5BZ6KP538191,App2Car,2026-08-12T17:05:28.040511,2026-08-12T17:01:03.030472,13.75,7.0,,27.0,1488.0,41.0,1.4597644042968752,8.482560424804689,4.129313049316407,9.546516104620034,-5.833585628579328,-35.21203399468015,,-7.0,48.0,,13.0,63.14,,704.25,,,0,Gasolina,,,0.0,0.9666666666666667,87.0,0.0,0,29.8,0.98,15940.0,4.69,1696.0,0.0
F666D60A-75B1-428D-A08C-B318AA253AFC,9BWAH5BZ6KP538191,App2Car,2026-08-12T17:05:29.040222,2026-08-12T17:01:03.030472,13.75,7.0,,26.0,1461.0,41.0,3.3043785095214844,7.612120513916016,6.077811126708984,10.286062616206262,-5.833481519773537,-35.212035189736525,,-8.5,48.0,,13.0,63.14,,704.25,,,0,Gasolina,,,0.0,0.9666666666666667,87.0,0.0,0,29.8,0.98,15940.0,4.69,1696.0,0.0
F666D60A-75B1-428D-A08C-B318AA253AFC,9BWAH5BZ6KP538191,App2Car,2026-08-12T17:05:30.040525,2026-08-12T17:01:03.030472,13.75,7.0,,27.0,1443.0,40.0,1.2463082885742187,8.595874786376953,4.1270677185058595,9.616394108311752,-5.8333784656371135,-35.21203618662902,,-8.5,48.0,,13.0,63.14,,704.25,,,0,Gasolina,,,0.0,0.9666666666666667,87.0,0.0,0,29.8,0.98,15940.0,4.69,1696.0,0.0
F666D60A-75B1-428D-A08C-B318AA253AFC,9BWAH5BZ6KP538191,App2Car,2026-08-12T17:05:31.040110,2026-08-12T17:01:03.030472,13.75,7.0,,27.0,1348.0,40.0,0.8957373046875,8.098459167480469,4.672832794189453,9.392696765509344,-5.833276698511894,-35.21203322088441,,-5.5,48.0,,13.0,63.14,,704.25,,,0,Gasolina,,,0.0,0.9333333333333333,87.0,0.0,0,29.8,0.98,15940.0,4.69,1696.0,0.0
F666D60A-75B1-428D-A08C-B318AA253AFC,9BWAH5BZ6KP538191,App2Car,2026-08-12T17:05:32.039994,2026-08-12T17:01:03.030472,13.75,6.0,,28.0,1348.0,37.0,0.7321275329589844,8.649014282226563,4.837191009521485,9.936794032346207,-5.8331766772291305,-35.21202893180677,,-4.0,48.0,,13.0,63.14,,569.3199999999999,,,0,Gasolina,,,0.0,0.9,87.0,0.0,0,29.8,0.99,15940.0,4.69,1696.0,0.0
F666D60A-75B1-428D-A08C-B318AA253AFC,9BWAH5BZ6KP538191,App2Car,2026-08-12T17:05:33.040596,2026-08-12T17:01:03.030472,13.75,6.0,,28.0,1187.0,32.0,0.9246272277832032,8.288863220214845,5.180576934814454,9.818277159019294,-5.833087950186282,-35.21202318759812,,-10.0,49.0,,13.0,63.14,,569.3199999999999,,,0,Gasolina,,,0.0,0.8666666666666667,87.0,0.0,0,29.8,0.99,15940.0,4.69,1696.0,0.0
F666D60A-75B1-428D-A08C-B318AA253AFC,9BWAH5BZ6KP538191,App2Car,2026-08-12T17:05:34.039987,2026-08-12T17:01:03.030472,13.75,6.0,,27.0,1318.0,26.0,-0.7330256652832031,7.192093963623047,6.870113525390625,9.973063825089167,-5.833008631567469,-35.212016411825644,,12.0,49.0,,14.0,63.14,,434.88000000000005,,,0,Gasolina,,,0.0,0.9666666666666667,87.0,0.0,0,29.8,1.0,15940.0,4.69,1696.0,0.0
F666D60A-75B1-428D-A08C-B318AA253AFC,9BWAH5BZ6KP538191,App2Car,2026-08-12T17:05:35.040106,2026-08-12T17:01:03.030472,13.75,8.0,,29.0,1103.0,20.0,0.300574951171875,7.636968841552735,4.789589996337891,9.019634733243874,-5.832945212240679,-35.21200989682537,,-7.5,49.0,,14.0,63.14,,462.06000000000006,,,0,Gasolina,,,0.0,0.9333333333333333,87.0,0.0,0,29.8,1.0,15940.0,4.69,1696.0,0.0
F666D60A-75B1-428D-A08C-B318AA253AFC,9BWAH5BZ6KP538191,App2Car,2026-08-12T17:05:36.040400,2026-08-12T17:01:03.030472,13.75,7.0,,32.0,942.0,15.0,1.9619700622558596,7.51841537475586,5.575755157470703,9.563730540360007,-5.832895456670175,-35.21200519112399,,-1.5,49.0,,12.0,63.14,,310.90500000000003,,,0,Gasolina,,,0.0,0.7666666666666667,87.0,0.0,0,29.8,0.98,15940.0,4.69,1696.0,0.0
F666D60A-75B1-428D-A08C-B318AA253AFC,9BWAH5BZ6KP538191,App2Car,2026-08-12T17:05:37.039777,2026-08-12T17:01:03.030472,13.75,9.0,,37.0,873.0,12.0,2.6002427673339845,7.785010986328126,6.156248016357422,10.259973106457297,-5.83285640824808,-35.212001635362874,,-1.5,49.0,,13.0,63.14,,269.04,,,0,Gasolina,,,0.0,0.8666666666666667,87.0,0.0,0,29.8,0.99,15940.0,4.69,1696.0,0.0
F666D60A-75B1-428D-A08C-B318AA253AFC,9BWAH5BZ6KP538191,App2Car,2026-08-12T17:05:38.039871,2026-08-12T17:01:03.030472,13.75,11.0,,46.0,848.0,12.0,2.575693817138672,7.797435150146485,5.561085662841797,9.917654324982843,-5.832823777503254,-35.21199854525163,,-10.5,49.0,,14.0,63.14,,261.395,,,0,Gasolina,,,0.0,0.9,87.0,0.0,0,29.8,0.98,15940.0,4.69,1696.0,0.0
F666D60A-75B1-428D-A08C-B318AA253AFC,9BWAH5BZ6KP538191,App2Car,2026-08-12T17:05:39.040116,2026-08-12T17:01:03.030472,13.75,11.0,,44.0,848.0,11.0,2.5803341674804687,7.873177642822266,5.2498828125,9.808482051586086,-5.8327953596593956,-35.211995836696524,,-4.5,49.0,,13.0,63.14,,236.27999999999997,,,0,Gasolina,,,0.0,0.8,87.0,0.0,0,29.8,0.98,15940.0,4.69,1696.0,0.0
F666D60A-75B1-428D-A08C-B318AA253AFC,9BWAH5BZ6KP538191,App2Car,2026-08-12T17:05:40.039720,2026-08-12T17:01:03.030472,13.75,17.0,,44.0,856.0,11.0,2.764750671386719,7.903564453125,5.037025451660156,9.77147904568733,-5.832767896080953,-35.21199393072241,,-15.0,49.0,,16.0,63.14,,343.84000000000003,,,0,Gasolina,,,0.0,0.8333333333333334,87.0,0.0,0,29.8,0.98,15940.0,4.69,1696.0,0.0
F666D60A-75B1-428D-A08C-B318AA253AFC,9BWAH5BZ6KP538191,App2Car,2026-08-12T17:05:41.040554,2026-08-12T17:01:03.030472,13.75,17.0,,52.0,1020.0,12.0,2.338437194824219,7.464078369140625,5.782774658203126,9.727344815640423,-5.832738973123297,-35.211991775729786,,-4.5,49.0,,14.0,63.14,,379.9,,,0,Gasolina,,,0.0,0.7333333333333333,87.0,0.0,0,29.8,1.0,15940.0,4.69,1696.0,0.0
F666D60A-75B1-428D-A08C-B318AA253AFC,9BWAH5BZ6KP538191,App2Car,2026-08-12T17:05:42.040456,2026-08-12T17:01:03.030472,13.75,11.0,,43.0,884.0,12.0,2.6776318359375,7.705077209472656,6.200256500244141,10.246028875695242,-5.832706131032267,-35.21198840279868,,-1.0,49.0,,14.0,63.14,,278.29999999999995,,,0,Gasolina,,,0.0,0.7333333333333333,87.0,0.0,0,29.8,1.0,15940.0,4.69,1696.0,0.0
F666D60A-75B1-428D-A08C-B318AA253AFC,9BWAH5BZ6KP538191,App2Car,2026-08-12T17:05:43.040555,2026-08-12T17:01:03.030472,13.75,11.0,,45.0,849.0,9.0,3.2332763671875,7.558981018066406,6.256689147949219,10.331429194074117,-5.832674755684834,-35.2119852085931,,-7.5,49.0,,14.0,63.14,,224.89999999999998,,,0,Gasolina,,,0.0,0.8666666666666667,87.0,0.0,0,29.8,0.99,15940.0,4.69,1696.0,0.0
F666D60A-75B1-428D-A08C-B318AA253AFC,9BWAH5BZ6KP538191,App2Car,2026-08-12T17:05:44.040408,2026-08-12T17:01:03.030472,13.75,17.0,,60.0,871.0,5.0,2.9261151123046876,7.097341003417969,6.539002075195313,10.084292097547774,-5.832648151956798,-35.21198163957187,,-7.5,49.0,,15.0,63.14,,260.81,,,0,Gasolina,,,0.0,0.8,87.0,0.0,0,29.8,0.98,15940.0,4.69,1696.0,0.0
F666D60A-75B1-428D-A08C-B318AA253AFC,9BWAH5BZ6KP538191,App2Car,2026-08-12T17:05:45.040422,2026-08-12T17:01:03.030472,13.75,13.0,,47.0,935.0,5.0,2.1941372680664064,7.414381713867188,5.909561004638672,9.731916862447607,-5.832633566929312,-35.21197938030404,,-2.5,49.0,,14.0,63.14,,204.39000000000001,,,0,Gasolina,,,0.0,0.7666666666666667,87.0,0.0,0,29.8,1.0,15940.0,4.69,1696.0,0.0
F666D60A-75B1-428D-A08C-B318AA253AFC,9BWAH5BZ6KP538191,App2Car,2026-08-12T17:05:46.040014,2026-08-12T17:01:03.030472,13.75,16.0,,59.0,935.0,1.0,2.6562263488769533,7.752079467773438,5.037923583984376,9.619300833699333,-5.832627769656769,-35.2119780102411,,-7.0,49.0,,16.0,63.14,,215.47500000000002,,,0,Gasolina,,,0.0,0.8,87.0,0.0,0,29.8,0.99,15940.0,4.69,1696.0,0.0
F666D60A-75B1-428D-A08C-B318AA253AFC,9BWAH5BZ6KP538191,App2Car,2026-08-12T17:05:47.040365,2026-08-12T17:01:03.030472,13.75,16.0,,59.0,965.0,0.0,2.760110321044922,7.511080627441407,5.609285430908203,9.77233975164921,-5.8326252729019465,-35.21197740563711,,-13.0,49.0,,15.0,63.14,,205.2,,,0,Gasolina,,,0.0,0.9,87.0,0.0,0,29.8,0.99,15940.0,4.69,1696.0,0.0
F666D60A-75B1-428D-A08C-B318AA253AFC,9BWAH5BZ6KP538191,App2Car,2026-08-12T17:05:48.040146,2026-08-12T17:01:03.030472,13.75,16.0,,57.0,994.0,0.0,2.6005421447753907,7.623945922851563,5.685327301025391,9.859529268738068,-5.832627352031015,-35.21197716865361,,-12.0,50.0,,15.0,63.14,,205.2,,,0,Gasolina,,,0.0,0.9,87.0,0.0,0,29.8,0.99,15940.0,4.69,1696.0,0.0
F666D60A-75B1-428D-A08C-B318AA253AFC,9BWAH5BZ6KP538191,App2Car,2026-08-12T17:05:49.039037,2026-08-12T17:01:03.030472,13.75,16.0,,57.0,1005.0,0.0,2.514620819091797,7.471862182617188,5.939648437500001,9.870737860004741,-5.8326267959822795,-35.211976316005995,,-11.5,50.0,,15.0,63.14,,205.2,,,0,Gasolina,,,0.0,0.9,87.0,0.0,0,29.8,0.99,15940.0,4.69,1696.0,0.0
F666D60A-75B1-428D-A08C-B318AA253AFC,9BWAH5BZ6KP538191,App2Car,2026-08-12T17:05:50.039967,2026-08-12T17:01:03.030472,13.75,15.0,,51.0,989.0,0.0,2.9437783813476566,8.144712982177735,4.6764253234863284,9.842313474315302,-5.832627473652247,-35.211976307028685,,-1.0,50.0,,15.0,63.14,,187.875,,,0,Gasolina,,,0.0,0.8666666666666667,87.0,0.0,0,29.8,1.0,15940.0,4.69,1696.0,0.0
F666D60A-75B1-428D-A08C-B318AA253AFC,9BWAH5BZ6KP538191,App2Car,2026-08-12T17:05:51.039826,2026-08-12T17:01:03.030472,13.75,28.0,,93.0,964.0,1.0,2.2950274658203127,7.356003112792969,5.473517761230469,9.451842653514438,-5.832627473652247,-35.211976307028685,,-1.0,50.0,,20.0,63.14,,429.78,,,0,Gasolina,,,1.0,0.5333333333333333,87.0,0.0,0,29.8,1.0,15940.0,4.69,1696.0,0.0
F666D60A-75B1-428D-A08C-B318AA253AFC,9BWAH5BZ6KP538191,App2Car,2026-08-12T17:05:52.039955,2026-08-12T17:01:03.030472,13.75,25.0,,80.0,974.0,1.0,3.27638671875,8.425828399658204,4.305646362304688,10.013385279140902,-5.83262696665331,-35.2119742688085,,-13.0,50.0,,18.0,63.14,,359.32,,,0,Gasolina,,,0.0,0.7666666666666667,87.0,0.0,0,29.8,1.0,15940.0,4.69,1696.0,0.0
F666D60A-75B1-428D-A08C-B318AA253AFC,9BWAH5BZ6KP538191,App2Car,2026-08-12T17:05:53.039359,2026-08-12T17:01:03.030472,13.75,26.0,,93.0,974.0,2.0,2.242037658691406,8.02660858154297,4.396956481933594,9.422653792234305,-5.8326210792081605,-35.21197271891182,,-2.5,50.0,,18.0,63.14,,388.36,,,0,Gasolina,,,0.0,0.6666666666666666,87.0,0.0,0,29.8,1.0,15940.0,4.69,1696.0,0.0
F666D60A-75B1-428D-A08C-B318AA253AFC,9BWAH5BZ6KP538191,App2Car,2026-08-12T17:05:54.039581,2026-08-12T17:01:03.030472,13.75,20.0,,93.0,937.0,5.0,2.7872039794921877,7.934849395751954,5.452561340332031,10.023011829118314,-5.832612218192132,-35.21197096833586,,-23.5,50.0,,20.0,63.14,,367.125,,,0,Gasolina,,,0.0,0.7666666666666667,87.0,0.0,0,29.8,0.99,15940.0,4.69,1696.0,0.0
F666D60A-75B1-428D-A08C-B318AA253AFC,9BWAH5BZ6KP538191,App2Car,2026-08-12T17:05:55.039587,2026-08-12T17:01:03.030472,13.75,20.0,,71.0,1006.0,6.0,2.465672607421875,7.581284637451172,4.718936920166016,9.26411268376792,-5.832595853750462,-35.211968542436885,,-2.5,50.0,,16.0,63.14,,338.78000000000003,,,0,Gasolina,,,0.0,0.5666666666666667,87.0,0.0,0,29.8,1.0,15940.0,4.69,1696.0,0.0
F666D60A-75B1-428D-A08C-B318AA253AFC,9BWAH5BZ6KP538191,App2Car,2026-08-12T17:05:56.039936,2026-08-12T17:01:03.030472,13.75,15.0,,51.0,1106.0,7.0,2.495460662841797,7.6401123046875,5.535488891601563,9.759112522000782,-5.832578893315597,-35.21196525642811,,-6.0,50.0,,16.0,63.14,,273.63,,,0,Gasolina,,,0.0,0.7666666666666667,87.0,0.0,0,29.8,0.99,15940.0,4.69,1696.0,0.0
F666D60A-75B1-428D-A08C-B318AA253AFC,9BWAH5BZ6KP538191,App2Car,2026-08-12T17:05:57.040440,2026-08-12T17:01:03.030472,13.75,12.0,,58.0,1116.0,8.0,2.885699157714844,8.04008056640625,4.951852569580079,9.87375303590263,-5.832559233862327,-35.21196209087854,,-6.0,50.0,,15.0,63.14,,247.57,,,0,Gasolina,,,0.0,0.7666666666666667,87.0,0.0,0,29.8,0.99,15940.0,4.69,1696.0,0.0
F666D60A-75B1-428D-A08C-B318AA253AFC,9BWAH5BZ6KP538191,App2Car,2026-08-12T17:05:58.039687,2026-08-12T17:01:03.030472,13.75,20.0,,54.0,1413.0,8.0,3.127745819091797,7.643704833984375,5.256618804931641,9.789844674880356,-5.832539682798546,-35.21195813768063,,-6.0,50.0,,17.0,63.14,,394.24,,,0,Gasolina,,,0.0,0.6333333333333333,87.0,0.0,0,29.8,1.0,15940.0,4.69,1696.0,0.0
F666D60A-75B1-428D-A08C-B318AA253AFC,9BWAH5BZ6KP538191,App2Car,2026-08-12T17:05:59.039525,2026-08-12T17:01:03.030472,13.75,9.0,,35.0,1413.0,9.0,2.7762767028808595,7.829468536376954,5.4760624694824225,9.949650750792694,-5.832517863098022,-35.211954397437744,,3.5,50.0,,14.0,63.14,,253.17000000000002,,,0,Gasolina,,,0.0,1.0,87.0,0.0,0,29.8,0.98,15940.0,4.69,1696.0,0.0
F666D60A-75B1-428D-A08C-B318AA253AFC,9BWAH5BZ6KP538191,App2Car,2026-08-12T17:06:00.039850,2026-08-12T17:01:03.030472,13.75,11.0,,35.0,1085.0,9.0,1.8836828613281251,6.783294067382813,5.8192987060546875,9.133760285717047,-5.832492539630853,-35.21194859637857,,-1.5,50.0,,14.0,63.14,,248.5,,,0,Gasolina,,,0.0,0.8,87.0,0.0,0,29.8,1.0,15940.0,4.69,1696.0,0.0
F666D60A-75B1-428D-A08C-B318AA253AFC,9BWAH5BZ6KP538191,App2Car,2026-08-12T17:06:01.038759,2026-08-12T17:01:03.030472,13.75,11.0,,44.0,923.0,8.0,2.4472608947753907,6.729256439208985,6.652765502929688,9.774009768191545,-5.83246877502303,-35.21194464794974,,0.0,50.0,,14.0,63.14,,248.5,,,0,Gasolina,,,0.0,0.7333333333333333,87.0,0.0,0,29.8,1.0,15940.0,4.69,1696.0,0.0
F666D60A-75B1-428D-A08C-B318AA253AFC,9BWAH5BZ6KP538191,App2Car,2026-08-12T17:06:02.039734,2026-08-12T17:01:03.030472,13.75,12.0,,46.0,886.0,5.0,2.6336233520507815,7.142247619628907,6.0942768859863286,9.751301645607585,-5.832446944218298,-35.21194161988419,,-6.0,50.0,,14.0,63.14,,232.3,,,0,Gasolina,,,0.0,0.7,87.0,0.0,0,29.8,1.0,15940.0,4.69,1696.0,0.0
F666D60A-75B1-428D-A08C-B318AA253AFC,9BWAH5BZ6KP538191,App2Car,2026-08-12T17:06:03.040418,2026-08-12T17:01:03.030472,13.75,15.0,,56.0,831.0,5.0,2.8207342529296877,7.360194396972656,6.316714324951172,10.100984266393143,-5.832434482257171,-35.21193909476862,,-3.0,50.0,,15.0,63.14,,238.6,,,0,Gasolina,,,0.0,0.8,87.0,0.0,0,29.8,1.0,15940.0,4.69,1696.0,0.0
F666D60A-75B1-428D-A08C-B318AA253AFC,9BWAH5BZ6KP538191,App2Car,2026-08-12T17:06:04.040421,2026-08-12T17:01:03.030472,13.75,15.0,,56.0,831.0,5.0,2.8023225402832033,7.8321629333496094,5.507347412109375,9.976305095173398,-5.832422942645653,-35.211937271929635,,-3.0,50.0,,15.0,63.14,,238.6,,,0,Gasolina,,,0.0,0.8,89.0,0.0,0,29.8,1.0,13060.0,3.91,1756.0,0.78
F666D60A-75B1-428D-A08C-B318AA253AFC,9BWAH5BZ6KP538191,App2Car,2026-08-12T17:06:05.039545,2026-08-12T17:01:03.030472,13.66,22.0,,70.0,831.0,5.0,2.0212467956542968,7.470814361572266,5.348377990722657,9.407638012044453,-5.8324116445994445,-35.21193646525992,,-3.0,50.0,,18.0,63.14,,355.185,,,0,Gasolina,,,0.0,0.8,89.0,0.0,0,29.8,1.0,13060.0,3.91,1756.0,0.78
F666D60A-75B1-428D-A08C-B318AA253AFC,9BWAH5BZ6KP538191,App2Car,2026-08-12T17:06:06.040030,2026-08-12T17:01:03.030472,13.66,18.0,,70.0,946.0,6.0,2.470312957763672,7.426506500244141,6.038592681884766,9.885345036222855,-5.832396318942452,-35.211934165053925,,-20.5,50.0,,16.0,63.14,,305.52,,,0,Gasolina,,,0.0,0.8,89.0,0.0,0,29.8,0.99,13060.0,3.91,1756.0,0.78
F666D60A-75B1-428D-A08C-B318AA253AFC,9BWAH5BZ6KP538191,App2Car,2026-08-12T17:06:07.039159,2026-08-12T17:01:03.030472,13.66,18.0,,56.0,959.0,6.0,2.7740313720703127,7.964188385009766,6.1257115173339844,10.423429775210892,-5.832379657390678,-35.21193170217682,,-13.5,50.0,,15.0,63.14,,305.52,,,0,Gasolina,,,0.0,0.8333333333333334,89.0,0.0,0,29.8,0.99,13060.0,3.91,1756.0,0.78
F666D60A-75B1-428D-A08C-B318AA253AFC,9BWAH5BZ6KP538191,App2Car,2026-08-12T17:06:08.039608,2026-08-12T17:01:03.030472,13.66,16.0,,60.0,907.0,6.0,2.3700215148925783,7.756719818115235,5.744454345703125,9.938936565229847,-5.832361832295133,-35.211928878383894,,-13.0,50.0,,15.0,63.14,,270.49,,,0,Gasolina,,,0.0,0.6666666666666666,89.0,0.0,0,29.8,0.99,13060.0,3.91,1756.0,0.78
F666D60A-75B1-428D-A08C-B318AA253AFC,9BWAH5BZ6KP538191,App2Car,2026-08-12T17:06:09.040408,2026-08-12T17:01:03.030472,13.66,16.0,,61.0,906.0,6.0,2.1116587829589846,7.162904663085937,6.460714874267579,9.87457050785949,-5.8323451808309725,-35.21192596454142,,0.0,50.0,,15.0,63.14,,270.49,,,0,Gasolina,,,0.0,0.6,89.0,0.0,0,29.8,0.99,13060.0,3.91,1756.0,0.78
F666D60A-75B1-428D-A08C-B318AA253AFC,9BWAH5BZ6KP538191,App2Car,2026-08-12T17:06:10.040172,2026-08-12T17:01:03.030472,13.66,16.0,,58.0,867.0,6.0,2.9668304443359377,7.492369537353516,5.802383880615235,9.93002229945759,-5.832329057869481,-35.211922903477124,,0.0,50.0,,15.0,63.14,,270.49,,,0,Gasolina,,,0.0,0.8,89.0,0.0,0,29.8,1.0,13060.0,3.91,1756.0,0.78
F666D60A-75B1-428D-A08C-B318AA253AFC,9BWAH5BZ6KP538191,App2Car,2026-08-12T17:06:11.040220,2026-08-12T17:01:03.030472,13.66,22.0,,72.0,953.0,5.0,3.0073960876464847,7.726183319091797,5.172194366455078,9.77189513209149,-5.832316552749911,-35.21191980544892,,-13.0,50.0,,14.0,63.14,,306.045,,,0,Gasolina,,,0.0,0.7666666666666667,89.0,0.0,0,29.8,1.0,13060.0,3.91,1756.0,0.78
F666D60A-75B1-428D-A08C-B318AA253AFC,9BWAH5BZ6KP538191,App2Car,2026-08-12T17:06:12.038813,2026-08-12T17:01:03.030472,13.66,18.0,,63.0,953.0,6.0,2.3415806579589846,7.236701202392578,5.823340301513672,9.57935992317186,-5.832302018881898,-35.21191672610301,,-21.0,50.0,,16.0,63.14,,306.36,,,0,Gasolina,,,0.0,0.8333333333333334,89.0,0.0,0,29.8,0.99,13060.0,3.91,1756.0,0.78
F666D60A-75B1-428D-A08C-B318AA253AFC,9BWAH5BZ6KP538191,App2Car,2026-08-12T17:06:13.039081,2026-08-12T17:01:03.030472,13.66,18.0,,63.0,872.0,6.0,3.0588890075683595,7.847580871582031,6.029461669921876,10.35836548523462,-5.832286639346218,-35.21191409296441,,-14.5,50.0,,15.0,63.14,,306.36,,,0,Gasolina,,,0.0,0.8333333333333334,89.0,0.0,0,29.8,0.98,13060.0,3.91,1756.0,0.78
F666D60A-75B1-428D-A08C-B318AA253AFC,9BWAH5BZ6KP538191,App2Car,2026-08-12T17:06:14.039339,2026-08-12T17:01:03.030472,13.66,16.0,,61.0,881.0,5.0,2.3655308532714847,7.100634155273438,6.189628601074219,9.712169883401497,-5.832271656469946,-35.211910737041165,,-2.5,50.0,,16.0,63.14,,250.005,,,0,Gasolina,,,0.0,0.7333333333333333,89.0,0.0,0,29.8,1.0,13060.0,3.91,1756.0,0.78
F666D60A-75B1-428D-A08C-B318AA253AFC,9BWAH5BZ6KP538191,App2Car,2026-08-12T17:06:15.039936,2026-08-12T17:01:03.030472,13.66,14.0,,62.0,863.0,4.0,2.5210574340820315,7.366331634521485,6.0342517089843755,9.850419586143177,-5.832256954554952,-35.21190851414886,,-10.5,50.0,,16.0,63.14,,221.67,,,0,Gasolina,,,0.0,0.8666666666666667,89.0,0.0,0,29.8,0.97,13060.0,3.91,1756.0,0.78
F666D60A-75B1-428D-A08C-B318AA253AFC,9BWAH5BZ6KP538191,App2Car,2026-08-12T17:06:16.039746,2026-08-12T17:01:03.030472,13.66,18.0,,65.0,873.0,4.0,2.574795684814453,7.3392379760742195,5.912854156494141,9.770150007239355,-5.8322453565546315,-35.2119068858876,,-8.5,50.0,,,63.14,,94.93,,,0,Gasolina,,,0.0,0.7666666666666667,89.0,0.0,0,29.8,0.97,13060.0,3.91,1756.0,0.78
F666D60A-75B1-428D-A08C-B318AA253AFC,9BWAH5BZ6KP538191,App2Car,2026-08-12T17:06:17.039503,2026-08-12T17:01:03.030472,13.66,25.0,,84.0,910.0,2.0,2.274969177246094,7.343129882812501,6.252946929931641,9.90940899054102,-5.832234757909271,-35.21190552189598,,-8.5,50.0,,19.0,63.14,,379.35,,,0,Gasolina,,,1.0,0.5,89.0,0.0,0,29.8,1.0,13060.0,3.91,1756.0,0.78
F666D60A-75B1-428D-A08C-B318AA253AFC,9BWAH5BZ6KP538191,App2Car,2026-08-12T17:06:18.038759,2026-08-12T17:01:03.030472,13.66,21.0,,72.0,868.0,2.0,2.821183319091797,7.703580322265625,5.553002471923828,9.906566587608046,-5.832226723690986,-35.21190393026369,,-16.5,50.0,,17.0,63.14,,300.15,,,0,Gasolina,,,0.0,0.7,89.0,0.0,0,29.8,0.99,13060.0,3.91,1756.0,0.78
F666D60A-75B1-428D-A08C-B318AA253AFC,9BWAH5BZ6KP538191,App2Car,2026-08-12T17:06:19.039663,2026-08-12T17:01:03.030472,13.66,25.0,,87.0,868.0,2.0,2.6888584899902344,7.546257476806641,5.820196838378907,9.902052975162702,-5.832223487688899,-35.21190329624543,,-12.0,50.0,,19.0,63.14,,373.68,,,0,Gasolina,,,0.0,0.8,89.0,0.0,0,29.8,0.99,13060.0,3.91,1756.0,0.78
F666D60A-75B1-428D-A08C-B318AA253AFC,9BWAH5BZ6KP538191,App2Car,2026-08-12T17:06:20.040234,2026-08-12T17:01:03.030472,13.66,24.0,,87.0,935.0,1.0,3.0241612243652347,7.973618774414063,5.239105224609375,10.008614840484766,-5.8322167946468095,-35.2119024754717,,-13.5,51.0,,18.0,63.14,,341.875,,,0,Gasolina,,,0.0,0.7333333333333333,89.0,0.0,0,29.8,0.99,13060.0,3.91,1756.0,0.78
F666D60A-75B1-428D-A08C-B318AA253AFC,9BWAH5BZ6KP538191,App2Car,2026-08-12T17:06:21.039438,2026-08-12T17:01:03.030472,13.66,24.0,,82.0,916.0,2.0,2.797532501220703,7.820337524414063,5.111271057128906,9.752382217211776,-5.8322136878810324,-35.211901798433644,,-7.0,51.0,,18.0,63.14,,353.08,,,0,Gasolina,,,0.0,0.5333333333333333,89.0,0.0,0,29.8,0.97,13060.0,3.91,1756.0,0.78
F666D60A-75B1-428D-A08C-B318AA253AFC,9BWAH5BZ6KP538191,App2Car,2026-08-12T17:06:22.039788,2026-08-12T17:01:03.030472,13.66,24.0,,83.0,910.0,4.0,3.1897169494628907,7.575596466064454,5.758225708007813,10.035991198616168,-5.832207920849444,-35.211900646881,,-12.0,51.0,,18.0,63.14,,353.08,,,0,Gasolina,,,0.0,0.6666666666666666,89.0,0.0,0,29.8,0.99,13060.0,3.91,1756.0,0.78
F666D60A-75B1-428D-A08C-B318AA253AFC,9BWAH5BZ6KP538191,App2Car,2026-08-12T17:06:23.040436,2026-08-12T17:01:03.030472,13.66,22.0,,67.0,913.0,5.0,2.592159576416016,7.667505340576172,5.745801544189454,9.925933951149347,-5.832197462777575,-35.21189725753604,,-10.0,51.0,,17.0,63.14,,339.29999999999995,,,0,Gasolina,,,0.0,0.5666666666666667,89.0,0.0,0,29.8,0.99,13060.0,3.91,1756.0,0.78
F666D60A-75B1-428D-A08C-B318AA253AFC,9BWAH5BZ6KP538191,App2Car,2026-08-12T17:06:24.040128,2026-08-12T17:01:03.030472,13.66,18.0,,69.0,888.0,5.0,2.512525177001953,7.322323150634766,6.14367416381836,9.883012259354926,-5.832184617326546,-35.21189483710935,,-10.0,51.0,,16.0,63.14,,288.995,,,0,Gasolina,,,0.0,0.7333333333333333,89.0,0.0,0,29.8,0.97,13060.0,3.91,1756.0,0.78
F666D60A-75B1-428D-A08C-B318AA253AFC,9BWAH5BZ6KP538191,App2Car,2026-08-12T17:06:25.039279,2026-08-12T17:01:03.030472,13.66,21.0,,76.0,881.0,5.0,2.356549530029297,7.287146301269532,5.64072006225586,9.511758498002527,-5.8321697850155285,-35.21189165308397,,-9.0,51.0,,16.0,63.14,,323.44,,,0,Gasolina,,,0.0,0.6,89.0,0.0,0,29.8,0.98,13060.0,3.91,1756.0,0.78
F666D60A-75B1-428D-A08C-B318AA253AFC,9BWAH5BZ6KP538191,App2Car,2026-08-12T17:06:26.039890,2026-08-12T17:01:03.030472,13.66,25.0,,84.0,881.0,5.0,2.5571324157714845,7.436535644531251,6.338568878173828,10.100418011524422,-5.8321575132730175,-35.211889406346934,,-14.5,51.0,,17.0,63.14,,387.15,,,0,Gasolina,,,0.0,0.6333333333333333,89.0,0.0,0,29.8,1.0,13060.0,3.91,1756.0,0.78
F666D60A-75B1-428D-A08C-B318AA253AFC,9BWAH5BZ6KP538191,App2Car,2026-08-12T17:06:27.041101,2026-08-12T17:01:03.030472,13.66,22.0,,84.0,882.0,3.0,3.1457084655761722,7.1700897216796875,6.200406188964844,9.987527485593612,-5.832145693718753,-35.211887223944736,,-16.0,51.0,,18.0,63.14,,335.25,,,0,Gasolina,,,0.0,0.7333333333333333,89.0,0.0,0,29.8,1.0,13060.0,3.91,1756.0,0.78
F666D60A-75B1-428D-A08C-B318AA253AFC,9BWAH5BZ6KP538191,App2Car,2026-08-12T17:06:28.038982,2026-08-12T17:01:03.030472,13.66,22.0,,74.0,939.0,1.0,2.497705993652344,7.385491790771485,5.756279754638673,9.691170251107081,-5.832138882129217,-35.211885068673816,,-3.0,51.0,,16.0,63.14,,314.985,,,0,Gasolina,,,1.0,0.5333333333333333,89.0,0.0,0,29.8,1.0,13060.0,3.91,1756.0,0.78
F666D60A-75B1-428D-A08C-B318AA253AFC,9BWAH5BZ6KP538191,App2Car,2026-08-12T17:06:29.039874,2026-08-12T17:01:03.030472,13.66,18.0,,78.0,924.0,1.0,2.678679656982422,7.28849349975586,5.984105987548828,9.803417091551935,-5.832136088363833,-35.21188433813687,,-7.0,51.0,,16.0,63.14,,241.20499999999998,,,0,Gasolina,,,0.0,0.7333333333333333,89.0,0.0,0,29.8,0.99,13060.0,3.91,1756.0,0.78
F666D60A-75B1-428D-A08C-B318AA253AFC,9BWAH5BZ6KP538191,App2Car,2026-08-12T17:06:30.039753,2026-08-12T17:01:03.030472,13.66,24.0,,80.0,969.0,2.0,2.7566674804687503,7.991431732177735,4.799469451904297,9.72096207932598,-5.832132669177369,-35.21188395616098,,-7.0,51.0,,18.0,63.14,,359.97,,,0,Gasolina,,,0.0,0.6666666666666666,89.0,0.0,0,29.8,0.97,13060.0,3.91,1756.0,0.78
F666D60A-75B1-428D-A08C-B318AA253AFC,9BWAH5BZ6KP538191,App2Car,2026-08-12T17:06:31.039994,2026-08-12T17:01:03.030472,13.66,29.0,,97.0,940.0,2.0,2.1297711181640624,7.349566497802734,5.448070678710938,9.393270295356139,-5.832127547573663,-35.21188358067021,,-6.0,51.0,,23.0,63.14,,506.695,,,0,Gasolina,,,0.0,0.5333333333333333,89.0,0.0,0,29.8,0.99,13060.0,3.91,1756.0,0.78
F666D60A-75B1-428D-A08C-B318AA253AFC,9BWAH5BZ6KP538191,App2Car,2026-08-12T17:06:32.040510,2026-08-12T17:01:03.030472,13.66,36.0,,90.0,940.0,5.0,3.2730935668945316,8.028255157470703,4.526137847900391,9.780181296340968,-5.832115064115338,-35.21188148491821,,-19.0,51.0,,80.0,63.14,,1832.7,,,1,Gasolina,,,0.0,0.7,89.0,0.0,0,29.8,0.98,13060.0,3.91,1756.0,0.78
F666D60A-75B1-428D-A08C-B318AA253AFC,9BWAH5BZ6KP538191,App2Car,2026-08-12T17:06:33.039696,2026-08-12T17:01:03.030472,13.66,20.0,,90.0,1342.0,9.0,2.5991949462890624,8.102051696777345,5.382507019042969,10.068288726298729,-5.83209879177861,-35.21187831068881,,10.5,51.0,,18.0,63.14,,455.59,,,0,Gasolina,,,0.0,0.7,89.0,0.0,0,29.8,1.0,13060.0,3.91,1756.0,0.78
F666D60A-75B1-428D-A08C-B318AA253AFC,9BWAH5BZ6KP538191,App2Car,2026-08-12T17:06:34.040150,2026-08-12T17:01:03.030472,13.66,20.0,,59.0,1614.0,11.0,2.608475646972656,7.412136383056641,5.182971954345703,9.413134931648198,-5.832074342917895,-35.21187265057029,,17.0,51.0,,19.0,63.14,,529.17,,,0,Gasolina,,,0.0,0.8,89.0,0.0,0,29.8,1.0,13060.0,3.91,1756.0,0.78
F666D60A-75B1-428D-A08C-B318AA253AFC,9BWAH5BZ6KP538191,App2Car,2026-08-12T17:06:35.039653,2026-08-12T17:01:03.030472,13.66,20.0,,65.0,1870.0,13.0,3.4459840393066408,7.733368377685547,5.422623596191406,10.054085693394239,-5.8320464224917785,-35.21186591802504,,18.5,51.0,,19.0,63.14,,622.05,,,0,Gasolina,,,0.0,0.8333333333333334,89.0,0.0,0,29.8,1.0,13060.0,3.91,1756.0,0.78
F666D60A-75B1-428D-A08C-B318AA253AFC,9BWAH5BZ6KP538191,App2Car,2026-08-12T17:06:36.039886,2026-08-12T17:01:03.030472,13.66,21.0,,69.0,2177.0,15.0,2.4638763427734376,8.393196258544922,5.616470489501953,10.395247511549565,-5.832014701721779,-35.21185835737247,,20.0,51.0,,20.0,63.14,,751.86,,,0,Gasolina,,,0.0,0.8,89.0,0.0,0,29.8,1.0,13060.0,3.91,1756.0,0.78
F666D60A-75B1-428D-A08C-B318AA253AFC,9BWAH5BZ6KP538191,App2Car,2026-08-12T17:06:37.039236,2026-08-12T17:01:03.030472,13.66,21.0,,64.0,2432.0,17.0,3.809278564453125,8.066276092529296,5.443280639648438,10.450106090585074,-5.831978547735277,-35.211849565042016,,20.0,51.0,,21.0,63.14,,861.08,,,0,Gasolina,,,0.0,0.8,89.0,0.0,0,29.8,1.0,13060.0,3.91,1756.0,0.78
F666D60A-75B1-428D-A08C-B318AA253AFC,9BWAH5BZ6KP538191,App2Car,2026-08-12T17:06:38.039314,2026-08-12T17:01:03.030472,13.66,24.0,,79.0,1647.0,17.0,4.9337402343750005,8.642877044677736,6.384223937988281,11.823680966606407,-5.831937494748335,-35.21184009292749,,-2.5,51.0,,20.0,63.14,,908.5600000000001,,,0,Gasolina,,,0.0,0.7333333333333333,89.0,0.0,0,29.8,1.0,13060.0,3.91,1756.0,0.78
F666D60A-75B1-428D-A08C-B318AA253AFC,9BWAH5BZ6KP538191,App2Car,2026-08-12T17:06:39.038747,2026-08-12T17:01:03.030472,13.66,22.0,,71.0,1647.0,19.0,3.441493377685547,7.884104919433594,6.417005767822266,10.732238819256432,-5.831891983552631,-35.21183012892683,,17.0,51.0,,18.0,63.14,,706.6349999999999,,,0,Gasolina,,,0.0,0.8,89.0,0.0,0,29.8,1.0,13060.0,3.91,1756.0,0.78
F666D60A-75B1-428D-A08C-B318AA253AFC,9BWAH5BZ6KP538191,App2Car,2026-08-12T17:06:40.039971,2026-08-12T17:01:03.030472,13.66,21.0,,71.0,1762.0,21.0,1.6468753051757814,8.484207000732422,5.1043853759765625,10.037366027427627,-5.831842364329741,-35.21181772755117,,18.0,51.0,,20.0,63.14,,790.02,,,0,Gasolina,,,0.0,0.8,89.0,0.0,0,29.8,1.0,13060.0,3.91,1756.0,0.78
F666D60A-75B1-428D-A08C-B318AA253AFC,9BWAH5BZ6KP538191,App2Car,2026-08-12T17:06:41.038531,2026-08-12T17:01:03.030472,13.66,21.0,,64.0,1870.0,22.0,1.312321014404297,7.0126171875,5.892496490478516,9.253134666347895,-5.8317912992503445,-35.21180238057057,,18.5,51.0,,18.0,63.14,,832.0500000000001,,,0,Gasolina,,,0.0,0.8,89.0,0.0,0,29.8,1.0,13060.0,3.91,1756.0,0.78
F666D60A-75B1-428D-A08C-B318AA253AFC,9BWAH5BZ6KP538191,App2Car,2026-08-12T17:06:42.038660,2026-08-12T17:01:03.030472,13.66,16.0,,53.0,1916.0,23.0,0.9235794067382813,6.791976013183594,6.583459625244141,9.503992725240908,-5.831734854882021,-35.21178803856232,,16.5,51.0,,18.0,63.14,,724.62,,,0,Gasolina,,,0.0,0.9,89.0,0.0,0,29.8,0.99,13060.0,3.91,1756.0,0.78
F666D60A-75B1-428D-A08C-B318AA253AFC,9BWAH5BZ6KP538191,App2Car,2026-08-12T17:06:43.039485,2026-08-12T17:01:03.030472,13.66,15.0,,45.0,1927.0,24.0,0.20432510375976565,6.21312973022461,7.066056060791016,9.411369615888477,-5.831678566645526,-35.21177179393871,,11.0,51.0,,17.0,63.14,,707.265,,,0,Gasolina,,,0.0,0.9,89.0,0.0,0,29.8,0.99,13060.0,3.91,1756.0,0.78
F666D60A-75B1-428D-A08C-B318AA253AFC,9BWAH5BZ6KP538191,App2Car,2026-08-12T17:06:44.039832,2026-08-12T17:01:03.030472,13.66,17.0,,52.0,1959.0,24.0,-0.3553610229492188,4.607568511962891,6.708599395751953,8.146242993045746,-5.831620801102008,-35.21175575831965,,11.0,50.0,,17.0,63.14,,743.535,,,0,Gasolina,,,0.0,0.9,89.0,0.0,0,29.8,0.99,13060.0,3.91,1756.0,0.78
F666D60A-75B1-428D-A08C-B318AA253AFC,9BWAH5BZ6KP538191,App2Car,2026-08-12T17:06:45.039851,2026-08-12T17:01:03.030472,13.66,18.0,,63.0,2022.0,24.0,-0.42661285400390625,7.7707905578613286,4.054019622802735,8.77509313474323,-5.831563498636595,-35.2117381673141,,18.0,51.0,,18.0,63.14,,789.3899999999999,,,0,Gasolina,,,0.0,0.8666666666666667,89.0,0.0,0,29.8,1.0,13060.0,3.91,1756.0,0.78
F666D60A-75B1-428D-A08C-B318AA253AFC,9BWAH5BZ6KP538191,App2Car,2026-08-12T17:06:46.039481,2026-08-12T17:01:03.030472,13.66,18.0,,60.0,2022.0,25.0,0.4463717651367188,8.550219726562501,4.279001770019532,9.571591365757321,-5.831504664790684,-35.21172130763161,,19.5,51.0,,18.0,63.14,,821.73,,,0,Gasolina,,,0.0,0.8666666666666667,89.0,0.0,0,29.8,1.0,13060.0,3.91,1756.0,0.78
F666D60A-75B1-428D-A08C-B318AA253AFC,9BWAH5BZ6KP538191,App2Car,2026-08-12T17:06:47.039983,2026-08-12T17:01:03.030472,13.66,17.0,,60.0,2105.0,26.0,0.24623794555664064,7.645201721191406,6.018833770751954,9.733247271259689,-5.831444609554931,-35.21170251114128,,20.0,51.0,,18.0,63.14,,839.575,,,0,Gasolina,,,0.0,0.8666666666666667,89.0,0.0,0,29.8,0.99,13060.0,3.91,1756.0,0.78
F666D60A-75B1-428D-A08C-B318AA253AFC,9BWAH5BZ6KP538191,App2Car,2026-08-12T17:06:48.040004,2026-08-12T17:01:03.030472,13.66,17.0,,57.0,2166.0,27.0,-0.49187713623046875,7.450307006835938,5.4953723144531255,9.27082167273823,-5.831382749627662,-35.21168141730356,,18.0,51.0,,18.0,63.14,,839.575,,,0,Gasolina,,,0.0,0.8666666666666667,89.0,0.0,0,29.8,0.99,13060.0,3.91,1756.0,0.78
F666D60A-75B1-428D-A08C-B318AA253AFC,9BWAH5BZ6KP538191,App2Car,2026-08-12T17:06:49.039611,2026-08-12T17:01:03.030472,13.66,16.0,,52.0,2234.0,28.0,-0.09984237670898438,7.880362701416016,5.670059051513672,9.708741136404234,-5.831318272638927,-35.211660203364524,,17.0,51.0,,18.0,63.14,,852.69,,,0,Gasolina,,,0.0,0.8666666666666667,89.0,0.0,0,29.8,0.99,13060.0,3.91,1756.0,0.78
F666D60A-75B1-428D-A08C-B318AA253AFC,9BWAH5BZ6KP538191,App2Car,2026-08-12T17:06:50.039980,2026-08-12T17:01:03.030472,13.66,16.0,,54.0,2311.0,29.0,0.7363188171386719,7.866890716552735,5.997727661132813,9.919822178031913,-5.831246814357925,-35.2116559492206,,-4.5,51.0,,18.0,63.14,,852.69,,,0,Gasolina,,,0.0,0.8333333333333334,89.0,0.0,0,29.8,0.98,13060.0,3.91,1756.0,0.78
F666D60A-75B1-428D-A08C-B318AA253AFC,9BWAH5BZ6KP538191,App2Car,2026-08-12T17:06:51.039586,2026-08-12T17:01:03.030472,13.66,23.0,,77.0,1608.0,30.0,0.22079086303710938,7.483388214111328,5.421875152587891,9.243731818835451,-5.831177929070145,-35.21163511510316,,-4.5,51.0,,19.0,63.14,,1094.8600000000001,,,0,Gasolina,,,0.0,0.7333333333333333,89.0,0.0,0,29.8,0.99,13060.0,3.91,1756.0,0.78
F666D60A-75B1-428D-A08C-B318AA253AFC,9BWAH5BZ6KP538191,App2Car,2026-08-12T17:06:52.039679,2026-08-12T17:01:03.030472,13.66,23.0,,71.0,1557.0,30.0,0.8015830993652344,8.244255981445313,6.581214294433594,10.579351291172909,-5.831108020651967,-35.21161397154393,,15.0,51.0,,19.0,63.14,,1094.8600000000001,,,0,Gasolina,,,0.0,0.8333333333333334,89.0,0.0,0,29.8,1.0,13060.0,3.91,1756.0,0.78
F666D60A-75B1-428D-A08C-B318AA253AFC,9BWAH5BZ6KP538191,App2Car,2026-08-12T17:06:53.039313,2026-08-12T17:01:03.030472,13.66,14.0,,43.0,1557.0,31.0,0.7159611511230469,7.732170867919923,6.691534881591798,10.250644163767793,-5.831033674658622,-35.21158810402353,,16.5,51.0,,16.0,63.14,,710.325,,,0,Gasolina,,,0.0,0.8333333333333334,89.0,0.0,0,29.8,0.99,13060.0,3.91,1756.0,0.78
F666D60A-75B1-428D-A08C-B318AA253AFC,9BWAH5BZ6KP538191,App2Car,2026-08-12T17:06:54.039054,2026-08-12T17:01:03.030472,13.66,8.0,,43.0,1534.0,32.0,0.8328680419921876,7.506589965820313,5.834117889404297,9.543557703382598,-5.830966148598233,-35.211543433824964,,0.0,51.0,,14.0,63.14,,586.8000000000001,,,0,Gasolina,,,0.0,0.9333333333333333,89.0,0.0,0,29.8,0.99,13060.0,3.91,1756.0,0.78
F666D60A-75B1-428D-A08C-B318AA253AFC,9BWAH5BZ6KP538191,App2Car,2026-08-12T17:06:55.039428,2026-08-12T17:01:03.030472,13.66,8.0,,29.0,1514.0,31.0,2.271825714111328,7.993976440429688,6.180647277832032,10.356893944538337,-5.8308898769724955,-35.21151877782955,,18.0,51.0,,15.0,63.14,,587.73,,,0,Gasolina,,,0.0,1.0,89.0,0.0,0,29.8,1.0,13060.0,3.91,1756.0,0.78
F666D60A-75B1-428D-A08C-B318AA253AFC,9BWAH5BZ6KP538191,App2Car,2026-08-12T17:06:56.039416,2026-08-12T17:01:03.030472,13.66,10.0,,37.0,1488.0,31.0,0.09131011962890626,6.867718505859376,6.934779052734376,9.76038193535035,-5.830816071334209,-35.21149614076078,,14.0,51.0,,15.0,63.14,,617.8700000000001,,,0,Gasolina,,,0.0,0.9333333333333333,89.0,0.0,0,29.8,1.0,13060.0,3.91,1756.0,0.78
F666D60A-75B1-428D-A08C-B318AA253AFC,9BWAH5BZ6KP538191,App2Car,2026-08-12T17:06:57.040100,2026-08-12T17:01:03.030472,13.66,15.0,,45.0,1507.0,31.0,1.3575270080566406,7.905061340332032,6.299799499511719,10.199036626371306,-5.830743421003807,-35.21147145009372,,17.0,51.0,,16.0,63.14,,710.24,,,0,Gasolina,,,0.0,0.8333333333333334,89.0,0.0,0,29.8,0.99,13060.0,3.91,1756.0,0.78
F666D60A-75B1-428D-A08C-B318AA253AFC,9BWAH5BZ6KP538191,App2Car,2026-08-12T17:06:58.039902,2026-08-12T17:01:03.030472,13.66,15.0,,43.0,1534.0,31.0,1.0289602661132813,7.7812687683105475,6.28977035522461,10.058236127442395,-5.83066984261555,-35.2114426458865,,17.0,51.0,,16.0,63.14,,710.24,,,0,Gasolina,,,0.0,0.8333333333333334,89.0,0.0,0,29.8,0.99,13060.0,3.91,1756.0,0.78
F666D60A-75B1-428D-A08C-B318AA253AFC,9BWAH5BZ6KP538191,App2Car,2026-08-12T17:06:59.039641,2026-08-12T17:01:03.030472,13.66,12.0,,30.0,1551.0,31.0,1.1295510864257814,7.896529083251954,6.94361068725586,10.5756695577946,-5.830597355762187,-35.211412811518514,,18.0,51.0,,16.0,63.14,,673.81,,,0,Gasolina,,,0.0,0.8,89.0,0.0,0,29.8,0.99,13060.0,3.91,1756.0,0.78
F666D60A-75B1-428D-A08C-B318AA253AFC,9BWAH5BZ6KP538191,App2Car,2026-08-12T17:07:00.039910,2026-08-12T17:01:03.030472,13.66,14.0,,43.0,1551.0,32.0,0.7123686218261719,5.6872732543945315,4.0213874816894535,7.001721459855607,-5.8305236864078545,-35.21138193317592,,9.5,51.0,,17.0,63.14,,747.73,,,0,Gasolina,,,0.0,0.8333333333333334,89.0,0.0,0,29.8,0.99,13060.0,3.91,1756.0,0.78
F666D60A-75B1-428D-A08C-B318AA253AFC,9BWAH5BZ6KP538191,App2Car,2026-08-12T17:07:01.039479,2026-08-12T17:01:03.030472,13.66,14.0,,43.0,1604.0,32.0,-0.41149429321289066,8.957223358154298,4.046235809326172,9.83733714304258,-5.830447454702062,-35.21135253431717,,15.5,51.0,,16.0,63.14,,747.73,,,0,Gasolina,,,0.0,0.7333333333333333,89.0,0.0,0,29.8,0.99,13060.0,3.91,1756.0,0.78
F666D60A-75B1-428D-A08C-B318AA253AFC,9BWAH5BZ6KP538191,App2Car,2026-08-12T17:07:02.039580,2026-08-12T17:01:03.030472,13.66,14.0,,42.0,1633.0,34.0,-0.32362701416015627,8.165819091796875,4.859195251464844,9.50773970910579,-5.830372281978619,-35.211327362724454,,14.0,51.0,,16.0,63.14,,775.9199999999998,,,0,Gasolina,,,0.0,0.7666666666666667,89.0,0.0,0,29.8,0.99,13060.0,3.91,1756.0,0.78
F666D60A-75B1-428D-A08C-B318AA253AFC,9BWAH5BZ6KP538191,App2Car,2026-08-12T17:07:03.039401,2026-08-12T17:01:03.030472,13.66,14.0,,40.0,1664.0,35.0,0.07694000244140625,7.585475921630859,5.470973052978516,9.352909219490709,-5.830292048661397,-35.21129337460414,,-3.0,51.0,,16.0,63.14,,775.9199999999998,,,0,Gasolina,,,0.0,0.6,89.0,0.0,0,29.8,1.0,13060.0,3.91,1756.0,0.78
F666D60A-75B1-428D-A08C-B318AA253AFC,9BWAH5BZ6KP538191,App2Car,2026-08-12T17:07:04.039080,2026-08-12T17:01:03.030472,13.66,14.0,,40.0,1664.0,35.0,-0.07379653930664062,6.0887384033203125,6.79467041015625,9.123909647510443,-5.830210501304795,-35.21126145339412,,-3.0,51.0,,14.0,63.14,,750.6800000000001,,,0,Gasolina,,,0.0,0.7,87.0,0.0,0,29.8,1.0,13060.0,4.69,1816.0,0.0
F666D60A-75B1-428D-A08C-B318AA253AFC,9BWAH5BZ6KP538191,App2Car,2026-08-12T17:07:05.038214,2026-08-12T17:01:03.030472,13.69,7.0,,28.0,1664.0,35.0,0.7641609191894532,6.517446899414063,8.069120178222656,10.400565198473517,-5.830128301239534,-35.21123068950336,,-3.0,51.0,,14.0,63.14,,643.44,,,0,Gasolina,,,0.0,0.9666666666666667,87.0,0.0,0,29.8,1.0,14130.0,4.69,1816.0,0.0
F666D60A-75B1-428D-A08C-B318AA253AFC,9BWAH5BZ6KP538191,App2Car,2026-08-12T17:07:06.039920,2026-08-12T17:01:03.030472,13.69,7.0,,28.0,1607.0,33.0,1.5962805175781252,7.6615177917480475,6.465504913330078,10.151340805448646,-5.830048579530396,-35.21120109899612,,-6.0,51.0,,13.0,63.14,,581.4,,,0,Gasolina,,,0.0,0.9333333333333333,87.0,0.0,0,29.8,0.98,14130.0,4.69,1816.0,0.0
F666D60A-75B1-428D-A08C-B318AA253AFC,9BWAH5BZ6KP538191,App2Car,2026-08-12T17:07:07.039164,2026-08-12T17:01:03.030472,13.69,7.0,,27.0,1570.0,32.0,1.8351837158203126,7.499554595947266,5.600603485107422,9.538237667714261,-5.829971208357138,-35.211173007874706,,-7.0,51.0,,13.0,63.14,,581.4,,,0,Gasolina,,,0.0,0.9333333333333333,87.0,0.0,0,29.8,0.98,14130.0,4.69,1816.0,0.0
F666D60A-75B1-428D-A08C-B318AA253AFC,9BWAH5BZ6KP538191,App2Car,2026-08-12T17:07:08.039294,2026-08-12T17:01:03.030472,13.69,7.0,,27.0,1530.0,31.0,1.77949951171875,4.720134429931641,6.112987976074219,7.925585754028616,-5.829895320266721,-35.21114637331244,,-8.5,51.0,,13.0,63.14,,581.4,,,0,Gasolina,,,0.0,0.9666666666666667,87.0,0.0,0,29.8,0.98,14130.0,4.69,1816.0,0.0
F666D60A-75B1-428D-A08C-B318AA253AFC,9BWAH5BZ6KP538191,App2Car,2026-08-12T17:07:09.038826,2026-08-12T17:01:03.030472,13.69,7.0,,28.0,1468.0,30.0,3.982318725585938,6.583309936523438,6.727011108398438,10.220152181107512,-5.829822216551163,-35.21111845861765,,-8.5,51.0,,13.0,63.14,,581.4,,,0,Gasolina,,,0.0,0.9666666666666667,87.0,0.0,0,29.8,0.98,14130.0,4.69,1816.0,0.0
F666D60A-75B1-428D-A08C-B318AA253AFC,9BWAH5BZ6KP538191,App2Car,2026-08-12T17:07:10.039277,2026-08-12T17:01:03.030472,13.69,7.0,,28.0,1404.0,29.0,4.400399322509766,7.353757781982422,5.87019287109375,10.387513275921785,-5.829752102052975,-35.21109015175769,,-8.5,51.0,,13.0,63.14,,581.4,,,0,Gasolina,,,0.0,0.9666666666666667,87.0,0.0,0,29.8,0.98,14130.0,4.69,1816.0,0.0
F666D60A-75B1-428D-A08C-B318AA253AFC,9BWAH5BZ6KP538191,App2Car,2026-08-12T17:07:11.039357,2026-08-12T17:01:03.030472,13.69,6.0,,28.0,1318.0,29.0,2.192191314697266,7.777526550292969,5.780529327392578,9.935297746197236,-5.8296883429061985,-35.21105167392851,,-7.5,51.0,,13.0,63.14,,473.2,,,0,Gasolina,,,0.0,0.9,87.0,0.0,0,29.8,0.98,14130.0,4.69,1816.0,0.0
F666D60A-75B1-428D-A08C-B318AA253AFC,9BWAH5BZ6KP538191,App2Car,2026-08-12T17:07:12.038630,2026-08-12T17:01:03.030472,13.69,20.0,,57.0,1318.0,27.0,1.117276611328125,8.690028991699219,4.364024963378906,9.788239105364564,-5.829643334605765,-35.21100019068383,,-10.5,51.0,,18.0,63.14,,732.73,,,0,Gasolina,,,0.0,0.5666666666666667,87.0,0.0,0,29.8,0.99,14130.0,4.69,1816.0,0.0
F666D60A-75B1-428D-A08C-B318AA253AFC,9BWAH5BZ6KP538191,App2Car,2026-08-12T17:07:13.038978,2026-08-12T17:01:03.030472,13.69,23.0,,57.0,1340.0,27.0,2.558030548095703,9.424701232910158,4.232897644042969,10.643586617280548,-5.829614304743694,-35.21093568441389,,11.0,51.0,,19.0,63.14,,810.0,,,0,Gasolina,,,0.0,0.6666666666666666,87.0,0.0,0,29.8,1.0,14130.0,4.69,1816.0,0.0
F666D60A-75B1-428D-A08C-B318AA253AFC,9BWAH5BZ6KP538191,App2Car,2026-08-12T17:07:14.039464,2026-08-12T17:01:03.030472,13.69,23.0,,78.0,1369.0,28.0,1.7107923889160157,8.440048828125,6.821165313720703,10.985878711155227,-5.829616815132533,-35.21086530738449,,12.0,51.0,,23.0,63.14,,833.595,,,0,Gasolina,,,0.0,0.7,87.0,0.0,0,29.8,1.0,14130.0,4.69,1816.0,0.0
F666D60A-75B1-428D-A08C-B318AA253AFC,9BWAH5BZ6KP538191,App2Car,2026-08-12T17:07:15.039582,2026-08-12T17:01:03.030472,13.69,29.0,,86.0,1505.0,30.0,-0.5366340637207031,7.235952758789063,6.938221893310547,10.0392186691289,-5.82964229290003,-35.21079415326545,,13.5,51.0,,23.0,63.14,,1122.475,,,0,Gasolina,,,0.0,0.9666666666666667,87.0,0.0,0,29.8,1.0,14130.0,4.69,1816.0,0.0
F666D60A-75B1-428D-A08C-B318AA253AFC,9BWAH5BZ6KP538191,App2Car,2026-08-12T17:07:16.039657,2026-08-12T17:01:03.030472,13.69,27.0,,86.0,1568.0,31.0,1.0457254028320313,6.8461633300781255,7.625143432617188,10.300791538916787,-5.829674417180624,-35.21072276573787,,13.5,51.0,,22.0,63.14,,1092.72,,,0,Gasolina,,,0.0,0.9666666666666667,87.0,0.0,0,29.8,0.99,14130.0,4.69,1816.0,0.0
F666D60A-75B1-428D-A08C-B318AA253AFC,9BWAH5BZ6KP538191,App2Car,2026-08-12T17:07:17.039043,2026-08-12T17:01:03.030472,13.69,27.0,,85.0,1607.0,32.0,0.4881349182128906,6.908134460449219,6.760541381835938,9.678094709060296,-5.829703917818194,-35.21064910509144,,13.5,51.0,,22.0,63.14,,1092.72,,,0,Gasolina,,,0.0,0.9333333333333333,87.0,0.0,0,29.8,0.99,14130.0,4.69,1816.0,0.0
F666D60A-75B1-428D-A08C-B318AA253AFC,9BWAH5BZ6KP538191,App2Car,2026-08-12T17:07:18.039794,2026-08-12T17:01:03.030472,13.69,27.0,,84.0,1629.0,32.0,0.2513273620605469,7.698341217041016,5.632487182617187,9.542145188544334,-5.829732580539481,-35.21057456321128,,13.5,51.0,,22.0,63.14,,1092.72,,,0,Gasolina,,,0.0,0.9333333333333333,87.0,0.0,0,29.8,0.99,14130.0,4.69,1816.0,0.0
F666D60A-75B1-428D-A08C-B318AA253AFC,9BWAH5BZ6KP538191,App2Car,2026-08-12T17:07:19.039593,2026-08-12T17:01:03.030472,13.69,26.0,,81.0,1629.0,34.0,0.880169677734375,7.598498840332032,4.47629150390625,8.862791259872566,-5.829762667636066,-35.21049586947624,,14.0,51.0,,22.0,63.14,,1148.7,,,0,Gasolina,,,0.0,0.9333333333333333,87.0,0.0,0,29.8,1.0,14130.0,4.69,1816.0,0.0
F666D60A-75B1-428D-A08C-B318AA253AFC,9BWAH5BZ6KP538191,App2Car,2026-08-12T17:07:20.039450,2026-08-12T17:01:03.030472,13.69,25.0,,81.0,1676.0,35.0,1.5048207092285157,7.624245300292969,4.762496337890625,9.114547335681793,-5.829792812218435,-35.21041523993209,,15.0,51.0,,21.0,63.14,,1132.8,,,0,Gasolina,,,0.0,0.9,87.0,0.0,0,29.8,1.0,14130.0,4.69,1816.0,0.0
F666D60A-75B1-428D-A08C-B318AA253AFC,9BWAH5BZ6KP538191,App2Car,2026-08-12T17:07:21.039325,2026-08-12T17:01:03.030472,13.69,25.0,,79.0,1718.0,36.0,1.227297821044922,7.774383087158204,5.745352478027344,9.744555783831713,-5.829824928063515,-35.21033160674647,,15.5,51.0,,20.0,63.14,,1133.99,,,0,Gasolina,,,0.0,0.8666666666666667,87.0,0.0,0,29.8,1.0,14130.0,4.69,1816.0,0.0
F666D60A-75B1-428D-A08C-B318AA253AFC,9BWAH5BZ6KP538191,App2Car,2026-08-12T17:07:22.039382,2026-08-12T17:01:03.030472,13.69,25.0,,76.0,1745.0,36.0,1.7744100952148438,8.679401092529297,5.563330993652344,10.46093620360682,-5.8298577097081115,-35.210248117020505,,16.5,51.0,,20.0,63.14,,1133.99,,,0,Gasolina,,,0.0,0.8666666666666667,87.0,0.0,0,29.8,1.0,14130.0,4.69,1816.0,0.0
F666D60A-75B1-428D-A08C-B318AA253AFC,9BWAH5BZ6KP538191,App2Car,2026-08-12T17:07:23.038871,2026-08-12T17:01:03.030472,13.69,24.0,,73.0,1781.0,37.0,0.8545729064941406,7.1242849731445315,5.2277288818359375,8.877774523666865,-5.8298913671421815,-35.21016297583345,,17.0,51.0,,20.0,63.14,,1123.5,,,0,Gasolina,,,0.0,0.8,87.0,0.0,0,29.8,1.0,14130.0,4.69,1816.0,0.0
F666D60A-75B1-428D-A08C-B318AA253AFC,9BWAH5BZ6KP538191,App2Car,2026-08-12T17:07:24.038303,2026-08-12T17:01:03.030472,13.69,23.0,,71.0,1801.0,37.0,0.8985813903808594,7.123536529541016,4.616250457763672,8.535923470348559,-5.829924717292009,-35.21007834940952,,17.0,51.0,,20.0,63.14,,1134.3,,,0,Gasolina,,,0.0,0.8,87.0,0.0,0,29.8,1.0,14130.0,4.69,1816.0,0.0
F666D60A-75B1-428D-A08C-B318AA253AFC,9BWAH5BZ6KP538191,App2Car,2026-08-12T17:07:25.039668,2026-08-12T17:01:03.030472,13.69,20.0,,59.0,1806.0,37.0,0.5463638305664062,6.846013641357422,5.043462066650391,8.520735052256029,-5.829958693789441,-35.209991532151896,,18.0,51.0,,18.0,63.14,,1026.2849999999999,,,0,Gasolina,,,0.0,0.7666666666666667,87.0,0.0,0,29.8,1.0,14130.0,4.69,1816.0,0.0
F666D60A-75B1-428D-A08C-B318AA253AFC,9BWAH5BZ6KP538191,App2Car,2026-08-12T17:07:26.039276,2026-08-12T17:01:03.030472,13.69,8.0,,35.0,1806.0,37.0,-1.823657684326172,6.631958770751954,5.060077514648437,8.53891029000811,-5.829991174214641,-35.209903166280775,,3.0,51.0,,14.0,63.14,,721.3499999999999,,,0,Gasolina,,,0.0,0.9333333333333333,87.0,0.0,0,29.8,1.0,14130.0,4.69,1816.0,0.0
F666D60A-75B1-428D-A08C-B318AA253AFC,9BWAH5BZ6KP538191,App2Car,2026-08-12T17:07:27.039596,2026-08-12T17:01:03.030472,13.69,11.0,,35.0,1745.0,36.0,0.1993853759765625,6.866371307373047,5.268893280029297,8.657253944248549,-5.830024276401741,-35.20981596399248,,10.5,51.0,,15.0,63.14,,762.5749999999999,,,0,Gasolina,,,0.0,0.9,87.0,0.0,0,29.8,1.0,14130.0,4.69,1816.0,0.0
F666D60A-75B1-428D-A08C-B318AA253AFC,9BWAH5BZ6KP538191,App2Car,2026-08-12T17:07:28.039738,2026-08-12T17:01:03.030472,13.69,11.0,,33.0,1687.0,34.0,1.0080038452148439,6.638395385742188,6.5467858886718755,9.377887316529469,-5.8300557853100985,-35.20973322257061,,-4.5,51.0,,14.0,63.14,,717.0749999999999,,,0,Gasolina,,,0.0,0.7,87.0,0.0,0,29.8,1.0,14130.0,4.69,1816.0,0.0
F666D60A-75B1-428D-A08C-B318AA253AFC,9BWAH5BZ6KP538191,App2Car,2026-08-12T17:07:29.039574,2026-08-12T17:01:03.030472,13.69,7.0,,30.0,1594.0,33.0,1.4383589172363282,7.705825653076173,7.397915954589844,10.778579954779529,-5.8300856139361725,-35.20965017105765,,-7.0,51.0,,14.0,63.14,,598.8,,,0,Gasolina,,,0.0,0.9666666666666667,87.0,0.0,0,29.8,0.99,14130.0,4.69,1816.0,0.0
F666D60A-75B1-428D-A08C-B318AA253AFC,9BWAH5BZ6KP538191,App2Car,2026-08-12T17:07:30.039278,2026-08-12T17:01:03.030472,13.69,7.0,,27.0,1529.0,31.0,1.3057347106933594,7.719746704101563,6.10056381225586,9.925538329864137,-5.830115258712989,-35.20957262336038,,11.0,51.0,,13.0,63.14,,537.51,,,0,Gasolina,,,0.0,1.0,87.0,0.0,0,29.8,1.0,14130.0,4.69,1816.0,0.0
F666D60A-75B1-428D-A08C-B318AA253AFC,9BWAH5BZ6KP538191,App2Car,2026-08-12T17:07:31.039386,2026-08-12T17:01:03.030472,13.69,11.0,,36.0,1461.0,31.0,1.2096345520019531,7.940687255859375,6.401138763427735,10.270944811136978,-5.830142389856104,-35.209500192846136,,11.0,51.0,,15.0,63.14,,636.09,,,0,Gasolina,,,0.0,0.9333333333333333,87.0,0.0,0,29.8,1.0,14130.0,4.69,1816.0,0.0
F666D60A-75B1-428D-A08C-B318AA253AFC,9BWAH5BZ6KP538191,App2Car,2026-08-12T17:07:32.039224,2026-08-12T17:01:03.030472,13.69,13.0,,46.0,1473.0,30.0,0.164058837890625,7.010970611572266,7.485783233642579,10.257561836991496,-5.830170110705014,-35.2094287152856,,24.5,51.0,,15.0,63.14,,636.615,,,0,Gasolina,,,0.0,0.9333333333333333,87.0,0.0,0,29.8,1.0,14130.0,4.69,1816.0,0.0
F666D60A-75B1-428D-A08C-B318AA253AFC,9BWAH5BZ6KP538191,App2Car,2026-08-12T17:07:33.039172,2026-08-12T17:01:03.030472,13.69,17.0,,53.0,1473.0,30.0,0.10747650146484375,7.347470855712891,4.265829162597656,8.496715695984307,-5.83019703576901,-35.209357805570846,,13.5,51.0,,16.0,63.14,,722.1550000000001,,,0,Gasolina,,,0.0,0.8666666666666667,87.0,0.0,0,29.8,0.99,14130.0,4.69,1816.0,0.0
F666D60A-75B1-428D-A08C-B318AA253AFC,9BWAH5BZ6KP538191,App2Car,2026-08-12T17:07:34.039246,2026-08-12T17:01:03.030472,13.69,17.0,,53.0,1465.0,31.0,1.2281959533691407,7.7918966674804695,6.12885498046875,9.989243332113908,-5.830222135334548,-35.209287143168396,,14.0,51.0,,17.0,63.14,,735.6,,,0,Gasolina,,,0.0,0.9,87.0,0.0,0,29.8,0.99,14130.0,4.69,1816.0,0.0
F666D60A-75B1-428D-A08C-B318AA253AFC,9BWAH5BZ6KP538191,App2Car,2026-08-12T17:07:35.039136,2026-08-12T17:01:03.030472,13.69,18.0,,57.0,1488.0,31.0,2.076182556152344,7.8763211059570315,6.006259918212891,10.120381730732602,-5.830247633500254,-35.20921447922584,,15.5,51.0,,17.0,63.14,,775.4250000000001,,,0,Gasolina,,,0.0,0.9,87.0,0.0,0,29.8,1.0,14130.0,4.69,1816.0,0.0
F666D60A-75B1-428D-A08C-B318AA253AFC,9BWAH5BZ6KP538191,App2Car,2026-08-12T17:07:36.038875,2026-08-12T17:01:03.030472,13.69,18.0,,52.0,1503.0,31.0,1.7938696289062501,7.483238525390625,5.996829528808594,9.755961842432217,-5.830271961140533,-35.20914214491425,,-1.5,51.0,,17.0,63.14,,775.4250000000001,,,0,Gasolina,,,0.0,0.7,87.0,0.0,0,29.8,0.99,14130.0,4.69,1816.0,0.0
F666D60A-75B1-428D-A08C-B318AA253AFC,9BWAH5BZ6KP538191,App2Car,2026-08-12T17:07:37.038970,2026-08-12T17:01:03.030472,13.69,7.0,,27.0,1478.0,30.0,1.555415496826172,6.889573059082031,6.725065155029297,9.752539958574133,-5.830300115980916,-35.209069729691514,,-1.5,51.0,,13.0,63.14,,513.93,,,0,Gasolina,,,0.0,0.9666666666666667,87.0,0.0,0,29.8,0.99,14130.0,4.69,1816.0,0.0
F666D60A-75B1-428D-A08C-B318AA253AFC,9BWAH5BZ6KP538191,App2Car,2026-08-12T17:07:38.038932,2026-08-12T17:01:03.030472,13.69,7.0,,27.0,1397.0,30.0,2.941982116699219,8.18902084350586,6.768474884033203,11.023954526672346,-5.830327474355904,-35.20899831695869,,-7.0,51.0,,13.0,63.14,,513.93,,,0,Gasolina,,,0.0,0.9666666666666667,87.0,0.0,0,29.8,0.98,14130.0,4.69,1816.0,0.0
F666D60A-75B1-428D-A08C-B318AA253AFC,9BWAH5BZ6KP538191,App2Car,2026-08-12T17:07:39.039760,2026-08-12T17:01:03.030472,13.69,7.0,,27.0,1397.0,28.0,0.75922119140625,7.1314700317382815,6.808292083740235,9.888737165512161,-5.830350763763461,-35.20892869689083,,-4.5,51.0,,13.0,63.14,,513.93,,,0,Gasolina,,,0.0,0.9666666666666667,87.0,0.0,0,29.8,0.98,14130.0,4.69,1816.0,0.0
F666D60A-75B1-428D-A08C-B318AA253AFC,9BWAH5BZ6KP538191,App2Car,2026-08-12T17:07:40.039060,2026-08-12T17:01:03.030472,13.69,7.0,,27.0,1335.0,27.0,1.9690054321289063,7.0310289001464845,7.345824279785156,10.357291351310405,-5.830375625581733,-35.20886281226049,,-4.0,51.0,,13.0,63.14,,513.93,,,0,Gasolina,,,0.0,0.9333333333333333,87.0,0.0,0,29.8,0.99,14130.0,4.69,1816.0,0.0
F666D60A-75B1-428D-A08C-B318AA253AFC,9BWAH5BZ6KP538191,App2Car,2026-08-12T17:07:41.039395,2026-08-12T17:01:03.030472,13.69,7.0,,28.0,1195.0,24.0,3.814966735839844,6.098917236328125,7.542814636230469,10.423282366302729,-5.830399478513373,-35.20879939473006,,0.0,51.0,,13.0,63.14,,513.93,,,0,Gasolina,,,0.0,0.9,87.0,0.0,0,29.8,0.98,14130.0,4.69,1816.0,0.0
F666D60A-75B1-428D-A08C-B318AA253AFC,9BWAH5BZ6KP538191,App2Car,2026-08-12T17:07:42.038801,2026-08-12T17:01:03.030472,13.69,7.0,,30.0,1013.0,18.0,1.4437477111816408,6.160888366699219,6.8690657043457035,9.339433418098249,-5.830417743586498,-35.20874221418477,,-8.5,51.0,,13.0,63.14,,513.93,,,0,Gasolina,,,0.0,0.9333333333333333,87.0,0.0,0,29.8,0.99,14130.0,4.69,1816.0,0.0
F666D60A-75B1-428D-A08C-B318AA253AFC,9BWAH5BZ6KP538191,App2Car,2026-08-12T17:07:43.039618,2026-08-12T17:01:03.030472,13.69,7.0,,31.0,916.0,16.0,1.8299446105957031,6.679260406494141,4.876858520507812,8.470240013403291,-5.830433441286021,-35.208699229661455,,21.5,51.0,,13.0,63.14,,513.93,,,0,Gasolina,,,0.0,0.8,87.0,0.0,0,29.8,0.99,14130.0,4.69,1816.0,0.0
F666D60A-75B1-428D-A08C-B318AA253AFC,9BWAH5BZ6KP538191,App2Car,2026-08-12T17:07:44.039222,2026-08-12T17:01:03.030472,13.69,28.0,,81.0,1475.0,16.0,0.9574090576171875,7.834258575439454,7.9026663208007815,11.168902117413914,-5.830448284339825,-35.20866207735975,,21.5,51.0,,22.0,63.14,,685.52,,,0,Gasolina,,,0.0,0.9,87.0,0.0,0,29.8,0.99,14130.0,4.69,1816.0,0.0
F666D60A-75B1-428D-A08C-B318AA253AFC,9BWAH5BZ6KP538191,App2Car,2026-08-12T17:07:45.039165,2026-08-12T17:01:03.030472,13.69,28.0,,80.0,1673.0,16.0,2.853665771484375,8.508755950927736,5.04196517944336,10.293869488122967,-5.830460614471165,-35.20862487212399,,0.0,51.0,,22.0,63.14,,685.52,,,0,Gasolina,,,0.0,0.8333333333333334,87.0,0.0,0,29.8,1.0,14130.0,4.69,1816.0,0.0
F666D60A-75B1-428D-A08C-B318AA253AFC,9BWAH5BZ6KP538191,App2Car,2026-08-12T17:07:46.039701,2026-08-12T17:01:03.030472,13.69,28.0,,83.0,1673.0,19.0,1.8107844543457032,8.791517944335938,5.161416778564454,10.354223837049668,-5.830476359951235,-35.208583695164485,,12.5,51.0,,23.0,63.14,,933.655,,,0,Gasolina,,,0.0,0.9333333333333333,87.0,0.0,0,29.8,1.0,14130.0,4.69,1816.0,0.0
F666D60A-75B1-428D-A08C-B318AA253AFC,9BWAH5BZ6KP538191,App2Car,2026-08-12T17:07:47.039187,2026-08-12T17:01:03.030472,13.69,26.0,,83.0,1869.0,22.0,1.182989959716797,8.153993682861328,5.524860992431641,9.920240279883645,-5.830494020407325,-35.20853343954024,,15.5,51.0,,23.0,63.14,,1000.5600000000001,,,0,Gasolina,,,0.0,0.8666666666666667,87.0,0.0,0,29.8,1.0,14130.0,4.69,1816.0,0.0
F666D60A-75B1-428D-A08C-B318AA253AFC,9BWAH5BZ6KP538191,App2Car,2026-08-12T17:07:48.039542,2026-08-12T17:01:03.030472,13.69,26.0,,83.0,2051.0,24.0,-0.011376342773437501,7.8429405212402346,5.249284057617188,9.437522373930612,-5.8305133738263075,-35.20847934833295,,17.0,51.0,,22.0,63.14,,1062.75,,,0,Gasolina,,,0.0,0.8666666666666667,87.0,0.0,0,29.8,1.0,14130.0,4.69,1816.0,0.0
F666D60A-75B1-428D-A08C-B318AA253AFC,9BWAH5BZ6KP538191,App2Car,2026-08-12T17:07:49.038745,2026-08-12T17:01:03.030472,13.69,24.0,,74.0,2221.0,27.0,-0.5641767883300781,7.516619110107422,6.05984848022461,9.671588385482659,-5.830536728102351,-35.20842076736873,,20.0,51.0,,22.0,63.14,,1020.24,,,0,Gasolina,,,0.0,0.8,87.0,0.0,0,29.8,1.0,14130.0,4.69,1816.0,0.0
F666D60A-75B1-428D-A08C-B318AA253AFC,9BWAH5BZ6KP538191,App2Car,2026-08-12T17:07:50.038382,2026-08-12T17:01:03.030472,13.69,21.0,,65.0,2362.0,29.0,0.6673123168945313,7.603887634277344,6.085744628906251,9.762207771362805,-5.830560300593461,-35.20835620954393,,-10.0,51.0,,21.0,63.14,,1037.04,,,0,Gasolina,,,0.0,0.7666666666666667,87.0,0.0,0,29.8,0.99,14130.0,4.69,1816.0,0.0
F666D60A-75B1-428D-A08C-B318AA253AFC,9BWAH5BZ6KP538191,App2Car,2026-08-12T17:07:51.039578,2026-08-12T17:01:03.030472,13.69,24.0,,83.0,1646.0,30.0,-0.35745666503906254,6.496041412353516,4.755161590576172,8.058404994220854,-5.830584869272488,-35.20828812928811,,-10.0,51.0,,20.0,63.14,,1155.93,,,0,Gasolina,,,0.0,0.7333333333333333,87.0,0.0,0,29.8,0.98,14130.0,4.69,1816.0,0.0
F666D60A-75B1-428D-A08C-B318AA253AFC,9BWAH5BZ6KP538191,App2Car,2026-08-12T17:07:52.038808,2026-08-12T17:01:03.030472,13.69,26.0,,82.0,1629.0,30.0,1.347198486328125,7.748037872314454,5.651048583984375,9.684078930437096,-5.830610616765613,-35.208218172471184,,15.0,51.0,,22.0,63.14,,1076.88,,,0,Gasolina,,,0.0,0.9333333333333333,87.0,0.0,0,29.8,1.0,14130.0,4.69,1816.0,0.0
F666D60A-75B1-428D-A08C-B318AA253AFC,9BWAH5BZ6KP538191,App2Car,2026-08-12T17:07:53.038799,2026-08-12T17:01:03.030472,13.69,25.0,,77.0,1629.0,32.0,2.264341278076172,8.037236480712892,6.447691955566406,10.549746121323372,-5.830637907762951,-35.20814442554475,,14.0,50.0,,21.0,63.14,,1062.7649999999999,,,0,Gasolina,,,0.0,0.8666666666666667,87.0,0.0,0,29.8,0.99,14130.0,4.69,1816.0,0.0
F666D60A-75B1-428D-A08C-B318AA253AFC,9BWAH5BZ6KP538191,App2Car,2026-08-12T17:07:54.038194,2026-08-12T17:01:03.030472,13.69,20.0,,77.0,1590.0,33.0,1.973196716308594,7.420069885253906,6.028713226318359,9.761983689214444,-5.830666756098932,-35.20806874265576,,15.0,50.0,,17.0,63.14,,871.85,,,0,Gasolina,,,0.0,0.8333333333333334,87.0,0.0,0,29.8,1.0,14130.0,4.69,1816.0,0.0
F666D60A-75B1-428D-A08C-B318AA253AFC,9BWAH5BZ6KP538191,App2Car,2026-08-12T17:07:55.039373,2026-08-12T17:01:03.030472,13.69,20.0,,57.0,1614.0,33.0,1.475481719970703,7.62858627319336,6.335575103759766,10.025561666505395,-5.8306954755604545,-35.20799127826839,,17.0,50.0,,16.0,63.14,,871.85,,,0,Gasolina,,,0.0,0.7666666666666667,87.0,0.0,0,29.8,1.0,14130.0,4.69,1816.0,0.0
F666D60A-75B1-428D-A08C-B318AA253AFC,9BWAH5BZ6KP538191,App2Car,2026-08-12T17:07:56.039209,2026-08-12T17:01:03.030472,13.69,15.0,,46.0,1632.0,34.0,1.747017059326172,7.792196044921876,6.466253356933594,10.275350129515187,-5.830723395382985,-35.20791152622301,,13.5,50.0,,16.0,63.14,,791.84,,,0,Gasolina,,,0.0,0.7666666666666667,87.0,0.0,0,29.8,0.99,14130.0,4.69,1816.0,0.0
F666D60A-75B1-428D-A08C-B318AA253AFC,9BWAH5BZ6KP538191,App2Car,2026-08-12T17:07:57.039460,2026-08-12T17:01:03.030472,13.69,13.0,,35.0,1619.0,33.0,1.6431330871582033,7.103478240966798,6.216123504638672,9.581204563462997,-5.830752333521795,-35.20783254786006,,-6.0,50.0,,16.0,63.14,,759.5200000000001,,,0,Gasolina,,,0.0,0.6333333333333333,87.0,0.0,0,29.8,1.0,14130.0,4.69,1816.0,0.0
F666D60A-75B1-428D-A08C-B318AA253AFC,9BWAH5BZ6KP538191,App2Car,2026-08-12T17:07:58.039410,2026-08-12T17:01:03.030472,13.69,8.0,,29.0,1548.0,32.0,0.6566844177246094,6.695277099609376,6.770869903564454,9.54477077336229,-5.830782769948161,-35.20775260081295,,-6.0,50.0,,14.0,63.14,,618.895,,,0,Gasolina,,,0.0,0.9666666666666667,87.0,0.0,0,29.8,0.99,14130.0,4.69,1816.0,0.0
F666D60A-75B1-428D-A08C-B318AA253AFC,9BWAH5BZ6KP538191,App2Car,2026-08-12T17:07:59.039172,2026-08-12T17:01:03.030472,13.69,12.0,,42.0,1490.0,32.0,0.6836283874511719,6.642137603759766,7.08970687866211,9.739059674565992,-5.83081179125443,-35.20767645951145,,18.5,50.0,,16.0,63.14,,692.5600000000001,,,0,Gasolina,,,0.0,0.8333333333333334,87.0,0.0,0,29.8,0.98,14130.0,4.69,1816.0,0.0
F666D60A-75B1-428D-A08C-B318AA253AFC,9BWAH5BZ6KP538191,App2Car,2026-08-12T17:08:00.039192,2026-08-12T17:01:03.030472,13.69,22.0,,64.0,1490.0,31.0,1.53041748046875,6.5503784179687505,5.6450610351562505,8.781591494356501,-5.830839558534441,-35.20760336685454,,12.5,50.0,,19.0,63.14,,898.35,,,0,Gasolina,,,0.0,0.8666666666666667,87.0,0.0,0,29.8,1.0,14130.0,4.69,1816.0,0.0
F666D60A-75B1-428D-A08C-B318AA253AFC,9BWAH5BZ6KP538191,App2Car,2026-08-12T17:08:01.038698,2026-08-12T17:01:03.030472,13.69,25.0,,64.0,1545.0,32.0,1.5066169738769533,7.886649627685547,4.9443681335449226,9.429523492513354,-5.830868552266955,-35.207531014624365,,12.5,50.0,,20.0,63.14,,1010.325,,,0,Gasolina,,,0.0,0.8666666666666667,87.0,0.0,0,29.8,1.0,14130.0,4.69,1816.0,0.0
F666D60A-75B1-428D-A08C-B318AA253AFC,9BWAH5BZ6KP538191,App2Car,2026-08-12T17:08:02.038964,2026-08-12T17:01:03.030472,13.69,25.0,,77.0,1563.0,32.0,1.545835418701172,7.614665222167969,6.384972381591798,10.056868593210087,-5.8308967868239785,-35.20745632714352,,15.0,50.0,,21.0,63.14,,1010.325,,,0,Gasolina,,,0.0,0.8666666666666667,87.0,0.0,0,29.8,0.99,14130.0,4.69,1816.0,0.0
F666D60A-75B1-428D-A08C-B318AA253AFC,9BWAH5BZ6KP538191,App2Car,2026-08-12T17:08:03.038988,2026-08-12T17:01:03.030472,13.69,25.0,,82.0,1589.0,33.0,1.6913328552246094,7.533533935546876,6.548582153320313,10.124162612482275,-5.8309255553663135,-35.207380198575194,,14.0,50.0,,21.0,63.14,,1069.81,,,0,Gasolina,,,0.0,0.9,87.0,0.0,0,29.8,1.0,14130.0,4.69,1816.0,0.0
F666D60A-75B1-428D-A08C-B318AA253AFC,9BWAH5BZ6KP538191,App2Car,2026-08-12T17:08:04.041172,2026-08-12T17:01:03.030472,13.69,25.0,,82.0,1589.0,33.0,1.4389576721191406,8.001909942626954,5.496270446777344,9.813773521748942,-5.830954164984946,-35.207302399819646,,14.0,50.0,,21.0,63.14,,1069.81,,,0,Gasolina,,,0.0,0.9,87.0,0.0,0,29.8,1.0,14130.0,3.13,1876.0,-2.34
F666D60A-75B1-428D-A08C-B318AA253AFC,9BWAH5BZ6KP538191,App2Car,2026-08-12T17:08:05.041371,2026-08-12T17:01:03.030472,13.71,26.0,,82.0,1589.0,33.0,0.5990542602539063,8.095016326904297,6.147266693115235,10.18219245230905,-5.830984182729135,-35.20722395704949,,14.0,50.0,,21.0,63.14,,1088.2549999999999,,,0,Gasolina,,,0.0,0.9333333333333333,87.0,0.0,0,29.8,1.0,18500.0,3.13,1876.0,-2.34
F666D60A-75B1-428D-A08C-B318AA253AFC,9BWAH5BZ6KP538191,App2Car,2026-08-12T17:08:06.039464,2026-08-12T17:01:03.030472,13.71,26.0,,82.0,1663.0,35.0,0.5622308349609375,7.680228881835938,6.346652069091797,9.97907869872139,-5.831014651193646,-35.207142894207934,,12.5,50.0,,21.0,63.14,,1088.2549999999999,,,0,Gasolina,,,0.0,0.9333333333333333,87.0,0.0,0,29.8,1.0,18500.0,3.13,1876.0,-2.34
F666D60A-75B1-428D-A08C-B318AA253AFC,9BWAH5BZ6KP538191,App2Car,2026-08-12T17:08:07.039282,2026-08-12T17:01:03.030472,13.71,26.0,,80.0,1685.0,35.0,1.475182342529297,7.998766479492188,5.16650619506836,9.635829720415249,-5.831045709951595,-35.20706132086059,,12.5,50.0,,21.0,63.14,,1088.2549999999999,,,0,Gasolina,,,0.0,0.9333333333333333,87.0,0.0,0,29.8,1.0,18500.0,3.13,1876.0,-2.34
F666D60A-75B1-428D-A08C-B318AA253AFC,9BWAH5BZ6KP538191,App2Car,2026-08-12T17:08:08.039430,2026-08-12T17:01:03.030472,13.71,25.0,,80.0,1696.0,35.0,1.5428416442871093,8.095016326904297,5.57844955444336,9.951318963015053,-5.831077143889396,-35.20697960139549,,14.0,50.0,,21.0,63.14,,1135.5,,,0,Gasolina,,,0.0,0.9333333333333333,87.0,0.0,0,29.8,1.0,18500.0,3.13,1876.0,-2.34
F666D60A-75B1-428D-A08C-B318AA253AFC,9BWAH5BZ6KP538191,App2Car,2026-08-12T17:08:09.038333,2026-08-12T17:01:03.030472,13.71,25.0,,79.0,1693.0,34.0,1.876348114013672,7.931406555175782,6.094875640869141,10.17720007006387,-5.831106439609115,-35.20689736939701,,14.0,50.0,,21.0,63.14,,1135.5,,,0,Gasolina,,,0.0,0.9333333333333333,87.0,0.0,0,29.8,1.0,18500.0,3.13,1876.0,-2.34
F666D60A-75B1-428D-A08C-B318AA253AFC,9BWAH5BZ6KP538191,App2Car,2026-08-12T17:08:10.038510,2026-08-12T17:01:03.030472,13.71,25.0,,80.0,1672.0,34.0,2.022743682861328,7.914641418457031,5.594615936279297,9.901149845537194,-5.8311369359110765,-35.206815734986904,,14.0,50.0,,21.0,63.14,,1135.5,,,0,Gasolina,,,0.0,0.9,87.0,0.0,0,29.8,1.0,18500.0,3.13,1876.0,-2.34
F666D60A-75B1-428D-A08C-B318AA253AFC,9BWAH5BZ6KP538191,App2Car,2026-08-12T17:08:11.038678,2026-08-12T17:01:03.030472,13.71,26.0,,81.0,1658.0,34.0,1.575773162841797,7.962092742919922,5.329816589355469,9.710042573735674,-5.83116664320622,-35.20673404232172,,14.0,50.0,,21.0,63.14,,1131.6,,,0,Gasolina,,,0.0,0.9333333333333333,87.0,0.0,0,29.8,1.0,18500.0,3.13,1876.0,-2.34
F666D60A-75B1-428D-A08C-B318AA253AFC,9BWAH5BZ6KP538191,App2Car,2026-08-12T17:08:12.041355,2026-08-12T17:01:03.030472,13.71,16.0,,46.0,1658.0,34.0,1.2214599609375,7.300318908691406,5.916895751953125,9.476089696929407,-5.831197084576455,-35.206653261011475,,8.0,50.0,,17.0,63.14,,839.4999999999999,,,0,Gasolina,,,0.0,0.8,87.0,0.0,0,29.8,0.99,18500.0,3.13,1876.0,-2.34
F666D60A-75B1-428D-A08C-B318AA253AFC,9BWAH5BZ6KP538191,App2Car,2026-08-12T17:08:13.039624,2026-08-12T17:01:03.030472,13.71,7.0,,46.0,1602.0,32.0,0.9175918579101563,6.9446585083007815,6.976991271972657,9.886792393076739,-5.831226490015028,-35.20657363523183,,0.5,50.0,,14.0,63.14,,585.39,,,0,Gasolina,,,0.0,0.9666666666666667,87.0,0.0,0,29.8,0.99,18500.0,3.13,1876.0,-2.34
F666D60A-75B1-428D-A08C-B318AA253AFC,9BWAH5BZ6KP538191,App2Car,2026-08-12T17:08:14.039242,2026-08-12T17:01:03.030472,13.71,7.0,,28.0,1463.0,29.0,2.7035279846191407,5.260361022949219,7.744445343017579,9.744582870824633,-5.831255088159362,-35.20649796858743,,-9.0,50.0,,13.0,63.14,,497.34,,,0,Gasolina,,,0.0,0.9666666666666667,87.0,0.0,0,29.8,0.98,18500.0,3.13,1876.0,-2.34
F666D60A-75B1-428D-A08C-B318AA253AFC,9BWAH5BZ6KP538191,App2Car,2026-08-12T17:08:15.041982,2026-08-12T17:01:03.030472,13.71,7.0,,29.0,1138.0,26.0,0.9357041931152345,7.3718701171875,5.10663070678711,9.016523084714889,-5.83128170941845,-35.206428690063845,,-5.5,50.0,,13.0,63.14,,497.34,,,0,Gasolina,,,0.0,0.9333333333333333,87.0,0.0,0,29.8,0.99,18500.0,3.13,1876.0,-2.34
F666D60A-75B1-428D-A08C-B318AA253AFC,9BWAH5BZ6KP538191,App2Car,2026-08-12T17:08:16.038748,2026-08-12T17:01:03.030472,13.71,8.0,,36.0,1051.0,23.0,2.492766265869141,7.858807525634766,6.670877838134766,10.605439666159361,-5.831306077618183,-35.2063684487834,,-1.0,50.0,,13.0,63.14,,414.46,,,0,Gasolina,,,0.0,0.9333333333333333,87.0,0.0,0,29.8,0.99,18500.0,3.13,1876.0,-2.34
F666D60A-75B1-428D-A08C-B318AA253AFC,9BWAH5BZ6KP538191,App2Car,2026-08-12T17:08:17.038604,2026-08-12T17:01:03.030472,13.71,10.0,,40.0,1016.0,18.0,1.7095948791503908,6.91726547241211,6.039640502929688,9.340692355027583,-5.831328516297845,-35.20631177722636,,-1.0,50.0,,14.0,63.14,,404.415,,,0,Gasolina,,,0.0,0.7666666666666667,87.0,0.0,0,29.8,1.0,18500.0,3.13,1876.0,-2.34
F666D60A-75B1-428D-A08C-B318AA253AFC,9BWAH5BZ6KP538191,App2Car,2026-08-12T17:08:18.037936,2026-08-12T17:01:03.030472,13.71,22.0,,61.0,1416.0,18.0,-0.3279679870605469,9.304052124023437,3.6922219848632816,10.015260960783266,-5.831347068358947,-35.20626174682393,,-17.5,50.0,,18.0,63.14,,563.2,,,0,Gasolina,,,0.0,0.7,87.0,0.0,0,29.8,0.98,18500.0,3.13,1876.0,-2.34
F666D60A-75B1-428D-A08C-B318AA253AFC,9BWAH5BZ6KP538191,App2Car,2026-08-12T17:08:19.038835,2026-08-12T17:01:03.030472,13.71,16.0,,44.0,1416.0,16.0,-0.37811370849609377,8.067323913574219,5.612279205322266,9.834752817512591,-5.831362744559598,-35.20622368478915,,7.5,50.0,,17.0,63.14,,498.55999999999995,,,0,Gasolina,,,0.0,0.9333333333333333,87.0,0.0,0,29.8,0.98,18500.0,3.13,1876.0,-2.34
F666D60A-75B1-428D-A08C-B318AA253AFC,9BWAH5BZ6KP538191,App2Car,2026-08-12T17:08:20.039292,2026-08-12T17:01:03.030472,13.71,10.0,,44.0,1231.0,15.0,-0.7186555480957032,7.629185028076172,5.141059112548828,9.227752640169312,-5.831377451568851,-35.20618650096908,,-1.5,50.0,,15.0,63.14,,341.375,,,0,Gasolina,,,0.0,0.7333333333333333,87.0,0.0,0,29.8,0.97,18500.0,3.13,1876.0,-2.34
F666D60A-75B1-428D-A08C-B318AA253AFC,9BWAH5BZ6KP538191,App2Car,2026-08-12T17:08:21.039029,2026-08-12T17:01:03.030472,13.71,10.0,,39.0,977.0,12.0,-0.24489074707031253,8.307574310302735,5.613476715087891,10.029301233387926,-5.8313922218160075,-35.20615116780131,,-1.5,50.0,,13.0,63.14,,250.47,,,0,Gasolina,,,0.0,0.7666666666666667,87.0,0.0,0,29.8,0.99,18500.0,3.13,1876.0,-2.34
F666D60A-75B1-428D-A08C-B318AA253AFC,9BWAH5BZ6KP538191,App2Car,2026-08-12T17:08:22.038728,2026-08-12T17:01:03.030472,13.71,11.0,,45.0,879.0,10.0,-0.5554948425292969,7.798932037353516,5.794151000976563,9.731603221743754,-5.831404184448279,-35.20612237187809,,-3.0,50.0,,13.0,63.14,,261.855,,,0,Gasolina,,,0.0,0.7666666666666667,87.0,0.0,0,29.8,0.99,18500.0,3.13,1876.0,-2.34
F666D60A-75B1-428D-A08C-B318AA253AFC,9BWAH5BZ6KP538191,App2Car,2026-08-12T17:08:23.038714,2026-08-12T17:01:03.030472,13.71,18.0,,64.0,790.0,8.0,0.35206787109375004,8.576864318847656,5.057532806396485,9.963191828804424,-5.831413652359788,-35.206100228354074,,-17.5,50.0,,15.0,63.14,,333.05999999999995,,,0,Gasolina,,,0.0,0.8333333333333334,87.0,0.0,0,29.8,0.95,18500.0,3.13,1876.0,-2.34
F666D60A-75B1-428D-A08C-B318AA253AFC,9BWAH5BZ6KP538191,App2Car,2026-08-12T17:08:24.038479,2026-08-12T17:01:03.030472,13.71,22.0,,76.0,859.0,7.0,-0.07858657836914062,7.917036437988282,4.547094268798828,9.130263309460307,-5.831422365653374,-35.206081833713476,,-17.5,50.0,,17.0,63.14,,373.5,,,0,Gasolina,,,0.0,0.7,87.0,0.0,0,29.8,0.99,18500.0,3.13,1876.0,-2.34
F666D60A-75B1-428D-A08C-B318AA253AFC,9BWAH5BZ6KP538191,App2Car,2026-08-12T17:08:25.038654,2026-08-12T17:01:03.030472,13.71,25.0,,84.0,865.0,7.0,0.9848020935058595,8.791517944335938,5.03672607421875,10.179844422959977,-5.831430575714934,-35.20606428514219,,-16.5,50.0,,18.0,63.14,,425.44,,,0,Gasolina,,,0.0,0.7666666666666667,87.0,0.0,0,29.8,0.99,18500.0,3.13,1876.0,-2.34
F666D60A-75B1-428D-A08C-B318AA253AFC,9BWAH5BZ6KP538191,App2Car,2026-08-12T17:08:26.038776,2026-08-12T17:01:03.030472,13.71,21.0,,73.0,865.0,7.0,-0.40206390380859375,7.51078125,5.591173095703125,9.37201722972231,-5.831438118504408,-35.20604763002455,,-13.0,50.0,,16.0,63.14,,345.1,,,0,Gasolina,,,0.0,0.7333333333333333,87.0,0.0,0,29.8,0.99,18500.0,3.13,1876.0,-2.34
F666D60A-75B1-428D-A08C-B318AA253AFC,9BWAH5BZ6KP538191,App2Car,2026-08-12T17:08:27.038918,2026-08-12T17:01:03.030472,13.71,23.0,,73.0,929.0,2.0,-0.18097366333007814,8.41460174560547,5.595663757324219,10.106914805666342,-5.831445088713554,-35.206032070501756,,-13.5,50.0,,18.0,63.14,,341.125,,,0,Gasolina,,,0.0,0.7333333333333333,87.0,0.0,0,29.8,1.0,18500.0,3.13,1876.0,-2.34
F666D60A-75B1-428D-A08C-B318AA253AFC,9BWAH5BZ6KP538191,App2Car,2026-08-12T17:08:28.038838,2026-08-12T17:01:03.030472,13.71,23.0,,69.0,892.0,0.0,0.28994705200195314,8.389154663085938,4.101620635986328,9.342658994937686,-5.831447076250783,-35.206027885728204,,-15.0,50.0,,22.0,63.14,,309.58,,,0,Gasolina,,,0.0,0.6333333333333333,87.0,0.0,0,29.8,1.0,18500.0,3.13,1876.0,-2.34
F666D60A-75B1-428D-A08C-B318AA253AFC,9BWAH5BZ6KP538191,App2Car,2026-08-12T17:08:29.038752,2026-08-12T17:01:03.030472,13.71,29.0,,96.0,995.0,0.0,0.16555572509765626,8.53540054321289,4.991220703125,9.889021955607902,-5.831446483464287,-35.206029099314804,,-19.0,50.0,,22.0,63.14,,448.34000000000003,,,0,Gasolina,,,0.0,0.7333333333333333,87.0,0.0,0,29.8,1.0,18500.0,3.13,1876.0,-2.34
F666D60A-75B1-428D-A08C-B318AA253AFC,9BWAH5BZ6KP538191,App2Car,2026-08-12T17:08:30.038715,2026-08-12T17:01:03.030472,13.71,27.0,,87.0,1003.0,0.0,0.0718505859375,8.67760482788086,4.586312713623047,9.815307043730275,-5.831446290219688,-35.20602926182286,,-14.5,50.0,,20.0,63.14,,404.325,,,0,Gasolina,,,0.0,0.7333333333333333,87.0,0.0,0,29.8,1.0,18500.0,3.13,1876.0,-2.34
F666D60A-75B1-428D-A08C-B318AA253AFC,9BWAH5BZ6KP538191,App2Car,2026-08-12T17:08:31.038892,2026-08-12T17:01:03.030472,13.71,28.0,,95.0,949.0,0.0,-0.09789642333984376,8.560398559570313,4.6271777343750005,9.731432628030264,-5.831446453991127,-35.20602918808616,,-14.5,50.0,,20.0,63.14,,420.41999999999996,,,0,Gasolina,,,0.0,0.5666666666666667,87.0,0.0,0,29.8,1.0,18500.0,3.13,1876.0,-2.34
F666D60A-75B1-428D-A08C-B318AA253AFC,9BWAH5BZ6KP538191,App2Car,2026-08-12T17:08:32.039018,2026-08-12T17:01:03.030472,13.71,31.0,,97.0,977.0,1.0,0.5502557373046876,8.587192840576172,4.669689331054688,9.790232924003666,-5.83144723857853,-35.206029171942596,,-19.0,50.0,,23.0,63.14,,519.84,,,0,Gasolina,,,0.0,0.7333333333333333,87.0,0.0,0,29.8,0.98,18500.0,3.13,1876.0,-2.34
F666D60A-75B1-428D-A08C-B318AA253AFC,9BWAH5BZ6KP538191,App2Car,2026-08-12T17:08:33.037842,2026-08-12T17:01:03.030472,13.71,25.0,,75.0,977.0,4.0,0.03457809448242188,8.241112518310548,4.459376678466797,9.37033465488434,-5.831448732521635,-35.206027012048665,,-20.5,50.0,,19.0,63.14,,417.165,,,0,Gasolina,,,0.0,0.7666666666666667,87.0,0.0,0,29.8,1.0,18500.0,3.13,1876.0,-2.34
F666D60A-75B1-428D-A08C-B318AA253AFC,9BWAH5BZ6KP538191,App2Car,2026-08-12T17:08:34.039055,2026-08-12T17:01:03.030472,13.71,25.0,,75.0,1016.0,6.0,0.42272094726562504,6.8603837585449226,6.876699829101563,9.722785550104946,-5.831448732521635,-35.206027012048665,,-8.5,50.0,,15.0,63.14,,451.98,,,0,Gasolina,,,0.0,0.6,87.0,0.0,0,29.8,1.0,18500.0,3.13,1876.0,-2.34
F666D60A-75B1-428D-A08C-B318AA253AFC,9BWAH5BZ6KP538191,App2Car,2026-08-12T17:08:35.038500,2026-08-12T17:01:03.030472,13.71,17.0,,59.0,895.0,5.0,2.093396759033203,7.206464080810547,6.501280517578126,9.928851036599564,-5.831463955959797,-35.205995246306955,,-4.0,50.0,,15.0,63.14,,263.45,,,0,Gasolina,,,0.0,0.5666666666666667,87.0,0.0,0,29.8,1.0,18500.0,3.13,1876.0,-2.34
F666D60A-75B1-428D-A08C-B318AA253AFC,9BWAH5BZ6KP538191,App2Car,2026-08-12T17:08:36.038789,2026-08-12T17:01:03.030472,13.71,20.0,,66.0,881.0,5.0,1.6940272521972657,6.962172088623047,6.4726899719238284,9.655945525707574,-5.831469639164368,-35.205983098753634,,-10.0,50.0,,15.0,63.14,,299.375,,,0,Gasolina,,,0.0,0.6666666666666666,87.0,0.0,0,29.8,0.99,18500.0,3.13,1876.0,-2.34
F666D60A-75B1-428D-A08C-B318AA253AFC,9BWAH5BZ6KP538191,App2Car,2026-08-12T17:08:37.039102,2026-08-12T17:01:03.030472,13.71,19.0,,68.0,876.0,5.0,1.5844551086425782,6.373446350097656,8.020770721435547,10.366488283633682,-5.831474497918648,-35.205971644577104,,-10.0,50.0,,16.0,63.14,,297.72,,,0,Gasolina,,,0.0,0.7,87.0,0.0,0,29.8,0.96,18500.0,3.13,1876.0,-2.34
F666D60A-75B1-428D-A08C-B318AA253AFC,9BWAH5BZ6KP538191,App2Car,2026-08-12T17:08:38.039194,2026-08-12T17:01:03.030472,13.71,19.0,,69.0,872.0,5.0,1.4473402404785156,6.457721099853516,7.326215057373047,9.872708981940129,-5.831479129502352,-35.20596025140039,,-5.5,50.0,,16.0,63.14,,297.72,,,0,Gasolina,,,0.0,0.6,87.0,0.0,0,29.8,1.0,18500.0,3.13,1876.0,-2.34
F666D60A-75B1-428D-A08C-B318AA253AFC,9BWAH5BZ6KP538191,App2Car,2026-08-12T17:08:39.038866,2026-08-12T17:01:03.030472,13.71,18.0,,64.0,872.0,4.0,1.3672567749023439,6.271358642578125,7.749684448242188,10.06265071239594,-5.831484366322403,-35.20594955053124,,-10.5,50.0,,15.0,63.14,,260.92,,,0,Gasolina,,,0.0,0.8333333333333334,87.0,0.0,0,29.8,0.97,18500.0,3.13,1876.0,-2.34
F666D60A-75B1-428D-A08C-B318AA253AFC,9BWAH5BZ6KP538191,App2Car,2026-08-12T17:08:40.039129,2026-08-12T17:01:03.030472,13.71,23.0,,64.0,880.0,2.0,0.926722869873047,5.957910461425781,7.432044982910156,9.57030850975623,-5.831488787163132,-35.20593929989946,,-10.0,50.0,,17.0,63.14,,322.5,,,0,Gasolina,,,0.0,0.6333333333333333,87.0,0.0,0,29.8,0.99,18500.0,3.13,1876.0,-2.34
F666D60A-75B1-428D-A08C-B318AA253AFC,9BWAH5BZ6KP538191,App2Car,2026-08-12T17:08:41.038595,2026-08-12T17:01:03.030472,13.71,23.0,,76.0,889.0,0.0,1.0511141967773439,7.145989837646485,6.573729858398438,9.766469990002163,-5.831491159724628,-35.205934807222356,,-11.5,51.0,,15.0,63.14,,297.735,,,0,Gasolina,,,1.0,0.5666666666666667,87.0,0.0,0,29.8,1.0,18500.0,3.13,1876.0,-2.34
F666D60A-75B1-428D-A08C-B318AA253AFC,9BWAH5BZ6KP538191,App2Car,2026-08-12T17:08:42.037792,2026-08-12T17:01:03.030472,13.71,27.0,,93.0,953.0,1.0,1.5164964294433594,7.162904663085937,7.0837193298339844,10.187543579138023,-5.83149049462456,-35.205936849749584,,-17.5,51.0,,15.0,63.14,,343.41999999999996,,,0,Gasolina,,,1.0,0.5333333333333333,87.0,0.0,0,29.8,1.0,18500.0,3.13,1876.0,-2.34
F666D60A-75B1-428D-A08C-B318AA253AFC,9BWAH5BZ6KP538191,App2Car,2026-08-12T17:08:43.038736,2026-08-12T17:01:03.030472,13.71,33.0,,105.0,1002.0,4.0,1.3337265014648438,7.508236541748047,6.797664184570313,10.215707548365915,-5.831491962664715,-35.2059340731397,,-14.5,51.0,,24.0,63.14,,629.3699999999999,,,0,Gasolina,,,0.0,0.9,87.0,0.0,0,29.8,0.97,18500.0,3.13,1876.0,-2.34
F666D60A-75B1-428D-A08C-B318AA253AFC,9BWAH5BZ6KP538191,App2Car,2026-08-12T17:08:44.039251,2026-08-12T17:01:03.030472,13.71,30.0,,84.0,1421.0,9.0,1.8137782287597657,7.337591400146485,6.857539672851563,10.205679271041182,-5.831495868709034,-35.205924541313316,,-14.5,51.0,,23.0,63.14,,725.5949999999999,,,0,Gasolina,,,0.0,0.7333333333333333,87.0,0.0,0,29.8,0.98,18500.0,3.13,1876.0,-2.34
F666D60A-75B1-428D-A08C-B318AA253AFC,9BWAH5BZ6KP538191,App2Car,2026-08-12T17:08:45.038897,2026-08-12T17:01:03.030472,13.71,34.0,,90.0,1879.0,9.0,3.203188934326172,9.251361694335937,7.257657623291016,12.186948212137859,-5.831503297697725,-35.20590666777925,,10.5,51.0,,25.0,63.14,,843.015,,,0,Gasolina,,,0.0,0.9666666666666667,87.0,0.0,0,29.8,1.0,18500.0,3.13,1876.0,-2.34
F666D60A-75B1-428D-A08C-B318AA253AFC,9BWAH5BZ6KP538191,App2Car,2026-08-12T17:08:46.039114,2026-08-12T17:01:03.030472,13.71,35.0,,86.0,1879.0,12.0,3.5043626403808594,7.382198638916016,5.807772674560547,10.0253497544516,-5.8315133183801935,-35.20588147236838,,11.0,51.0,,27.0,63.14,,1076.065,,,0,Gasolina,,,0.0,1.0,87.0,0.0,0,29.8,1.0,18500.0,3.13,1876.0,-2.34
F666D60A-75B1-428D-A08C-B318AA253AFC,9BWAH5BZ6KP538191,App2Car,2026-08-12T17:08:47.038578,2026-08-12T17:01:03.030472,13.71,29.0,,86.0,2317.0,16.0,2.811603240966797,7.292385406494141,6.339167633056641,10.06325215730266,-5.831525019035433,-35.2058476268231,,16.5,50.0,,26.0,63.14,,1106.325,,,0,Gasolina,,,0.0,0.8333333333333334,87.0,0.0,0,29.8,0.99,18500.0,3.13,1876.0,-2.34
F666D60A-75B1-428D-A08C-B318AA253AFC,9BWAH5BZ6KP538191,App2Car,2026-08-12T17:08:48.038755,2026-08-12T17:01:03.030472,13.71,29.0,,83.0,2768.0,19.0,2.2778132629394534,7.410190429687501,5.363795928955079,9.427070713245456,-5.831538983253207,-35.20580749929674,,-10.0,50.0,,26.0,63.14,,1288.3200000000002,,,0,Gasolina,,,0.0,0.8666666666666667,87.0,0.0,0,29.8,0.99,18500.0,3.13,1876.0,-2.34
F666D60A-75B1-428D-A08C-B318AA253AFC,9BWAH5BZ6KP538191,App2Car,2026-08-12T17:08:49.038619,2026-08-12T17:01:03.030472,13.71,35.0,,93.0,1819.0,20.0,0.9770182800292969,9.03685775756836,4.465962982177735,10.127397899175122,-5.831555518626357,-35.20576095545243,,12.0,50.0,,26.0,63.14,,1449.3600000000001,,,0,Gasolina,,,0.0,1.0,87.0,0.0,0,29.8,1.0,18500.0,3.13,1876.0,-2.34
F666D60A-75B1-428D-A08C-B318AA253AFC,9BWAH5BZ6KP538191,App2Car,2026-08-12T17:08:50.039078,2026-08-12T17:01:03.030472,13.71,35.0,,92.0,1942.0,22.0,0.2285746765136719,7.714058532714844,5.063969421386719,9.23053258103961,-5.831574794836022,-35.205714498982196,,12.0,50.0,,27.0,63.14,,1242.725,,,0,Gasolina,,,0.0,1.0,87.0,0.0,0,29.8,1.0,18500.0,3.13,1876.0,-2.34
F666D60A-75B1-428D-A08C-B318AA253AFC,9BWAH5BZ6KP538191,App2Car,2026-08-12T17:08:51.037770,2026-08-12T17:01:03.030472,13.71,36.0,,91.0,2124.0,24.0,0.6566844177246094,8.303682403564453,5.5377342224121096,10.00244351155369,-5.831596743593764,-35.20566392272562,,12.0,50.0,,27.0,63.14,,1346.18,,,0,Gasolina,,,0.0,1.0,87.0,0.0,0,29.8,1.0,18500.0,3.13,1876.0,-2.34
F666D60A-75B1-428D-A08C-B318AA253AFC,9BWAH5BZ6KP538191,App2Car,2026-08-12T17:08:52.038171,2026-08-12T17:01:03.030472,13.71,37.0,,90.0,2272.0,24.0,-0.12528945922851564,7.493866424560547,5.577252044677735,9.342348302627752,-5.831619796178395,-35.20560904064063,,11.0,50.0,,28.0,63.14,,1501.8200000000002,,,0,Gasolina,,,0.0,1.0,87.0,0.0,0,29.8,0.99,18500.0,3.13,1876.0,-2.34
F666D60A-75B1-428D-A08C-B318AA253AFC,9BWAH5BZ6KP538191,App2Car,2026-08-12T17:08:53.039070,2026-08-12T17:01:03.030472,13.71,34.0,,88.0,2272.0,26.0,0.3674858093261719,7.871680755615235,5.665418701171875,9.705430067646017,-5.831644106775718,-35.20554886977719,,12.5,50.0,,27.0,63.14,,1491.6000000000001,,,0,Gasolina,,,0.0,1.0,87.0,0.0,0,29.8,0.99,18500.0,3.13,1876.0,-2.34
F666D60A-75B1-428D-A08C-B318AA253AFC,9BWAH5BZ6KP538191,App2Car,2026-08-12T17:08:54.039140,2026-08-12T17:01:03.030472,13.71,33.0,,88.0,2423.0,28.0,0.9328601074218751,7.499554595947266,5.7826249694824226,9.51589715451436,-5.831668716560074,-35.205484343309294,,13.5,50.0,,28.0,63.14,,1593.015,,,0,Gasolina,,,0.0,1.0,87.0,0.0,0,29.8,0.98,18500.0,3.13,1876.0,-2.34
F666D60A-75B1-428D-A08C-B318AA253AFC,9BWAH5BZ6KP538191,App2Car,2026-08-12T17:08:55.038413,2026-08-12T17:01:03.030472,13.71,33.0,,88.0,2557.0,30.0,2.1308189392089845,8.400980072021484,5.784870300292969,10.420248553341013,-5.831694375204623,-35.205415878932584,,14.0,50.0,,29.0,63.14,,1718.955,,,1,Gasolina,,,0.0,0.9333333333333333,87.0,0.0,0,29.8,0.99,18500.0,3.13,1876.0,-2.34
F666D60A-75B1-428D-A08C-B318AA253AFC,9BWAH5BZ6KP538191,App2Car,2026-08-12T17:08:56.039105,2026-08-12T17:01:03.030472,13.71,33.0,,87.0,2690.0,32.0,1.2118798828125001,8.104895782470704,6.157744903564454,10.250649286384304,-5.831720132816626,-35.20534374428097,,15.0,50.0,,29.0,63.14,,1718.955,,,1,Gasolina,,,0.0,0.9,87.0,0.0,0,29.8,0.98,18500.0,3.13,1876.0,-2.34
F666D60A-75B1-428D-A08C-B318AA253AFC,9BWAH5BZ6KP538191,App2Car,2026-08-12T17:08:57.038785,2026-08-12T17:01:03.030472,13.71,31.0,,86.0,2792.0,33.0,2.5956024169921874,8.389603729248048,6.135291595458985,10.712815017642098,-5.831747170301899,-35.20526848815524,,15.0,50.0,,28.0,63.14,,1729.3500000000001,,,1,Gasolina,,,0.0,0.9666666666666667,87.0,0.0,0,29.8,0.99,18500.0,3.13,1876.0,-2.34
F666D60A-75B1-428D-A08C-B318AA253AFC,9BWAH5BZ6KP538191,App2Car,2026-08-12T17:08:58.039052,2026-08-12T17:01:03.030472,13.71,32.0,,86.0,2906.0,35.0,1.6006214904785157,7.820636901855469,6.360573120117188,10.206921236239774,-5.8317751260617685,-35.20518990086403,,15.0,50.0,,28.0,63.14,,1817.4,,,1,Gasolina,,,0.0,0.9666666666666667,87.0,0.0,0,29.8,0.99,18500.0,3.13,1876.0,-2.34
F666D60A-75B1-428D-A08C-B318AA253AFC,9BWAH5BZ6KP538191,App2Car,2026-08-12T17:08:59.038338,2026-08-12T17:01:03.030472,13.71,31.0,,85.0,3022.0,35.0,1.0713221740722656,7.566166076660156,5.768853607177735,9.57466825750686,-5.83180517909869,-35.20510987100915,,15.0,50.0,,28.0,63.14,,1882.98,,,1,Gasolina,,,0.0,0.9666666666666667,87.0,0.0,0,29.8,0.99,18500.0,3.13,1876.0,-2.34
F666D60A-75B1-428D-A08C-B318AA253AFC,9BWAH5BZ6KP538191,App2Car,2026-08-12T17:09:00.039152,2026-08-12T17:01:03.030472,13.71,31.0,,83.0,3022.0,36.0,1.510059814453125,7.554789733886719,6.0623931884765625,9.803455499881323,-5.831837690553584,-35.20502570593017,,15.0,50.0,,28.0,63.14,,1882.98,,,1,Gasolina,,,0.0,0.9666666666666667,87.0,0.0,0,29.8,0.99,18500.0,3.13,1876.0,-2.34
F666D60A-75B1-428D-A08C-B318AA253AFC,9BWAH5BZ6KP538191,App2Car,2026-08-12T17:09:01.038661,2026-08-12T17:01:03.030472,13.71,35.0,,83.0,3130.0,38.0,1.3192066955566406,7.031477966308594,6.152655487060547,9.435950309255606,-5.831870535949749,-35.20493936028456,,-5.5,50.0,,27.0,63.14,,2127.95,,,1,Gasolina,,,0.0,0.9333333333333333,87.0,0.0,0,29.8,0.99,18500.0,3.13,1876.0,-2.34
F666D60A-75B1-428D-A08C-B318AA253AFC,9BWAH5BZ6KP538191,App2Car,2026-08-12T17:09:02.038530,2026-08-12T17:01:03.030472,13.71,35.0,,91.0,2080.0,38.0,2.1028271484375,7.565118255615235,5.875431976318359,9.806813812140666,-5.831903936618551,-35.20484959378971,,12.5,50.0,,27.0,63.14,,2127.95,,,1,Gasolina,,,0.0,1.0,87.0,0.0,0,29.8,0.99,18500.0,3.13,1876.0,-2.34
F666D60A-75B1-428D-A08C-B318AA253AFC,9BWAH5BZ6KP538191,App2Car,2026-08-12T17:09:03.038882,2026-08-12T17:01:03.030472,13.71,34.0,,91.0,1986.0,39.0,1.871558074951172,7.597001953125001,6.210585021972657,9.989421135323663,-5.831938034759378,-35.20475912327045,,12.5,50.0,,27.0,63.14,,1720.8000000000002,,,1,Gasolina,,,0.0,1.0,87.0,0.0,0,29.8,1.0,18500.0,3.13,1876.0,-2.34
F666D60A-75B1-428D-A08C-B318AA253AFC,9BWAH5BZ6KP538191,App2Car,2026-08-12T17:09:04.038447,2026-08-12T17:01:03.030472,13.71,34.0,,91.0,1986.0,39.0,1.238075408935547,6.901997222900391,4.825215911865235,8.511938967077542,-5.831973630021065,-35.20466848822705,,12.5,50.0,,26.0,63.14,,1673.8899999999999,,,1,Gasolina,,,0.0,0.9,87.0,0.0,0,29.8,1.0,18500.0,3.13,1936.0,-2.34
F666D60A-75B1-428D-A08C-B318AA253AFC,9BWAH5BZ6KP538191,App2Car,2026-08-12T17:09:05.038363,2026-08-12T17:01:03.030472,13.71,28.0,,86.0,1986.0,39.0,1.3786331176757813,7.064708862304688,4.941673736572266,8.731029715961741,-5.832009732350552,-35.204575501936866,,12.5,50.0,,26.0,61.18,,1536.31,,,0,Gasolina,,,0.0,0.9,87.0,0.0,0,29.41,1.0,18900.0,3.13,1936.0,-2.34
F666D60A-75B1-428D-A08C-B318AA253AFC,9BWAH5BZ6KP538191,App2Car,2026-08-12T17:09:06.038868,2026-08-12T17:01:03.030472,13.71,29.0,,86.0,1992.0,42.0,1.5599061584472658,6.437962188720704,6.774911499023438,9.475235626946656,-5.832043765676321,-35.20447989977521,,15.5,49.0,,24.0,61.18,,1559.1600000000003,,,0,Gasolina,,,0.0,0.9,87.0,0.0,0,29.41,1.0,18900.0,3.13,1936.0,-2.34
F666D60A-75B1-428D-A08C-B318AA253AFC,9BWAH5BZ6KP538191,App2Car,2026-08-12T17:09:07.039058,2026-08-12T17:01:03.030472,13.71,29.0,,89.0,1524.0,42.0,1.0918295288085937,6.695277099609376,6.119574279785157,9.136083215817386,-5.832080555125359,-35.20438183436917,,13.5,49.0,,24.0,61.18,,1559.1600000000003,,,0,Gasolina,,,0.0,1.0,87.0,0.0,0,29.41,1.0,18900.0,3.13,1936.0,-2.34
F666D60A-75B1-428D-A08C-B318AA253AFC,9BWAH5BZ6KP538191,App2Car,2026-08-12T17:09:08.038463,2026-08-12T17:01:03.030472,13.71,30.0,,89.0,1581.0,43.0,1.2744497680664064,7.084168395996094,6.218069458007813,9.511784893423734,-5.83211715619473,-35.204282498740106,,13.5,49.0,,24.0,61.18,,1412.6399999999999,,,0,Gasolina,,,0.0,1.0,87.0,0.0,0,29.41,1.0,18900.0,3.13,1936.0,-2.34
F666D60A-75B1-428D-A08C-B318AA253AFC,9BWAH5BZ6KP538191,App2Car,2026-08-12T17:09:09.038621,2026-08-12T17:01:03.030472,13.71,30.0,,89.0,1609.0,44.0,0.4632865905761719,6.17959945678711,6.678212585449219,9.11046690613514,-5.832153817800373,-35.204180525087054,,13.5,49.0,,24.0,61.18,,1412.6399999999999,,,0,Gasolina,,,0.0,0.9666666666666667,87.0,0.0,0,29.41,1.0,18900.0,3.13,1936.0,-2.34
F666D60A-75B1-428D-A08C-B318AA253AFC,9BWAH5BZ6KP538191,App2Car,2026-08-12T17:09:10.039043,2026-08-12T17:01:03.030472,13.71,30.0,,88.0,1658.0,46.0,1.4947915649414063,7.8517721557617195,5.744903411865234,9.84320288423823,-5.8321932058326365,-35.20407808538747,,13.5,49.0,,24.0,61.18,,1412.6399999999999,,,0,Gasolina,,,0.0,0.9333333333333333,87.0,0.0,0,29.41,1.0,18900.0,3.13,1936.0,-2.34
F666D60A-75B1-428D-A08C-B318AA253AFC,9BWAH5BZ6KP538191,App2Car,2026-08-12T17:09:11.038328,2026-08-12T17:01:03.030472,13.71,27.0,,76.0,1692.0,46.0,0.9238787841796875,5.765859832763672,6.797364807128907,8.961186302054514,-5.832230284951989,-35.203977278423785,,14.0,49.0,,22.0,61.18,,1408.1699999999998,,,0,Gasolina,,,0.0,0.9,87.0,0.0,0,29.41,1.0,18900.0,3.13,1936.0,-2.34
F666D60A-75B1-428D-A08C-B318AA253AFC,9BWAH5BZ6KP538191,App2Car,2026-08-12T17:09:12.038261,2026-08-12T17:01:03.030472,13.71,17.0,,55.0,1692.0,47.0,1.0246192932128906,6.613996124267579,6.9412156677246095,9.642368193224952,-5.832271240918214,-35.2038626114959,,17.0,49.0,,18.0,61.18,,1117.44,,,0,Gasolina,,,0.0,0.8,87.0,0.0,0,29.41,0.99,18900.0,3.13,1936.0,-2.34
F666D60A-75B1-428D-A08C-B318AA253AFC,9BWAH5BZ6KP538191,App2Car,2026-08-12T17:09:13.038980,2026-08-12T17:01:03.030472,13.71,15.0,,55.0,1699.0,48.0,1.3620176696777344,6.255791015625,7.461683349609375,9.831924113495111,-5.8323126746552525,-35.20375222931147,,15.5,49.0,,17.0,61.18,,1070.685,,,0,Gasolina,,,0.0,0.7333333333333333,87.0,0.0,0,29.41,0.99,18900.0,3.13,1936.0,-2.34
F666D60A-75B1-428D-A08C-B318AA253AFC,9BWAH5BZ6KP538191,App2Car,2026-08-12T17:09:14.038208,2026-08-12T17:01:03.030472,13.71,15.0,,45.0,1731.0,49.0,1.3437556457519533,6.867718505859376,5.952371978759766,9.187054418296325,-5.832354736143217,-35.203638670227065,,11.0,49.0,,16.0,61.18,,1065.92,,,0,Gasolina,,,0.0,0.7666666666666667,87.0,0.0,0,29.41,0.99,18900.0,3.13,1936.0,-2.34
F666D60A-75B1-428D-A08C-B318AA253AFC,9BWAH5BZ6KP538191,App2Car,2026-08-12T17:09:15.038482,2026-08-12T17:01:03.030472,13.71,13.0,,37.0,1775.0,50.0,1.9899618530273437,6.4780787658691406,8.055498504638672,10.526942045605862,-5.832397405710108,-35.203522971319444,,10.5,49.0,,16.0,61.18,,1032.6100000000001,,,0,Gasolina,,,0.0,0.6333333333333333,87.0,0.0,0,29.41,0.99,18900.0,3.13,1936.0,-2.34
F666D60A-75B1-428D-A08C-B318AA253AFC,9BWAH5BZ6KP538191,App2Car,2026-08-12T17:09:16.039065,2026-08-12T17:01:03.030472,13.71,7.0,,28.0,1775.0,50.0,2.3905288696289064,6.770869903564454,5.598956909179687,9.105362485830815,-5.832442201664785,-35.2034055679522,,-3.0,49.0,,14.0,61.18,,904.875,,,0,Gasolina,,,0.0,0.9333333333333333,87.0,0.0,0,29.41,1.0,18900.0,3.13,1936.0,-2.34
F666D60A-75B1-428D-A08C-B318AA253AFC,9BWAH5BZ6KP538191,App2Car,2026-08-12T17:09:17.038268,2026-08-12T17:01:03.030472,13.71,7.0,,28.0,1810.0,50.0,2.8891419982910156,6.714586944580079,7.481442260742188,10.459674833542074,-5.832487716401617,-35.2032886532501,,-3.0,49.0,,13.0,61.18,,904.875,,,0,Gasolina,,,0.0,0.9333333333333333,87.0,0.0,0,29.41,0.99,18900.0,3.13,1936.0,-2.34
F666D60A-75B1-428D-A08C-B318AA253AFC,9BWAH5BZ6KP538191,App2Car,2026-08-12T17:09:18.038830,2026-08-12T17:01:03.030472,13.71,13.0,,42.0,1821.0,50.0,2.4502546691894533,6.677913208007813,6.819219360351563,9.853934515824808,-5.832536995237531,-35.20317245444714,,9.0,50.0,,15.0,61.18,,1042.65,,,0,Gasolina,,,0.0,0.7333333333333333,87.0,0.0,0,29.41,1.0,18900.0,3.13,1936.0,-2.34
F666D60A-75B1-428D-A08C-B318AA253AFC,9BWAH5BZ6KP538191,App2Car,2026-08-12T17:09:19.038133,2026-08-12T17:01:03.030472,13.71,15.0,,45.0,1821.0,50.0,3.1488519287109376,7.916737060546875,6.435267791748047,10.677203084436146,-5.83259336436627,-35.203059183967426,,5.0,50.0,,17.0,61.18,,1144.325,,,0,Gasolina,,,0.0,0.6666666666666666,87.0,0.0,0,29.41,0.97,18900.0,3.13,1936.0,-2.34
F666D60A-75B1-428D-A08C-B318AA253AFC,9BWAH5BZ6KP538191,App2Car,2026-08-12T17:09:20.038370,2026-08-12T17:01:03.030472,13.71,15.0,,45.0,1843.0,51.0,1.4290782165527345,7.703430633544922,7.094646606445313,10.56972651231856,-5.832656700049959,-35.202947434286195,,10.5,50.0,,17.0,61.18,,1169.1899999999998,,,0,Gasolina,,,0.0,0.6666666666666666,87.0,0.0,0,29.41,0.99,18900.0,3.13,1936.0,-2.34
F666D60A-75B1-428D-A08C-B318AA253AFC,9BWAH5BZ6KP538191,App2Car,2026-08-12T17:09:21.038975,2026-08-12T17:01:03.030472,13.71,15.0,,46.0,1867.0,52.0,2.1999751281738282,6.98627197265625,6.8443670654296875,10.024632021518011,-5.8327417698708155,-35.20284765832091,,10.5,50.0,,17.0,61.18,,1169.1899999999998,,,0,Gasolina,,,0.0,0.6666666666666666,87.0,0.0,0,29.41,0.99,18900.0,3.13,1936.0,-2.34
F666D60A-75B1-428D-A08C-B318AA253AFC,9BWAH5BZ6KP538191,App2Car,2026-08-12T17:09:22.038344,2026-08-12T17:01:03.030472,13.71,15.0,,45.0,1884.0,52.0,2.2544618225097657,7.532486114501953,6.469097442626953,10.18185478665461,-5.83282107479018,-35.20274254586694,,9.5,50.0,,17.0,61.18,,1169.1899999999998,,,0,Gasolina,,,0.0,0.6666666666666666,87.0,0.0,0,29.41,0.99,18900.0,3.13,1936.0,-2.34
F666D60A-75B1-428D-A08C-B318AA253AFC,9BWAH5BZ6KP538191,App2Car,2026-08-12T17:09:23.038256,2026-08-12T17:01:03.030472,13.71,15.0,,45.0,1826.0,52.0,1.6477734375000002,6.907236328125,6.579867095947266,9.680894689760333,-5.832903099519147,-35.20263787457715,,13.5,50.0,,17.0,61.18,,1169.1899999999998,,,0,Gasolina,,,0.0,0.6666666666666666,87.0,0.0,0,29.41,0.99,18900.0,3.13,1936.0,-2.34
F666D60A-75B1-428D-A08C-B318AA253AFC,9BWAH5BZ6KP538191,App2Car,2026-08-12T17:09:24.038356,2026-08-12T17:01:03.030472,13.71,18.0,,58.0,1413.0,53.0,1.929038543701172,6.713988189697266,6.9552864074707035,9.857729765236305,-5.832985803863448,-35.202533793023,,13.5,50.0,,17.0,61.18,,1234.1,,,0,Gasolina,,,0.0,0.7666666666666667,87.0,0.0,0,29.41,1.0,18900.0,3.13,1936.0,-2.34
F666D60A-75B1-428D-A08C-B318AA253AFC,9BWAH5BZ6KP538191,App2Car,2026-08-12T17:09:25.038781,2026-08-12T17:01:03.030472,13.71,18.0,,60.0,1421.0,53.0,2.561772766113281,6.936575317382813,7.145690460205079,10.282978605053598,-5.833068763849522,-35.20242963766598,,15.5,50.0,,17.0,61.18,,1234.1,,,0,Gasolina,,,0.0,0.7333333333333333,87.0,0.0,0,29.41,1.0,18900.0,3.13,1936.0,-2.34
F666D60A-75B1-428D-A08C-B318AA253AFC,9BWAH5BZ6KP538191,App2Car,2026-08-12T17:09:26.038376,2026-08-12T17:01:03.030472,13.71,17.0,,57.0,1421.0,53.0,1.1114387512207031,6.103707275390625,7.095395050048828,9.425241085384972,-5.833151976078097,-35.202323921982476,,15.5,50.0,,16.0,61.18,,1057.3500000000001,,,0,Gasolina,,,0.0,0.6666666666666666,87.0,0.0,0,29.41,1.0,18900.0,3.13,1936.0,-2.34
F666D60A-75B1-428D-A08C-B318AA253AFC,9BWAH5BZ6KP538191,App2Car,2026-08-12T17:09:27.038704,2026-08-12T17:01:03.030472,13.71,15.0,,57.0,1428.0,53.0,1.5275733947753907,6.518195343017578,7.210206298828125,9.839076474843685,-5.833233720957733,-35.20221766858114,,15.5,50.0,,16.0,61.18,,1029.52,,,0,Gasolina,,,0.0,0.6666666666666666,87.0,0.0,0,29.41,1.0,18900.0,3.13,1936.0,-2.34
F666D60A-75B1-428D-A08C-B318AA253AFC,9BWAH5BZ6KP538191,App2Car,2026-08-12T17:09:28.038694,2026-08-12T17:01:03.030472,13.71,15.0,,49.0,1434.0,53.0,2.2106030273437502,6.700815582275391,7.243137817382813,10.111910830983781,-5.833315952573613,-35.2021107825124,,6.0,50.0,,15.0,61.18,,1029.52,,,0,Gasolina,,,0.0,0.8,87.0,0.0,0,29.41,1.0,18900.0,3.13,1936.0,-2.34
F666D60A-75B1-428D-A08C-B318AA253AFC,9BWAH5BZ6KP538191,App2Car,2026-08-12T17:09:29.038254,2026-08-12T17:01:03.030472,13.71,8.0,,30.0,1424.0,53.0,2.0240908813476564,6.628964996337891,7.122488708496094,9.938308016019734,-5.833398836844099,-35.202003037572666,,0.0,50.0,,15.0,61.18,,894.87,,,0,Gasolina,,,0.0,0.7666666666666667,87.0,0.0,0,29.41,0.99,18900.0,3.13,1936.0,-2.34
F666D60A-75B1-428D-A08C-B318AA253AFC,9BWAH5BZ6KP538191,App2Car,2026-08-12T17:09:30.037988,2026-08-12T17:01:03.030472,13.71,7.0,,27.0,1395.0,52.0,2.0636087036132813,6.821015625,7.0117190551757815,9.997446631357318,-5.833480438388316,-35.201895982335024,,-6.0,50.0,,13.0,61.18,,795.0250000000001,,,0,Gasolina,,,0.0,0.9666666666666667,87.0,0.0,0,29.41,0.98,18900.0,3.13,1936.0,-2.34
F666D60A-75B1-428D-A08C-B318AA253AFC,9BWAH5BZ6KP538191,App2Car,2026-08-12T17:09:31.038945,2026-08-12T17:01:03.030472,13.71,7.0,,27.0,1365.0,51.0,1.9187100219726563,6.548133087158203,6.600673828125,9.493597319290968,-5.833545444821826,-35.20177909472634,,-6.0,50.0,,13.0,61.18,,795.0250000000001,,,0,Gasolina,,,0.0,0.9666666666666667,87.0,0.0,0,29.41,0.98,18900.0,3.13,1936.0,-2.34
F666D60A-75B1-428D-A08C-B318AA253AFC,9BWAH5BZ6KP538191,App2Car,2026-08-12T17:09:32.038103,2026-08-12T17:01:03.030472,13.71,7.0,,27.0,1327.0,51.0,1.5096107482910157,6.133345642089844,6.560108184814453,9.106693844264658,-5.833624960869487,-35.201676276159056,,-7.0,50.0,,13.0,61.18,,795.0250000000001,,,0,Gasolina,,,0.0,0.9666666666666667,87.0,0.0,0,29.41,0.98,18900.0,3.13,1936.0,-2.34
F666D60A-75B1-428D-A08C-B318AA253AFC,9BWAH5BZ6KP538191,App2Car,2026-08-12T17:09:33.038342,2026-08-12T17:01:03.030472,13.71,6.0,,27.0,1327.0,50.0,2.641856231689453,6.5378045654296875,7.574997711181641,10.349052285551405,-5.833703257856492,-35.20157552208411,,-4.0,50.0,,13.0,61.18,,735.56,,,0,Gasolina,,,0.0,0.9333333333333333,87.0,0.0,0,29.41,0.99,18900.0,3.13,1936.0,-2.34
F666D60A-75B1-428D-A08C-B318AA253AFC,9BWAH5BZ6KP538191,App2Car,2026-08-12T17:09:34.038473,2026-08-12T17:01:03.030472,13.71,6.0,,27.0,1250.0,46.0,1.718276824951172,5.846242675781251,7.313042449951173,9.519013527991124,-5.833778951351364,-35.20147794093074,,-4.5,50.0,,13.0,61.18,,735.56,,,0,Gasolina,,,0.0,0.9,87.0,0.0,0,29.41,0.98,18900.0,3.13,1936.0,-2.34
F666D60A-75B1-428D-A08C-B318AA253AFC,9BWAH5BZ6KP538191,App2Car,2026-08-12T17:09:35.038482,2026-08-12T17:01:03.030472,13.71,6.0,,27.0,1458.0,40.0,1.8061441040039063,6.254593505859376,7.416028289794922,9.868108838222495,-5.833848143299032,-35.20138723028974,,-9.0,50.0,,13.0,61.18,,735.56,,,0,Gasolina,,,0.0,0.9333333333333333,87.0,0.0,0,29.41,0.98,18900.0,3.13,1936.0,-2.34
F666D60A-75B1-428D-A08C-B318AA253AFC,9BWAH5BZ6KP538191,App2Car,2026-08-12T17:09:36.038602,2026-08-12T17:01:03.030472,13.71,7.0,,27.0,1323.0,37.0,1.5558645629882812,5.7664585876464844,7.756270751953125,9.789407293549907,-5.833910409485713,-35.20130659285809,,-8.5,50.0,,13.0,61.18,,648.13,,,0,Gasolina,,,0.0,0.9333333333333333,87.0,0.0,0,29.41,0.98,18900.0,3.13,1936.0,-2.34
F666D60A-75B1-428D-A08C-B318AA253AFC,9BWAH5BZ6KP538191,App2Car,2026-08-12T17:09:37.037738,2026-08-12T17:01:03.030472,13.71,6.0,,28.0,1154.0,30.0,2.176923065185547,5.768254852294922,8.538094940185548,10.531420762669338,-5.8339650339599896,-35.20123448120056,,-10.0,50.0,,13.0,61.18,,563.9449999999999,,,0,Gasolina,,,0.0,0.8666666666666667,87.0,0.0,0,29.41,0.99,18900.0,3.13,1936.0,-2.34
F666D60A-75B1-428D-A08C-B318AA253AFC,9BWAH5BZ6KP538191,App2Car,2026-08-12T17:09:38.037803,2026-08-12T17:01:03.030472,13.71,6.0,,30.0,1088.0,21.0,2.2035676574707033,5.979166259765625,7.6844201660156255,9.982807865066732,-5.834015083537313,-35.20116948971857,,-10.0,50.0,,13.0,61.18,,563.9449999999999,,,0,Gasolina,,,0.0,0.8333333333333334,87.0,0.0,0,29.41,0.98,18900.0,3.13,1936.0,-2.34
F666D60A-75B1-428D-A08C-B318AA253AFC,9BWAH5BZ6KP538191,App2Car,2026-08-12T17:09:39.038888,2026-08-12T17:01:03.030472,13.71,8.0,,32.0,981.0,21.0,2.052382049560547,7.1385054016113285,10.454110565185548,12.824155299875176,-5.834053615113961,-35.2011188389601,,-7.5,50.0,,13.0,61.18,,346.26,,,0,Gasolina,,,0.0,0.9,87.0,0.0,0,29.41,0.99,18900.0,3.13,1936.0,-2.34
F666D60A-75B1-428D-A08C-B318AA253AFC,9BWAH5BZ6KP538191,App2Car,2026-08-12T17:09:40.038391,2026-08-12T17:01:03.030472,13.71,26.0,,77.0,981.0,17.0,1.6268170166015625,7.054979095458985,6.6717759704589845,9.845397820446953,-5.834078692334975,-35.201085768877064,,-1.5,50.0,,18.0,61.18,,597.915,,,0,Gasolina,,,0.0,0.5666666666666667,87.0,0.0,0,29.41,1.0,18900.0,3.13,1936.0,-2.34
F666D60A-75B1-428D-A08C-B318AA253AFC,9BWAH5BZ6KP538191,App2Car,2026-08-12T17:09:41.038377,2026-08-12T17:01:03.030472,13.71,28.0,,77.0,1482.0,17.0,0.8113128662109376,6.51011215209961,7.703580322265625,10.118544291615894,-5.83410166762638,-35.201055215029726,,0.5,50.0,,21.0,61.18,,805.95,,,0,Gasolina,,,0.0,0.8,87.0,0.0,0,29.41,1.0,18900.0,3.13,1936.0,-2.34
F666D60A-75B1-428D-A08C-B318AA253AFC,9BWAH5BZ6KP538191,App2Car,2026-08-12T17:09:42.038755,2026-08-12T17:01:03.030472,13.71,28.0,,80.0,1698.0,19.0,0.42152343750000004,7.174430694580079,5.995332641601562,9.359174711647805,-5.834126264287261,-35.201021528492795,,13.5,50.0,,21.0,61.18,,892.53,,,0,Gasolina,,,0.0,0.9,87.0,0.0,0,29.41,1.0,18900.0,3.13,1936.0,-2.34
F666D60A-75B1-428D-A08C-B318AA253AFC,9BWAH5BZ6KP538191,App2Car,2026-08-12T17:09:43.039818,2026-08-12T17:01:03.030472,13.71,35.0,,91.0,2028.0,23.0,0.0053887939453125,7.736661529541016,5.663772125244141,9.588236300199982,-5.834169776793346,-35.20099214182127,,11.0,50.0,,26.0,61.18,,1342.1200000000001,,,0,Gasolina,,,0.0,1.0,87.0,0.0,0,29.41,1.0,18900.0,3.13,1936.0,-2.34
F666D60A-75B1-428D-A08C-B318AA253AFC,9BWAH5BZ6KP538191,App2Car,2026-08-12T17:09:44.038574,2026-08-12T17:01:03.030472,13.71,35.0,,89.0,2320.0,27.0,0.5146298217773437,7.896080017089844,5.740562438964844,9.77583656805913,-5.834204682279832,-35.200948357204325,,11.0,50.0,,27.0,61.18,,1556.2,,,0,Gasolina,,,0.0,1.0,87.0,0.0,0,29.41,0.99,18900.0,3.13,1936.0,-2.34
F666D60A-75B1-428D-A08C-B318AA253AFC,9BWAH5BZ6KP538191,App2Car,2026-08-12T17:09:45.037904,2026-08-12T17:01:03.030472,13.71,33.0,,93.0,1734.0,27.0,0.6599775695800781,7.647147674560547,5.410199432373047,9.390670681422879,-5.8342474128429584,-35.20089449087321,,15.0,50.0,,27.0,61.18,,1506.0,,,0,Gasolina,,,0.0,0.9333333333333333,87.0,0.0,0,29.41,1.0,18900.0,3.13,1936.0,-2.34
F666D60A-75B1-428D-A08C-B318AA253AFC,9BWAH5BZ6KP538191,App2Car,2026-08-12T17:09:46.038174,2026-08-12T17:01:03.030472,13.71,36.0,,92.0,1734.0,30.0,1.0325527954101563,7.72199203491211,6.0766136169433596,9.88031170116494,-5.834295503115714,-35.200835418387264,,11.0,50.0,,27.0,61.18,,1463.2199999999998,,,0,Gasolina,,,0.0,1.0,87.0,0.0,0,29.41,1.0,18900.0,3.13,1936.0,-2.34
F666D60A-75B1-428D-A08C-B318AA253AFC,9BWAH5BZ6KP538191,App2Car,2026-08-12T17:09:47.038489,2026-08-12T17:01:03.030472,13.71,36.0,,92.0,1778.0,33.0,2.4275019836425784,7.671996002197266,5.967939605712891,10.018412632535956,-5.834346914822056,-35.200772839381045,,11.0,50.0,,27.0,61.18,,1463.2199999999998,,,0,Gasolina,,,0.0,1.0,87.0,0.0,0,29.41,1.0,18900.0,3.13,1936.0,-2.34
F666D60A-75B1-428D-A08C-B318AA253AFC,9BWAH5BZ6KP538191,App2Car,2026-08-12T17:09:48.039312,2026-08-12T17:01:03.030472,13.71,36.0,,92.0,1771.0,36.0,2.0676502990722656,5.670957183837891,7.762258300781251,9.83298464700437,-5.834401179830228,-35.200706787301556,,11.0,50.0,,27.0,61.18,,1463.2199999999998,,,0,Gasolina,,,0.0,1.0,87.0,0.0,0,29.41,1.0,18900.0,3.13,1936.0,-2.34
F666D60A-75B1-428D-A08C-B318AA253AFC,9BWAH5BZ6KP538191,App2Car,2026-08-12T17:09:49.038107,2026-08-12T17:01:03.030472,13.71,36.0,,91.0,1873.0,39.0,0.7834707641601563,7.383396148681641,5.994883575439453,9.542902818835278,-5.834460112092513,-35.20063505413842,,5.0,49.0,,27.0,61.18,,1463.2199999999998,,,0,Gasolina,,,0.0,1.0,87.0,0.0,0,29.41,0.99,18900.0,3.13,1936.0,-2.34
F666D60A-75B1-428D-A08C-B318AA253AFC,9BWAH5BZ6KP538191,App2Car,2026-08-12T17:09:50.040785,2026-08-12T17:01:03.030472,13.71,35.0,,93.0,1504.0,41.0,1.0145901489257814,7.397766265869141,6.6523164367675784,10.000482631834165,-5.834522503693531,-35.20055862836887,,11.0,49.0,,27.0,61.18,,1692.0100000000002,,,1,Gasolina,,,0.0,1.0,87.0,0.0,0,29.41,1.0,18900.0,3.13,1936.0,-2.34
F666D60A-75B1-428D-A08C-B318AA253AFC,9BWAH5BZ6KP538191,App2Car,2026-08-12T17:09:51.037337,2026-08-12T17:01:03.030472,13.71,37.0,,93.0,1584.0,43.0,0.03382965087890625,7.028035125732422,5.943540344238282,9.204351905343225,-5.834587541810446,-35.20047912433821,,11.0,49.0,,27.0,61.18,,1639.56,,,0,Gasolina,,,0.0,1.0,87.0,0.0,0,29.41,1.0,18900.0,3.13,1936.0,-2.34
F666D60A-75B1-428D-A08C-B318AA253AFC,9BWAH5BZ6KP538191,App2Car,2026-08-12T17:09:52.040871,2026-08-12T17:01:03.030472,13.71,36.0,,93.0,1651.0,43.0,1.13763427734375,7.9502673339843755,6.305188293457031,10.210600464554181,-5.834653872730212,-35.20039355876551,,12.0,49.0,,27.0,61.18,,1692.1799999999998,,,1,Gasolina,,,0.0,1.0,87.0,0.0,0,29.41,1.0,18900.0,3.13,1936.0,-2.34
F666D60A-75B1-428D-A08C-B318AA253AFC,9BWAH5BZ6KP538191,App2Car,2026-08-12T17:09:53.040375,2026-08-12T17:01:03.030472,13.71,35.0,,92.0,1651.0,45.0,1.2922627258300783,7.668403472900391,5.257217559814453,9.386836061580174,-5.834720691789734,-35.20030499789782,,12.0,49.0,,27.0,61.18,,1740.3999999999999,,,1,Gasolina,,,0.0,1.0,87.0,0.0,0,29.41,1.0,18900.0,3.13,1936.0,-2.34
F666D60A-75B1-428D-A08C-B318AA253AFC,9BWAH5BZ6KP538191,App2Car,2026-08-12T17:09:54.038764,2026-08-12T17:01:03.030472,13.71,29.0,,92.0,1699.0,46.0,1.233285369873047,7.791597290039063,5.7684045410156255,9.772638951813203,-5.834790067553933,-35.20021316089543,,11.0,49.0,,24.0,61.18,,1537.125,,,0,Gasolina,,,0.0,0.9666666666666667,87.0,0.0,0,29.41,1.0,18900.0,3.13,1936.0,-2.34
F666D60A-75B1-428D-A08C-B318AA253AFC,9BWAH5BZ6KP538191,App2Car,2026-08-12T17:09:55.038026,2026-08-12T17:01:03.030472,13.71,29.0,,86.0,1736.0,48.0,1.6684304809570314,7.578141174316406,5.581293640136719,9.558384938109928,-5.834861633086095,-35.200118065400225,,14.0,49.0,,23.0,61.18,,1553.86,,,0,Gasolina,,,0.0,0.9,87.0,0.0,0,29.41,1.0,18900.0,3.13,1936.0,-2.34
F666D60A-75B1-428D-A08C-B318AA253AFC,9BWAH5BZ6KP538191,App2Car,2026-08-12T17:09:56.037989,2026-08-12T17:01:03.030472,13.71,28.0,,82.0,1796.0,50.0,2.3725662231445312,7.950566711425782,6.214925994873047,10.366575453725632,-5.8349348966645405,-35.20002050104673,,15.5,49.0,,23.0,61.18,,1533.6799999999998,,,0,Gasolina,,,0.0,0.7,87.0,0.0,0,29.41,1.0,18900.0,3.13,1936.0,-2.34
F666D60A-75B1-428D-A08C-B318AA253AFC,9BWAH5BZ6KP538191,App2Car,2026-08-12T17:09:57.038026,2026-08-12T17:01:03.030472,13.71,25.0,,76.0,1855.0,52.0,1.355730743408203,7.186555480957032,6.351142730712891,9.686155042914754,-5.835011764894915,-35.199918136415675,,17.0,49.0,,21.0,61.18,,1461.0,,,0,Gasolina,,,0.0,0.7666666666666667,87.0,0.0,0,29.41,1.0,18900.0,3.13,1936.0,-2.34
F666D60A-75B1-428D-A08C-B318AA253AFC,9BWAH5BZ6KP538191,App2Car,2026-08-12T17:09:58.038631,2026-08-12T17:01:03.030472,13.71,23.0,,78.0,1441.0,54.0,1.2588821411132813,7.393125915527344,6.192023620605469,9.725443515140688,-5.8350903217637065,-35.19981352304058,,17.0,49.0,,20.0,61.18,,1445.625,,,0,Gasolina,,,0.0,0.7333333333333333,87.0,0.0,0,29.41,1.0,18900.0,3.13,1936.0,-2.34
F666D60A-75B1-428D-A08C-B318AA253AFC,9BWAH5BZ6KP538191,App2Car,2026-08-12T17:09:59.038492,2026-08-12T17:01:03.030472,13.71,26.0,,84.0,1519.0,54.0,1.4796730041503907,7.458689575195313,5.472020874023438,9.368270642124239,-5.83517153387619,-35.19970559733496,,13.5,49.0,,22.0,61.18,,1456.3999999999999,,,0,Gasolina,,,0.0,0.8666666666666667,87.0,0.0,0,29.41,1.0,18900.0,3.13,1936.0,-2.34
F666D60A-75B1-428D-A08C-B318AA253AFC,9BWAH5BZ6KP538191,App2Car,2026-08-12T17:10:00.038472,2026-08-12T17:01:03.030472,13.71,26.0,,81.0,1519.0,56.0,1.5396981811523438,7.3143896484375,6.364764404296875,9.81739233913049,-5.8352548928363275,-35.199594944826906,,14.0,49.0,,21.0,61.18,,1483.79,,,0,Gasolina,,,0.0,0.8333333333333334,87.0,0.0,0,29.41,1.0,18900.0,3.13,1936.0,-2.34
F666D60A-75B1-428D-A08C-B318AA253AFC,9BWAH5BZ6KP538191,App2Car,2026-08-12T17:10:01.037847,2026-08-12T17:01:03.030472,13.71,15.0,,81.0,1531.0,59.0,2.1109103393554687,7.123386840820313,6.611750793457031,9.94554327825029,-5.835340785037201,-35.199480929641574,,5.0,48.0,,17.0,61.18,,1195.47,,,0,Gasolina,,,0.0,0.6333333333333333,87.0,0.0,0,29.41,0.98,18900.0,3.13,1936.0,-2.34
F666D60A-75B1-428D-A08C-B318AA253AFC,9BWAH5BZ6KP538191,App2Car,2026-08-12T17:10:02.037977,2026-08-12T17:01:03.030472,13.71,15.0,,41.0,1550.0,59.0,1.4060261535644532,6.58435775756836,5.800288238525391,8.886732823379685,-5.835429283669224,-35.19936345462209,,1.5,48.0,,14.0,61.18,,1195.47,,,0,Gasolina,,,0.0,0.6,87.0,0.0,0,29.41,1.0,18900.0,3.13,1936.0,-2.34
F666D60A-75B1-428D-A08C-B318AA253AFC,9BWAH5BZ6KP538191,App2Car,2026-08-12T17:10:03.038555,2026-08-12T17:01:03.030472,13.71,7.0,,27.0,1580.0,59.0,1.4941928100585937,7.163653106689454,7.7812687683105475,10.681698443192328,-5.835519254177641,-35.19924402580147,,-5.5,48.0,,14.0,61.18,,973.5,,,0,Gasolina,,,0.0,0.9333333333333333,87.0,0.0,0,29.41,1.0,18900.0,3.13,1936.0,-2.34
F666D60A-75B1-428D-A08C-B318AA253AFC,9BWAH5BZ6KP538191,App2Car,2026-08-12T17:10:04.037102,2026-08-12T17:01:03.030472,13.71,7.0,,27.0,1580.0,59.0,1.8377284240722658,6.758296051025391,6.599775695800782,9.623349235522486,-5.835609417294943,-35.199124341309385,,-5.5,48.0,,13.0,61.18,,973.5,,,0,Gasolina,,,0.0,0.9,88.0,0.0,0,29.41,0.98,18900.0,4.69,1996.0,-3.13
F666D60A-75B1-428D-A08C-B318AA253AFC,9BWAH5BZ6KP538191,App2Car,2026-08-12T17:10:05.038552,2026-08-12T17:01:03.030472,13.71,7.0,,26.0,1580.0,59.0,1.5313156127929688,6.570586395263672,6.059399414062501,9.06828839102223,-5.835700076732448,-35.19900433073658,,-5.5,48.0,,13.0,61.18,,973.5,,,0,Gasolina,,,0.0,0.9,88.0,0.0,0,29.41,0.98,15010.0,4.69,1996.0,-3.13
F666D60A-75B1-428D-A08C-B318AA253AFC,9BWAH5BZ6KP538191,App2Car,2026-08-12T17:10:06.038235,2026-08-12T17:01:03.030472,13.71,7.0,,26.0,1580.0,59.0,1.2784913635253907,6.235882415771485,5.863905944824219,8.654834637338938,-5.835790685864354,-35.198884587692575,,-7.0,49.0,,13.0,61.18,,973.5,,,0,Gasolina,,,0.0,0.9,88.0,0.0,0,29.41,0.98,15010.0,4.69,1996.0,-3.13
F666D60A-75B1-428D-A08C-B318AA253AFC,9BWAH5BZ6KP538191,App2Car,2026-08-12T17:10:07.038246,2026-08-12T17:01:03.030472,13.71,7.0,,27.0,1563.0,58.0,1.6408877563476563,7.449558563232422,6.894512786865235,10.282156485106098,-5.8358800476152695,-35.19876598640532,,-7.5,49.0,,13.0,61.18,,930.475,,,0,Gasolina,,,0.0,0.9333333333333333,88.0,0.0,0,29.41,0.98,15010.0,4.69,1996.0,-3.13
F666D60A-75B1-428D-A08C-B318AA253AFC,9BWAH5BZ6KP538191,App2Car,2026-08-12T17:10:08.038418,2026-08-12T17:01:03.030472,13.71,7.0,,26.0,1538.0,57.0,1.6079562377929688,7.375911712646484,6.788832550048829,10.15272595158637,-5.835956923395934,-35.198639668037934,,-8.5,49.0,,13.0,61.18,,930.475,,,0,Gasolina,,,0.0,0.9666666666666667,88.0,0.0,0,29.41,0.98,15010.0,4.69,1996.0,-3.13
F666D60A-75B1-428D-A08C-B318AA253AFC,9BWAH5BZ6KP538191,App2Car,2026-08-12T17:10:09.038336,2026-08-12T17:01:03.030472,13.71,7.0,,27.0,1514.0,56.0,1.7763560485839844,7.361840972900391,6.182293853759766,9.776139351290553,-5.836045613343493,-35.19852551508658,,-8.5,49.0,,13.0,61.18,,930.475,,,0,Gasolina,,,0.0,0.9666666666666667,88.0,0.0,0,29.41,0.98,15010.0,4.69,1996.0,-3.13
F666D60A-75B1-428D-A08C-B318AA253AFC,9BWAH5BZ6KP538191,App2Car,2026-08-12T17:10:10.038653,2026-08-12T17:01:03.030472,13.71,7.0,,27.0,1487.0,55.0,2.4632775878906252,7.047195281982423,5.736221466064453,9.41461281865262,-5.836145447011954,-35.19842231988649,,-8.5,49.0,,13.0,61.18,,930.475,,,0,Gasolina,,,0.0,0.9666666666666667,88.0,0.0,0,29.41,0.98,15010.0,4.69,1996.0,-3.13
F666D60A-75B1-428D-A08C-B318AA253AFC,9BWAH5BZ6KP538191,App2Car,2026-08-12T17:10:11.038319,2026-08-12T17:01:03.030472,13.71,7.0,,27.0,1451.0,55.0,2.176024932861328,6.512357482910157,6.400090942382813,9.38653549316363,-5.836232386699511,-35.19831161890377,,-8.5,49.0,,13.0,61.18,,930.475,,,0,Gasolina,,,0.0,0.9666666666666667,88.0,0.0,0,29.41,0.98,15010.0,4.69,1996.0,-3.13
F666D60A-75B1-428D-A08C-B318AA253AFC,9BWAH5BZ6KP538191,App2Car,2026-08-12T17:10:12.037133,2026-08-12T17:01:03.030472,13.71,7.0,,27.0,1451.0,54.0,1.9773880004882813,7.220385131835938,5.710924072265625,9.415873752111139,-5.836317987779469,-35.19820251087183,,-8.5,49.0,,13.0,61.18,,930.475,,,0,Gasolina,,,0.0,0.9666666666666667,88.0,0.0,0,29.41,0.98,15010.0,4.69,1996.0,-3.13
F666D60A-75B1-428D-A08C-B318AA253AFC,9BWAH5BZ6KP538191,App2Car,2026-08-12T17:10:13.038187,2026-08-12T17:01:03.030472,13.71,7.0,,27.0,1412.0,53.0,2.361638946533203,7.294630737304688,6.333329772949219,9.944850030057658,-5.836400850769689,-35.198096382954304,,-9.0,49.0,,13.0,61.18,,930.475,,,0,Gasolina,,,0.0,0.9666666666666667,88.0,0.0,0,29.41,0.98,15010.0,4.69,1996.0,-3.13
F666D60A-75B1-428D-A08C-B318AA253AFC,9BWAH5BZ6KP538191,App2Car,2026-08-12T17:10:14.038388,2026-08-12T17:01:03.030472,13.71,7.0,,27.0,1371.0,51.0,2.9511131286621097,7.248376922607422,6.726861419677735,10.319820796404288,-5.836482075757888,-35.19799279404354,,-9.0,49.0,,13.0,61.18,,930.475,,,0,Gasolina,,,0.0,0.9666666666666667,88.0,0.0,0,29.41,0.98,15010.0,4.69,1996.0,-3.13
F666D60A-75B1-428D-A08C-B318AA253AFC,9BWAH5BZ6KP538191,App2Car,2026-08-12T17:10:15.038549,2026-08-12T17:01:03.030472,13.71,7.0,,27.0,1334.0,49.0,3.18777099609375,7.271279296875,7.393574981689453,10.848886465742176,-5.836561597589372,-35.19789095172607,,-9.0,49.0,,13.0,61.18,,930.475,,,0,Gasolina,,,0.0,0.9333333333333333,88.0,0.0,0,29.41,0.98,15010.0,4.69,1996.0,-3.13
F666D60A-75B1-428D-A08C-B318AA253AFC,9BWAH5BZ6KP538191,App2Car,2026-08-12T17:10:16.037734,2026-08-12T17:01:03.030472,13.71,6.0,,27.0,1289.0,48.0,3.2936009216308597,7.205266571044922,5.978268127441407,9.92488605447775,-5.836638671137223,-35.19779260072205,,-9.0,49.0,,13.0,61.18,,724.3499999999999,,,0,Gasolina,,,0.0,0.9,88.0,0.0,0,29.41,0.98,15010.0,4.69,1996.0,-3.13
F666D60A-75B1-428D-A08C-B318AA253AFC,9BWAH5BZ6KP538191,App2Car,2026-08-12T17:10:17.038149,2026-08-12T17:01:03.030472,13.71,7.0,,27.0,1248.0,46.0,2.405647430419922,6.416556701660157,6.007756805419922,9.113313409412365,-5.836714031271906,-35.197696239047225,,-9.0,49.0,,13.0,61.18,,711.975,,,0,Gasolina,,,0.0,0.9333333333333333,88.0,0.0,0,29.41,0.98,15010.0,4.69,1996.0,-3.13
F666D60A-75B1-428D-A08C-B318AA253AFC,9BWAH5BZ6KP538191,App2Car,2026-08-12T17:10:18.038254,2026-08-12T17:01:03.030472,13.71,7.0,,27.0,1345.0,46.0,1.2135264587402343,5.524262237548829,7.054679718017579,9.042047647467866,-5.836774804879322,-35.197592637374946,,-10.0,49.0,,13.0,61.18,,711.975,,,0,Gasolina,,,0.0,0.9333333333333333,88.0,0.0,0,29.41,0.98,15010.0,4.69,1996.0,-3.13
F666D60A-75B1-428D-A08C-B318AA253AFC,9BWAH5BZ6KP538191,App2Car,2026-08-12T17:10:19.038209,2026-08-12T17:01:03.030472,13.71,7.0,,27.0,1345.0,41.0,1.8788928222656252,5.938600616455078,7.653883666992188,9.868087489841773,-5.8368541424662945,-35.19751077457542,,-7.5,49.0,,13.0,61.18,,711.975,,,0,Gasolina,,,0.0,0.9333333333333333,88.0,0.0,0,29.41,0.98,15010.0,4.69,1996.0,-3.13
F666D60A-75B1-428D-A08C-B318AA253AFC,9BWAH5BZ6KP538191,App2Car,2026-08-12T17:10:20.038455,2026-08-12T17:01:03.030472,13.71,8.0,,27.0,1232.0,33.0,0.9422904968261719,5.205425262451172,8.612639923095703,10.107518488149092,-5.836927314726199,-35.19744242898768,,1.5,49.0,,14.0,61.18,,539.56,,,0,Gasolina,,,0.0,0.9333333333333333,88.0,0.0,0,29.41,0.99,15010.0,4.69,1996.0,-3.13
F666D60A-75B1-428D-A08C-B318AA253AFC,9BWAH5BZ6KP538191,App2Car,2026-08-12T17:10:21.037078,2026-08-12T17:01:03.030472,13.71,8.0,,27.0,1160.0,23.0,1.1979588317871095,5.048401794433594,8.947044525146485,10.342682039763707,-5.836988770492824,-35.19739327890574,,19.5,49.0,,14.0,61.18,,539.56,,,0,Gasolina,,,0.0,0.9666666666666667,88.0,0.0,0,29.41,1.0,15010.0,4.69,1996.0,-3.13
F666D60A-75B1-428D-A08C-B318AA253AFC,9BWAH5BZ6KP538191,App2Car,2026-08-12T17:10:22.037965,2026-08-12T17:01:03.030472,13.71,9.0,,34.0,973.0,16.0,1.6959732055664063,7.067103881835938,6.21028564453125,9.559703456558195,-5.837033597319454,-35.19735858060595,,15.5,50.0,,14.0,61.18,,409.59999999999997,,,0,Gasolina,,,0.0,0.9666666666666667,88.0,0.0,0,29.41,1.0,15010.0,4.69,1996.0,-3.13
F666D60A-75B1-428D-A08C-B318AA253AFC,9BWAH5BZ6KP538191,App2Car,2026-08-12T17:10:23.038352,2026-08-12T17:01:03.030472,13.71,31.0,,87.0,1624.0,18.0,1.3425581359863281,6.6295637512207035,6.512058105468751,9.389381164326213,-5.837067661589582,-35.19733301436931,,10.5,50.0,,21.0,61.18,,722.155,,,0,Gasolina,,,0.0,0.8666666666666667,88.0,0.0,0,29.41,1.0,15010.0,4.69,1996.0,-3.13
F666D60A-75B1-428D-A08C-B318AA253AFC,9BWAH5BZ6KP538191,App2Car,2026-08-12T17:10:24.038133,2026-08-12T17:01:03.030472,13.71,35.0,,89.0,1913.0,18.0,1.5444882202148438,7.784561920166016,5.478008422851563,9.643309827653258,-5.837098772698003,-35.19731044943325,,10.5,50.0,,26.0,61.18,,1119.36,,,0,Gasolina,,,0.0,1.0,88.0,0.0,0,29.41,1.0,15010.0,4.69,1996.0,-3.13
F666D60A-75B1-428D-A08C-B318AA253AFC,9BWAH5BZ6KP538191,App2Car,2026-08-12T17:10:25.037797,2026-08-12T17:01:03.030472,13.71,36.0,,89.0,1913.0,22.0,1.670526123046875,7.522157592773438,6.3846730041503905,10.00687572363262,-5.837141316394636,-35.19728113106367,,11.0,49.0,,27.0,61.18,,1337.77,,,0,Gasolina,,,0.0,1.0,88.0,0.0,0,29.41,1.0,15010.0,4.69,1996.0,-3.13
F666D60A-75B1-428D-A08C-B318AA253AFC,9BWAH5BZ6KP538191,App2Car,2026-08-12T17:10:26.037879,2026-08-12T17:01:03.030472,13.71,33.0,,89.0,2192.0,26.0,1.2934602355957032,7.397915954589844,7.021299133300782,10.28109144845685,-5.837190775461509,-35.197246965556054,,14.0,49.0,,27.0,61.18,,1443.14,,,0,Gasolina,,,0.0,0.9666666666666667,88.0,0.0,0,29.41,1.0,15010.0,4.69,1996.0,-3.13
F666D60A-75B1-428D-A08C-B318AA253AFC,9BWAH5BZ6KP538191,App2Car,2026-08-12T17:10:27.038509,2026-08-12T17:01:03.030472,13.71,33.0,,86.0,2457.0,29.0,1.4138099670410158,6.251599731445313,5.188360748291016,8.246238238100966,-5.837246938187675,-35.19720820492446,,-4.0,49.0,,26.0,61.18,,1567.6699999999998,,,0,Gasolina,,,0.0,0.7666666666666667,88.0,0.0,0,29.41,1.0,15010.0,4.69,1996.0,-3.13
F666D60A-75B1-428D-A08C-B318AA253AFC,9BWAH5BZ6KP538191,App2Car,2026-08-12T17:10:28.038395,2026-08-12T17:01:03.030472,13.71,35.0,,92.0,1754.0,31.0,2.575843505859375,7.427704010009766,7.517367553710938,10.877342118577454,-5.837308330974137,-35.19716333604849,,12.5,49.0,,26.0,61.18,,1618.2399999999998,,,0,Gasolina,,,0.0,1.0,88.0,0.0,0,29.41,0.99,15010.0,4.69,1996.0,-3.13
F666D60A-75B1-428D-A08C-B318AA253AFC,9BWAH5BZ6KP538191,App2Car,2026-08-12T17:10:29.038012,2026-08-12T17:01:03.030472,13.71,34.0,,92.0,1738.0,34.0,1.6802558898925781,6.69931869506836,6.6806076049804695,9.609091986516416,-5.837372260664299,-35.19711445266723,,12.5,49.0,,26.0,61.18,,1415.05,,,0,Gasolina,,,0.0,1.0,88.0,0.0,0,29.41,1.0,15010.0,4.69,1996.0,-3.13
F666D60A-75B1-428D-A08C-B318AA253AFC,9BWAH5BZ6KP538191,App2Car,2026-08-12T17:10:30.038260,2026-08-12T17:01:03.030472,13.71,34.0,,92.0,1746.0,36.0,1.8041981506347657,6.7123416137695315,6.638395385742188,9.611397099492832,-5.837440084291201,-35.19706509112959,,12.5,49.0,,26.0,61.18,,1415.05,,,0,Gasolina,,,0.0,1.0,88.0,0.0,0,29.41,1.0,15010.0,4.69,1996.0,-3.13
F666D60A-75B1-428D-A08C-B318AA253AFC,9BWAH5BZ6KP538191,App2Car,2026-08-12T17:10:31.038542,2026-08-12T17:01:03.030472,13.71,34.0,,91.0,1860.0,36.0,2.072590026855469,6.832841033935547,6.621779937744141,9.738137170853825,-5.837514212024239,-35.19701375885674,,12.5,48.0,,26.0,61.18,,1415.05,,,0,Gasolina,,,0.0,1.0,88.0,0.0,0,29.41,0.99,15010.0,4.69,1996.0,-3.13
F666D60A-75B1-428D-A08C-B318AA253AFC,9BWAH5BZ6KP538191,App2Car,2026-08-12T17:10:32.038007,2026-08-12T17:01:03.030472,13.71,34.0,,93.0,1860.0,38.0,2.5306375122070315,7.342082061767578,6.411766662597657,10.07080170371343,-5.8375915898057755,-35.196960509134875,,13.5,48.0,,26.0,61.18,,1415.05,,,0,Gasolina,,,0.0,1.0,88.0,0.0,0,29.41,0.99,15010.0,4.69,1996.0,-3.13
F666D60A-75B1-428D-A08C-B318AA253AFC,9BWAH5BZ6KP538191,App2Car,2026-08-12T17:10:33.037734,2026-08-12T17:01:03.030472,13.71,36.0,,93.0,1440.0,41.0,2.2348526000976565,7.024891662597657,6.508315887451173,9.833709610632535,-5.837674175288569,-35.196905648417925,,12.0,48.0,,27.0,61.18,,1593.9,,,0,Gasolina,,,0.0,1.0,88.0,0.0,0,29.41,1.0,15010.0,4.69,1996.0,-3.13
F666D60A-75B1-428D-A08C-B318AA253AFC,9BWAH5BZ6KP538191,App2Car,2026-08-12T17:10:34.038469,2026-08-12T17:01:03.030472,13.71,36.0,,94.0,1567.0,42.0,1.0726693725585938,5.905369720458984,7.791597290039063,9.835293561876187,-5.8377590232501495,-35.19684780503894,,11.0,48.0,,27.0,61.18,,1593.9,,,0,Gasolina,,,0.0,1.0,88.0,0.0,0,29.41,1.0,15010.0,4.69,1996.0,-3.13
F666D60A-75B1-428D-A08C-B318AA253AFC,9BWAH5BZ6KP538191,App2Car,2026-08-12T17:10:35.038036,2026-08-12T17:01:03.030472,13.71,36.0,,93.0,1642.0,44.0,2.7262806701660156,4.964576110839844,8.616980895996095,10.311740009077235,-5.8378482237265406,-35.19678645824367,,12.0,48.0,,27.0,61.18,,1593.9,,,0,Gasolina,,,0.0,1.0,88.0,0.0,0,29.41,1.0,15010.0,4.69,1996.0,-3.13
F666D60A-75B1-428D-A08C-B318AA253AFC,9BWAH5BZ6KP538191,App2Car,2026-08-12T17:10:36.038092,2026-08-12T17:01:03.030472,13.71,35.0,,92.0,1699.0,46.0,2.6505381774902346,5.060825958251954,8.19860092163086,9.992715801133166,-5.837939707476598,-35.196720794796924,,12.5,48.0,,26.0,61.18,,1675.5900000000001,,,0,Gasolina,,,0.0,0.9666666666666667,88.0,0.0,0,29.41,1.0,15010.0,4.69,1996.0,-3.13
F666D60A-75B1-428D-A08C-B318AA253AFC,9BWAH5BZ6KP538191,App2Car,2026-08-12T17:10:37.037951,2026-08-12T17:01:03.030472,13.71,31.0,,89.0,1745.0,48.0,1.9336788940429688,5.564977569580078,8.229436798095703,10.120855666842022,-5.838034935683669,-35.19665345634918,,12.5,48.0,,25.0,61.18,,1616.615,,,0,Gasolina,,,0.0,0.9333333333333333,88.0,0.0,0,29.41,1.0,15010.0,4.69,1996.0,-3.13
F666D60A-75B1-428D-A08C-B318AA253AFC,9BWAH5BZ6KP538191,App2Car,2026-08-12T17:10:38.038073,2026-08-12T17:01:03.030472,13.71,27.0,,70.0,1748.0,48.0,2.207010498046875,5.101241912841797,8.715476074218751,10.336976714305901,-5.83813371099658,-35.196585983784665,,13.5,48.0,,23.0,61.18,,1516.875,,,0,Gasolina,,,0.0,0.9,88.0,0.0,0,29.41,1.0,15010.0,4.69,1996.0,-3.13
F666D60A-75B1-428D-A08C-B318AA253AFC,9BWAH5BZ6KP538191,App2Car,2026-08-12T17:10:39.038132,2026-08-12T17:01:03.030472,13.71,8.0,,28.0,1748.0,48.0,0.7990383911132813,4.422702941894531,8.224197692871094,9.372096422580258,-5.838235554894623,-35.19651694543203,,2.0,48.0,,14.0,61.18,,881.4399999999999,,,0,Gasolina,,,0.0,0.9333333333333333,88.0,0.0,0,29.41,1.0,15010.0,4.69,1996.0,-3.13
F666D60A-75B1-428D-A08C-B318AA253AFC,9BWAH5BZ6KP538191,App2Car,2026-08-12T17:10:40.037821,2026-08-12T17:01:03.030472,13.71,8.0,,28.0,1712.0,47.0,2.299069061279297,6.431525573730469,7.440726928710938,10.100230541018597,-5.838337286258038,-35.19644720171735,,-4.0,48.0,,14.0,61.18,,855.8000000000001,,,0,Gasolina,,,0.0,0.9666666666666667,88.0,0.0,0,29.41,1.0,15010.0,4.69,1996.0,-3.13
F666D60A-75B1-428D-A08C-B318AA253AFC,9BWAH5BZ6KP538191,App2Car,2026-08-12T17:10:41.037550,2026-08-12T17:01:03.030472,13.71,8.0,,29.0,1655.0,46.0,2.4275019836425784,5.498066711425782,7.516319732666016,9.623750088585089,-5.838436398140181,-35.19637968452175,,-4.5,48.0,,13.0,61.18,,797.8500000000001,,,0,Gasolina,,,0.0,0.9666666666666667,88.0,0.0,0,29.41,0.98,15010.0,4.69,1996.0,-3.13
F666D60A-75B1-428D-A08C-B318AA253AFC,9BWAH5BZ6KP538191,App2Car,2026-08-12T17:10:42.036891,2026-08-12T17:01:03.030472,13.71,7.0,,28.0,1595.0,44.0,1.499132537841797,4.860542449951172,8.266709289550782,9.706222424390372,-5.838529822054425,-35.19631265431756,,-7.0,48.0,,13.0,61.18,,783.075,,,0,Gasolina,,,0.0,0.9666666666666667,88.0,0.0,0,29.41,0.98,15010.0,4.69,1996.0,-3.13
F666D60A-75B1-428D-A08C-B318AA253AFC,9BWAH5BZ6KP538191,App2Car,2026-08-12T17:10:43.037751,2026-08-12T17:01:03.030472,13.71,7.0,,28.0,1532.0,42.0,1.6507672119140626,5.005441131591797,8.031248931884766,9.606270489407516,-5.838621356158849,-35.19624778719971,,-8.5,48.0,,13.0,61.18,,783.075,,,0,Gasolina,,,0.0,0.9666666666666667,88.0,0.0,0,29.41,0.98,15010.0,4.69,1996.0,-3.13
F666D60A-75B1-428D-A08C-B318AA253AFC,9BWAH5BZ6KP538191,App2Car,2026-08-12T17:10:44.037830,2026-08-12T17:01:03.030472,13.71,7.0,,28.0,1474.0,41.0,2.1709355163574218,4.829856262207032,8.303832092285157,9.848558267412923,-5.8387096425213265,-35.196185112549365,,-8.5,48.0,,13.0,61.18,,783.075,,,0,Gasolina,,,0.0,0.9666666666666667,88.0,0.0,0,29.41,0.98,15010.0,4.69,1996.0,-3.13
F666D60A-75B1-428D-A08C-B318AA253AFC,9BWAH5BZ6KP538191,App2Car,2026-08-12T17:10:45.038141,2026-08-12T17:01:03.030472,13.71,6.0,,27.0,1408.0,41.0,1.3781840515136718,3.4898428344726566,8.65604965209961,9.434277389857717,-5.838795769284166,-35.19612534558941,,-8.5,48.0,,13.0,61.18,,651.8900000000001,,,0,Gasolina,,,0.0,0.9333333333333333,88.0,0.0,0,29.41,0.98,15010.0,4.69,1996.0,-3.13
F666D60A-75B1-428D-A08C-B318AA253AFC,9BWAH5BZ6KP538191,App2Car,2026-08-12T17:10:46.038226,2026-08-12T17:01:03.030472,13.71,6.0,,27.0,1408.0,38.0,1.678609313964844,2.7925927734375002,9.036259002685547,9.605742053105553,-5.838878079673658,-35.19606730941668,,0.5,48.0,,13.0,61.18,,651.8900000000001,,,0,Gasolina,,,0.0,0.9333333333333333,88.0,0.0,0,29.41,0.99,15010.0,4.69,1996.0,-3.13
F666D60A-75B1-428D-A08C-B318AA253AFC,9BWAH5BZ6KP538191,App2Car,2026-08-12T17:10:47.037797,2026-08-12T17:01:03.030472,13.71,7.0,,27.0,1201.0,32.0,2.0459454345703127,2.7357110595703125,9.08475814819336,9.705814666160697,-5.838956349624291,-35.196014031863164,,6.0,48.0,,13.0,61.18,,487.69499999999994,,,0,Gasolina,,,0.0,0.9666666666666667,88.0,0.0,0,29.41,1.0,15010.0,4.69,1996.0,-3.13
F666D60A-75B1-428D-A08C-B318AA253AFC,9BWAH5BZ6KP538191,App2Car,2026-08-12T17:10:48.038044,2026-08-12T17:01:03.030472,13.71,7.0,,27.0,1124.0,22.0,2.6497897338867187,3.8886135864257816,8.584498443603517,9.789602381433978,-5.839020949325644,-35.19596964123898,,15.0,48.0,,15.0,61.18,,380.48,,,0,Gasolina,,,0.0,0.9666666666666667,88.0,0.0,0,29.41,1.0,15010.0,4.69,1996.0,-3.13
F666D60A-75B1-428D-A08C-B318AA253AFC,9BWAH5BZ6KP538191,App2Car,2026-08-12T17:10:49.038214,2026-08-12T17:01:03.030472,13.71,9.0,,34.0,976.0,16.0,2.9520112609863283,2.5700056457519533,9.971065063476564,10.711742995622602,-5.8390681387246435,-35.195936941339355,,18.0,48.0,,15.0,61.18,,406.71999999999997,,,0,Gasolina,,,0.0,0.9666666666666667,88.0,0.0,0,29.41,1.0,15010.0,4.69,1996.0,-3.13
F666D60A-75B1-428D-A08C-B318AA253AFC,9BWAH5BZ6KP538191,App2Car,2026-08-12T17:10:50.037645,2026-08-12T17:01:03.030472,13.71,31.0,,85.0,1556.0,17.0,2.018851776123047,6.8072442626953125,5.5060002136230475,8.985008363845326,-5.839098214943315,-35.19591574163045,,11.0,48.0,,21.0,61.18,,722.8599999999999,,,0,Gasolina,,,0.0,0.8666666666666667,88.0,0.0,0,29.41,1.0,15010.0,4.69,1996.0,-3.13
F666D60A-75B1-428D-A08C-B318AA253AFC,9BWAH5BZ6KP538191,App2Car,2026-08-12T17:10:51.038291,2026-08-12T17:01:03.030472,13.71,33.0,,87.0,1831.0,21.0,0.25267456054687504,6.596183166503907,8.10190200805664,10.450564240641233,-5.839129830549475,-35.19589341586894,,11.0,48.0,,25.0,61.18,,1014.0,,,0,Gasolina,,,0.0,1.0,88.0,0.0,0,29.41,1.0,15010.0,4.69,1996.0,-3.13
F666D60A-75B1-428D-A08C-B318AA253AFC,9BWAH5BZ6KP538191,App2Car,2026-08-12T17:10:52.038346,2026-08-12T17:01:03.030472,13.71,34.0,,89.0,2096.0,21.0,1.056053924560547,7.113956451416016,6.71847885131836,9.841828303716508,-5.839170518487021,-35.19586469563115,,12.0,48.0,,26.0,61.18,,1218.525,,,0,Gasolina,,,0.0,0.9666666666666667,88.0,0.0,0,29.41,1.0,15010.0,4.69,1996.0,-3.13
F666D60A-75B1-428D-A08C-B318AA253AFC,9BWAH5BZ6KP538191,App2Car,2026-08-12T17:10:53.036949,2026-08-12T17:01:03.030472,13.71,33.0,,87.0,2096.0,24.0,1.66693359375,7.66645751953125,5.7859181213378905,9.748337653752856,-5.839217292639425,-35.19583201895777,,13.5,48.0,,26.0,61.18,,1338.3600000000001,,,0,Gasolina,,,0.0,0.8666666666666667,88.0,0.0,0,29.41,1.0,15010.0,4.69,1996.0,-3.13
F666D60A-75B1-428D-A08C-B318AA253AFC,9BWAH5BZ6KP538191,App2Car,2026-08-12T17:10:54.038014,2026-08-12T17:01:03.030472,13.71,32.0,,87.0,2339.0,28.0,1.697919158935547,7.281757507324219,4.905149688720703,8.94245018630296,-5.839271322401872,-35.19579420444617,,15.5,48.0,,27.0,61.18,,1511.7,,,0,Gasolina,,,0.0,0.8333333333333334,88.0,0.0,0,29.41,0.98,15010.0,4.69,1996.0,-3.13
F666D60A-75B1-428D-A08C-B318AA253AFC,9BWAH5BZ6KP538191,App2Car,2026-08-12T17:10:55.037524,2026-08-12T17:01:03.030472,13.71,32.0,,93.0,1720.0,30.0,1.1286529541015626,6.7776058959960945,6.649322662353516,9.561552752577965,-5.839329806268811,-35.195753435926704,,12.0,48.0,,28.0,61.18,,1401.2,,,0,Gasolina,,,0.0,1.0,88.0,0.0,0,29.41,1.0,15010.0,4.69,1996.0,-3.13
F666D60A-75B1-428D-A08C-B318AA253AFC,9BWAH5BZ6KP538191,App2Car,2026-08-12T17:10:56.038218,2026-08-12T17:01:03.030472,13.71,35.0,,97.0,1802.0,33.0,1.5377522277832032,7.458390197753906,6.720275115966797,10.156493680906138,-5.83939480395029,-35.19570957575072,,9.0,48.0,,28.0,61.18,,1469.0,,,0,Gasolina,,,0.0,1.0,88.0,0.0,0,29.41,0.99,15010.0,4.69,1996.0,-3.13
F666D60A-75B1-428D-A08C-B318AA253AFC,9BWAH5BZ6KP538191,App2Car,2026-08-12T17:10:57.037382,2026-08-12T17:01:03.030472,13.71,40.0,,102.0,1773.0,36.0,1.7892292785644532,7.643555145263672,6.618187408447266,10.267700874260457,-5.839462535854889,-35.195661931758494,,6.5,48.0,,31.0,61.18,,1789.23,,,1,Gasolina,,,0.0,0.9666666666666667,88.0,0.0,0,29.41,1.0,15010.0,4.69,1996.0,-3.13
F666D60A-75B1-428D-A08C-B318AA253AFC,9BWAH5BZ6KP538191,App2Car,2026-08-12T17:10:58.036925,2026-08-12T17:01:03.030472,13.71,43.0,,107.0,1866.0,36.0,1.2353810119628907,7.49686019897461,7.998467102050782,11.03197874681948,-5.839535321314172,-35.1956120553172,,6.5,48.0,,32.0,61.18,,1964.3349999999998,,,1,Gasolina,,,0.0,0.8666666666666667,88.0,0.0,0,29.41,0.99,15010.0,4.69,1996.0,-3.13
F666D60A-75B1-428D-A08C-B318AA253AFC,9BWAH5BZ6KP538191,App2Car,2026-08-12T17:10:59.037492,2026-08-12T17:01:03.030472,13.71,42.0,,99.0,1477.0,39.0,1.4043795776367187,6.293961639404297,7.003935241699219,9.52057477184504,-5.839613234527331,-35.19555848542586,,9.0,48.0,,34.0,61.18,,2132.73,,,1,Gasolina,,,0.0,1.0,88.0,0.0,0,29.41,1.0,15010.0,4.69,1996.0,-3.13
F666D60A-75B1-428D-A08C-B318AA253AFC,9BWAH5BZ6KP538191,App2Car,2026-08-12T17:11:00.037784,2026-08-12T17:01:03.030472,13.71,48.0,,111.0,1477.0,41.0,1.5717315673828125,6.703060913085938,6.7476681518554695,9.640144771320228,-5.839697612437899,-35.195501173400665,,4.5,48.0,,42.0,61.18,,2526.265,,,1,Gasolina,,,0.0,0.8666666666666667,88.0,0.0,0,29.41,0.99,15010.0,4.69,1996.0,-3.13
F666D60A-75B1-428D-A08C-B318AA253AFC,9BWAH5BZ6KP538191,App2Car,2026-08-12T17:11:01.037474,2026-08-12T17:01:03.030472,13.71,48.0,,111.0,1576.0,43.0,2.518512725830078,6.914271697998047,7.100035400390626,10.225485912694072,-5.839786757435662,-35.1954452973806,,4.5,48.0,,40.0,61.18,,2537.08,,,1,Gasolina,,,0.0,0.8666666666666667,88.0,0.0,0,29.41,0.99,15010.0,4.69,1996.0,-3.13
F666D60A-75B1-428D-A08C-B318AA253AFC,9BWAH5BZ6KP538191,App2Car,2026-08-12T17:11:02.037606,2026-08-12T17:01:03.030472,13.71,50.0,,118.0,1632.0,44.0,2.911894683837891,7.271279296875,7.040309600830079,10.531694666029136,-5.839880321783882,-35.19539013209129,,2.0,48.0,,40.0,61.18,,2592.84,,,1,Gasolina,,,0.0,0.8666666666666667,88.0,0.0,0,29.41,0.99,15010.0,4.69,1996.0,-3.13
F666D60A-75B1-428D-A08C-B318AA253AFC,9BWAH5BZ6KP538191,App2Car,2026-08-12T17:11:03.037813,2026-08-12T17:01:03.030472,13.71,54.0,,127.0,2272.0,45.0,1.8522482299804688,6.852450256347657,7.000492401123047,9.96964351816886,-5.839990345876726,-35.195361283219675,,6.5,48.0,,68.0,61.18,,4131.68,,,1,Gasolina,,,0.0,0.8,88.0,0.0,1,29.41,0.99,15010.0,4.69,1996.0,-3.13
F666D60A-75B1-428D-A08C-B318AA253AFC,9BWAH5BZ6KP538191,App2Car,2026-08-12T17:11:04.038067,2026-08-12T17:01:03.030472,13.71,54.0,,127.0,2272.0,45.0,1.9034417724609376,6.508315887451173,6.6523164367675784,9.499188399378479,-5.840091733269478,-35.1953118273626,,6.5,48.0,,68.0,61.18,,4131.68,,,1,Gasolina,,,0.0,0.8,88.0,0.0,1,29.41,0.99,19640.0,3.13,2056.0,3.13
F666D60A-75B1-428D-A08C-B318AA253AFC,9BWAH5BZ6KP538191,App2Car,2026-08-12T17:11:05.037687,2026-08-12T17:01:03.030472,13.68,40.0,,100.0,2272.0,45.0,2.1251307678222657,6.74961410522461,6.599326629638672,9.675979708249185,-5.840195626578324,-35.195265157688354,,6.5,48.0,,38.0,61.18,,2580.6,,,1,Gasolina,,,0.0,0.6,88.0,0.0,0,29.8,1.0,19640.0,3.13,2056.0,3.13
F666D60A-75B1-428D-A08C-B318AA253AFC,9BWAH5BZ6KP538191,App2Car,2026-08-12T17:11:06.038182,2026-08-12T17:01:03.030472,13.68,36.0,,100.0,2312.0,47.0,2.004481658935547,6.477629699707031,6.640491027832032,9.490719379386018,-5.840300956101586,-35.195210877031364,,9.0,48.0,,31.0,61.18,,2245.98,,,1,Gasolina,,,0.0,0.8666666666666667,88.0,0.0,0,29.8,1.0,19640.0,3.13,2056.0,3.13
F666D60A-75B1-428D-A08C-B318AA253AFC,9BWAH5BZ6KP538191,App2Car,2026-08-12T17:11:07.037629,2026-08-12T17:01:03.030472,13.68,36.0,,93.0,2339.0,48.0,1.6590000915527345,6.347999267578126,6.768025817871094,9.426322160647496,-5.840416086773669,-35.19517741239287,,11.0,48.0,,29.0,61.18,,2200.38,,,1,Gasolina,,,0.0,0.8,88.0,0.0,0,29.8,1.0,19640.0,3.13,2056.0,3.13
F666D60A-75B1-428D-A08C-B318AA253AFC,9BWAH5BZ6KP538191,App2Car,2026-08-12T17:11:08.036604,2026-08-12T17:01:03.030472,13.68,34.0,,91.0,2345.0,48.0,2.0076251220703125,5.975274353027344,7.304210815429688,9.648106439138937,-5.840533828655651,-35.19514824629352,,12.5,47.0,,29.0,61.18,,2147.9900000000002,,,1,Gasolina,,,0.0,0.7666666666666667,88.0,0.0,0,29.8,1.0,19640.0,3.13,2056.0,3.13
F666D60A-75B1-428D-A08C-B318AA253AFC,9BWAH5BZ6KP538191,App2Car,2026-08-12T17:11:09.037567,2026-08-12T17:01:03.030472,13.68,30.0,,88.0,2344.0,48.0,2.527943115234375,5.865552520751954,6.922803955078125,9.419151626765853,-5.840652288035623,-35.19512296205108,,20.0,47.0,,27.0,61.18,,1967.55,,,1,Gasolina,,,0.0,0.7,88.0,0.0,0,29.8,1.0,19640.0,3.13,2056.0,3.13
F666D60A-75B1-428D-A08C-B318AA253AFC,9BWAH5BZ6KP538191,App2Car,2026-08-12T17:11:10.038203,2026-08-12T17:01:03.030472,13.68,15.0,,33.0,2231.0,48.0,2.0510348510742187,5.725294189453125,7.3586975097656255,9.546526413116846,-5.840771752700493,-35.195103181487916,,20.0,47.0,,20.0,61.18,,1368.36,,,0,Gasolina,,,0.0,0.8333333333333334,88.0,0.0,0,29.8,0.99,19640.0,3.13,2056.0,3.13
F666D60A-75B1-428D-A08C-B318AA253AFC,9BWAH5BZ6KP538191,App2Car,2026-08-12T17:11:11.037516,2026-08-12T17:01:03.030472,13.68,7.0,,28.0,2030.0,45.0,2.735261993408203,5.650150451660156,7.403005371093751,9.706201462128314,-5.8408898236942495,-35.19508874100317,,7.5,47.0,,15.0,61.18,,970.06,,,0,Gasolina,,,0.0,1.0,88.0,0.0,0,29.8,0.99,19640.0,3.13,2056.0,3.13
F666D60A-75B1-428D-A08C-B318AA253AFC,9BWAH5BZ6KP538191,App2Car,2026-08-12T17:11:12.037181,2026-08-12T17:01:03.030472,13.68,8.0,,30.0,2030.0,41.0,1.956431579589844,4.518653411865235,8.69242401123047,9.990199616283638,-5.840999796037085,-35.19509939547594,,-4.5,47.0,,14.0,61.18,,840.3500000000001,,,0,Gasolina,,,0.0,0.9666666666666667,88.0,0.0,0,29.8,1.0,19640.0,3.13,2056.0,3.13
F666D60A-75B1-428D-A08C-B318AA253AFC,9BWAH5BZ6KP538191,App2Car,2026-08-12T17:11:13.037959,2026-08-12T17:01:03.030472,13.68,8.0,,30.0,1672.0,32.0,1.9318826293945313,4.774022369384766,8.283773803710938,9.754197481504567,-5.841097744846423,-35.19510328644657,,-13.0,47.0,,13.0,61.18,,614.4,,,0,Gasolina,,,0.0,0.9,88.0,0.0,0,29.8,0.96,19640.0,3.13,2056.0,3.13
F666D60A-75B1-428D-A08C-B318AA253AFC,9BWAH5BZ6KP538191,App2Car,2026-08-12T17:11:14.038002,2026-08-12T17:01:03.030472,13.68,7.0,,30.0,1125.0,21.0,1.9471508789062502,5.04196517944336,7.977510681152344,9.636051374076647,-5.841175850194325,-35.19510532496475,,-8.5,47.0,,13.0,61.18,,339.5,,,0,Gasolina,,,0.0,0.9333333333333333,88.0,0.0,0,29.8,0.98,19640.0,3.13,2056.0,3.13
F666D60A-75B1-428D-A08C-B318AA253AFC,9BWAH5BZ6KP538191,App2Car,2026-08-12T17:11:15.037062,2026-08-12T17:01:03.030472,13.68,8.0,,34.0,1218.0,15.0,2.151625671386719,6.888824615478516,6.481671295166016,9.700384548623429,-5.841228707842653,-35.195106910390535,,-11.5,48.0,,13.0,61.18,,351.625,,,0,Gasolina,,,0.0,0.9333333333333333,88.0,0.0,0,29.8,0.98,19640.0,3.13,2056.0,3.13
F666D60A-75B1-428D-A08C-B318AA253AFC,9BWAH5BZ6KP538191,App2Car,2026-08-12T17:11:16.037865,2026-08-12T17:01:03.030472,13.68,39.0,,98.0,1719.0,17.0,1.8497035217285158,7.075935516357422,4.1375459289550784,8.402949057572348,-5.841262528545374,-35.19510827944654,,-11.5,48.0,,28.0,61.18,,1084.8600000000001,,,0,Gasolina,,,0.0,0.9,88.0,0.0,0,29.8,0.97,19640.0,3.13,2056.0,3.13
F666D60A-75B1-428D-A08C-B318AA253AFC,9BWAH5BZ6KP538191,App2Car,2026-08-12T17:11:17.037130,2026-08-12T17:01:03.030472,13.68,42.0,,98.0,1875.0,17.0,0.5266049194335938,7.898325347900391,4.938679962158203,9.330134822770807,-5.84129979786332,-35.195109735197256,,9.0,48.0,,31.0,61.18,,1421.605,,,0,Gasolina,,,0.0,0.9666666666666667,88.0,0.0,0,29.8,1.0,19640.0,3.13,2056.0,3.13
F666D60A-75B1-428D-A08C-B318AA253AFC,9BWAH5BZ6KP538191,App2Car,2026-08-12T17:11:18.038094,2026-08-12T17:01:03.030472,13.68,41.0,,95.0,1875.0,21.0,1.0353968811035157,8.225395202636719,4.552782440185547,9.458171117537464,-5.841351041264555,-35.195110983909665,,9.5,48.0,,31.0,61.18,,1542.25,,,0,Gasolina,,,0.0,0.9666666666666667,88.0,0.0,0,29.8,1.0,19640.0,3.13,2056.0,3.13
F666D60A-75B1-428D-A08C-B318AA253AFC,9BWAH5BZ6KP538191,App2Car,2026-08-12T17:11:19.037547,2026-08-12T17:01:03.030472,13.68,38.0,,95.0,2070.0,24.0,1.5154486083984375,7.3621403503417975,5.584137725830079,9.36377536914819,-5.841407516578688,-35.195112353201246,,6.5,47.0,,29.0,61.18,,1540.7,,,0,Gasolina,,,0.0,0.9666666666666667,88.0,0.0,0,29.8,1.0,19640.0,3.13,2056.0,3.13
F666D60A-75B1-428D-A08C-B318AA253AFC,9BWAH5BZ6KP538191,App2Car,2026-08-12T17:11:20.037775,2026-08-12T17:01:03.030472,13.68,38.0,,91.0,2244.0,26.0,1.9510427856445314,7.322622528076172,5.8704922485351565,9.585929682624196,-5.84147059439444,-35.19511670512155,,12.5,47.0,,27.0,61.18,,1582.08,,,0,Gasolina,,,0.0,1.0,88.0,0.0,0,29.8,1.0,19640.0,3.13,2056.0,3.13
F666D60A-75B1-428D-A08C-B318AA253AFC,9BWAH5BZ6KP538191,App2Car,2026-08-12T17:11:21.037301,2026-08-12T17:01:03.030472,13.68,35.0,,89.0,2411.0,28.0,2.9361442565917972,7.912845153808594,6.491550750732422,10.647736504675715,-5.8415373988046655,-35.19512131415043,,14.0,47.0,,27.0,61.18,,1507.92,,,0,Gasolina,,,0.0,0.9666666666666667,88.0,0.0,0,29.8,0.98,19640.0,3.13,2056.0,3.13
F666D60A-75B1-428D-A08C-B318AA253AFC,9BWAH5BZ6KP538191,App2Car,2026-08-12T17:11:22.037924,2026-08-12T17:01:03.030472,13.68,33.0,,86.0,2560.0,30.0,2.520608367919922,7.663463745117188,6.377188568115234,10.283514824730556,-5.841609839513923,-35.195126312043975,,15.5,47.0,,28.0,61.18,,1589.355,,,0,Gasolina,,,0.0,0.8333333333333334,88.0,0.0,0,29.8,0.99,19640.0,3.13,2056.0,3.13
F666D60A-75B1-428D-A08C-B318AA253AFC,9BWAH5BZ6KP538191,App2Car,2026-08-12T17:11:23.038042,2026-08-12T17:01:03.030472,13.68,26.0,,70.0,2690.0,33.0,2.6367668151855472,6.6331562805175786,7.042704620361328,10.027511647916064,-5.841687595652005,-35.195131962148224,,15.5,47.0,,25.0,61.18,,1416.8,,,0,Gasolina,,,0.0,0.9,88.0,0.0,0,29.8,0.99,19640.0,3.13,2056.0,3.13
F666D60A-75B1-428D-A08C-B318AA253AFC,9BWAH5BZ6KP538191,App2Car,2026-08-12T17:11:24.036556,2026-08-12T17:01:03.030472,13.68,21.0,,71.0,1791.0,33.0,2.097887420654297,6.626420288085938,6.160888366699219,9.288009632371525,-5.841769848687756,-35.19513850561809,,-8.5,47.0,,20.0,61.18,,1266.3,,,0,Gasolina,,,0.0,0.8,88.0,0.0,0,29.8,0.99,19640.0,3.13,2056.0,3.13
F666D60A-75B1-428D-A08C-B318AA253AFC,9BWAH5BZ6KP538191,App2Car,2026-08-12T17:11:25.037888,2026-08-12T17:01:03.030472,13.68,20.0,,61.0,1791.0,34.0,1.6458274841308596,6.70844970703125,6.672823791503907,9.604094071371268,-5.8418549804985815,-35.19514527810234,,18.0,47.0,,20.0,61.18,,1023.57,,,0,Gasolina,,,0.0,0.8,88.0,0.0,0,29.8,1.0,19640.0,3.13,2056.0,3.13
F666D60A-75B1-428D-A08C-B318AA253AFC,9BWAH5BZ6KP538191,App2Car,2026-08-12T17:11:26.037991,2026-08-12T17:01:03.030472,13.68,13.0,,61.0,1770.0,36.0,2.1977297973632814,6.5361579895019535,6.82820068359375,9.704416628596425,-5.841943321371993,-35.195152305876206,,14.0,47.0,,17.0,61.18,,850.1499999999999,,,0,Gasolina,,,0.0,0.8333333333333334,88.0,0.0,0,29.8,0.98,19640.0,3.13,2056.0,3.13
F666D60A-75B1-428D-A08C-B318AA253AFC,9BWAH5BZ6KP538191,App2Car,2026-08-12T17:11:27.036791,2026-08-12T17:01:03.030472,13.68,13.0,,32.0,1783.0,37.0,1.7492623901367188,6.056405639648438,6.625222778320313,9.145137781569316,-5.842036515666222,-35.19515845932324,,-3.0,47.0,,14.0,61.18,,795.75,,,0,Gasolina,,,0.0,0.7333333333333333,88.0,0.0,0,29.8,1.0,19640.0,3.13,2056.0,3.13
F666D60A-75B1-428D-A08C-B318AA253AFC,9BWAH5BZ6KP538191,App2Car,2026-08-12T17:11:28.036344,2026-08-12T17:01:03.030472,13.68,8.0,,29.0,1816.0,37.0,1.0539582824707032,6.473438415527344,6.869215393066407,9.497491937198696,-5.8421326547359715,-35.19515257013901,,-3.0,47.0,,14.0,61.18,,716.175,,,0,Gasolina,,,0.0,0.9666666666666667,88.0,0.0,0,29.8,1.0,19640.0,3.13,2056.0,3.13
F666D60A-75B1-428D-A08C-B318AA253AFC,9BWAH5BZ6KP538191,App2Car,2026-08-12T17:11:29.037223,2026-08-12T17:01:03.030472,13.68,7.0,,28.0,1829.0,37.0,1.001267852783203,6.875053253173829,6.395450592041016,9.44302297054449,-5.842226872334419,-35.19516387700831,,-3.0,47.0,,13.0,61.18,,685.52,,,0,Gasolina,,,0.0,0.9333333333333333,88.0,0.0,0,29.8,0.99,19640.0,3.13,2056.0,3.13
F666D60A-75B1-428D-A08C-B318AA253AFC,9BWAH5BZ6KP538191,App2Car,2026-08-12T17:11:30.039005,2026-08-12T17:01:03.030472,13.68,7.0,,27.0,1837.0,37.0,0.6421646118164063,6.424340515136719,6.500232696533203,9.161743914352538,-5.84232009035229,-35.19517516412356,,-3.0,47.0,,13.0,61.18,,685.52,,,0,Gasolina,,,0.0,0.9333333333333333,88.0,0.0,0,29.8,0.99,19640.0,3.13,2056.0,3.13
F666D60A-75B1-428D-A08C-B318AA253AFC,9BWAH5BZ6KP538191,App2Car,2026-08-12T17:11:31.039136,2026-08-12T17:01:03.030472,13.68,9.0,,32.0,1887.0,37.0,2.258653106689453,7.648943939208984,7.215595092773438,10.755122955335095,-5.842414658204474,-35.195186959417704,,18.0,47.0,,15.0,61.18,,767.51,,,0,Gasolina,,,0.0,0.9666666666666667,88.0,0.0,0,29.8,1.0,19640.0,3.13,2056.0,3.13
F666D60A-75B1-428D-A08C-B318AA253AFC,9BWAH5BZ6KP538191,App2Car,2026-08-12T17:11:32.037182,2026-08-12T17:01:03.030472,13.68,9.0,,30.0,1887.0,39.0,2.3068528747558594,7.079528045654297,5.941744079589844,9.526049036317003,-5.842510464864091,-35.19520421955957,,11.0,47.0,,15.0,61.18,,812.88,,,0,Gasolina,,,0.0,1.0,88.0,0.0,0,29.8,1.0,19640.0,3.13,2056.0,3.13
F666D60A-75B1-428D-A08C-B318AA253AFC,9BWAH5BZ6KP538191,App2Car,2026-08-12T17:11:33.039065,2026-08-12T17:01:03.030472,13.68,9.0,,30.0,1958.0,40.0,0.9755213928222657,7.0470455932617195,6.513854370117188,9.645869185120546,-5.84260682363622,-35.19523182398286,,12.0,47.0,,15.0,61.18,,812.88,,,0,Gasolina,,,0.0,1.0,88.0,0.0,0,29.8,1.0,19640.0,3.13,2056.0,3.13
F666D60A-75B1-428D-A08C-B318AA253AFC,9BWAH5BZ6KP538191,App2Car,2026-08-12T17:11:34.036264,2026-08-12T17:01:03.030472,13.68,9.0,,30.0,2025.0,41.0,2.7036776733398438,6.966662750244141,6.59348876953125,9.965859571100243,-5.842699797770748,-35.195278620148976,,-1.0,48.0,,15.0,61.18,,812.88,,,0,Gasolina,,,0.0,0.9666666666666667,88.0,0.0,0,29.8,1.0,19640.0,3.13,2056.0,3.13
F666D60A-75B1-428D-A08C-B318AA253AFC,9BWAH5BZ6KP538191,App2Car,2026-08-12T17:11:35.036800,2026-08-12T17:01:03.030472,13.68,7.0,,29.0,2048.0,42.0,2.527793426513672,6.895859985351563,6.663992156982422,9.91722824245877,-5.84279433318716,-35.19532867328274,,-4.5,48.0,,15.0,61.18,,846.0,,,0,Gasolina,,,0.0,0.9666666666666667,88.0,0.0,0,29.8,0.99,19640.0,3.13,2056.0,3.13
F666D60A-75B1-428D-A08C-B318AA253AFC,9BWAH5BZ6KP538191,App2Car,2026-08-12T17:11:36.036536,2026-08-12T17:01:03.030472,13.68,8.0,,28.0,2042.0,42.0,2.522853698730469,7.521858215332031,6.5448399353027344,10.284846696742227,-5.842887236502037,-35.19538019905861,,-4.5,48.0,,14.0,61.18,,861.9999999999999,,,0,Gasolina,,,0.0,0.9666666666666667,88.0,0.0,0,29.8,1.0,19640.0,3.13,2056.0,3.13
F666D60A-75B1-428D-A08C-B318AA253AFC,9BWAH5BZ6KP538191,App2Car,2026-08-12T17:11:37.037675,2026-08-12T17:01:03.030472,13.68,7.0,,27.0,2039.0,42.0,1.256187744140625,6.888674926757813,5.924380187988281,9.172247843734867,-5.84297898914079,-35.195434834122224,,-4.5,48.0,,14.0,61.18,,843.2900000000001,,,0,Gasolina,,,0.0,0.9666666666666667,88.0,0.0,0,29.8,1.0,19640.0,3.13,2056.0,3.13
F666D60A-75B1-428D-A08C-B318AA253AFC,9BWAH5BZ6KP538191,App2Car,2026-08-12T17:11:38.037712,2026-08-12T17:01:03.030472,13.68,7.0,,27.0,2042.0,42.0,3.1451097106933594,7.993377685546875,7.128625946044922,11.162576306333644,-5.843069225338334,-35.19549018498007,,-4.5,48.0,,14.0,61.18,,843.2900000000001,,,0,Gasolina,,,0.0,0.9666666666666667,88.0,0.0,0,29.8,1.0,19640.0,3.13,2056.0,3.13
F666D60A-75B1-428D-A08C-B318AA253AFC,9BWAH5BZ6KP538191,App2Car,2026-08-12T17:11:39.037316,2026-08-12T17:01:03.030472,13.68,7.0,,27.0,2042.0,42.0,2.0612136840820314,7.1754785156250005,6.888674926757813,10.158244731555977,-5.843157823072594,-35.195548762346654,,-4.5,48.0,,14.0,61.18,,843.2900000000001,,,0,Gasolina,,,0.0,0.9666666666666667,88.0,0.0,0,29.8,1.0,19640.0,3.13,2056.0,3.13
F666D60A-75B1-428D-A08C-B318AA253AFC,9BWAH5BZ6KP538191,App2Car,2026-08-12T17:11:40.037993,2026-08-12T17:01:03.030472,13.68,7.0,,27.0,2052.0,42.0,1.2982502746582032,6.940616912841797,5.957012329101563,9.238160682492143,-5.843245568538111,-35.19560997497752,,-4.5,48.0,,14.0,61.18,,843.2900000000001,,,0,Gasolina,,,0.0,0.9666666666666667,88.0,0.0,0,29.8,1.0,19640.0,3.13,2056.0,3.13
F666D60A-75B1-428D-A08C-B318AA253AFC,9BWAH5BZ6KP538191,App2Car,2026-08-12T17:11:41.037492,2026-08-12T17:01:03.030472,13.68,7.0,,27.0,2038.0,42.0,2.1176463317871095,7.608378295898438,5.672304382324219,9.723522164615266,-5.843328824607445,-35.195675286851,,17.0,48.0,,15.0,61.18,,843.2900000000001,,,0,Gasolina,,,0.0,0.9666666666666667,88.0,0.0,0,29.8,1.0,19640.0,3.13,2056.0,3.13
F666D60A-75B1-428D-A08C-B318AA253AFC,9BWAH5BZ6KP538191,App2Car,2026-08-12T17:11:42.036515,2026-08-12T17:01:03.030472,13.68,7.0,,29.0,2031.0,41.0,1.6802558898925781,6.852749633789063,5.741011505126953,9.096298725356094,-5.843407912324575,-35.19574524854907,,12.5,48.0,,15.0,61.18,,847.44,,,0,Gasolina,,,0.0,1.0,88.0,0.0,0,29.8,1.0,19640.0,3.13,2056.0,3.13
F666D60A-75B1-428D-A08C-B318AA253AFC,9BWAH5BZ6KP538191,App2Car,2026-08-12T17:11:43.037380,2026-08-12T17:01:03.030472,13.68,8.0,,29.0,2015.0,41.0,1.6293617248535157,7.784112854003907,5.938151550292969,9.925163796559392,-5.843482488436724,-35.195820608658046,,12.5,48.0,,15.0,61.18,,865.095,,,0,Gasolina,,,0.0,1.0,88.0,0.0,0,29.8,1.0,19640.0,3.13,2056.0,3.13
F666D60A-75B1-428D-A08C-B318AA253AFC,9BWAH5BZ6KP538191,App2Car,2026-08-12T17:11:44.037167,2026-08-12T17:01:03.030472,13.68,8.0,,30.0,1981.0,40.0,1.3983920288085938,7.549700317382813,5.6802378845214845,9.550841720669371,-5.8435510517573475,-35.19590116595901,,12.5,48.0,,15.0,61.18,,865.095,,,0,Gasolina,,,0.0,1.0,88.0,0.0,0,29.8,1.0,19640.0,3.13,2056.0,3.13
F666D60A-75B1-428D-A08C-B318AA253AFC,9BWAH5BZ6KP538191,App2Car,2026-08-12T17:11:45.037579,2026-08-12T17:01:03.030472,13.68,7.0,,27.0,1926.0,40.0,2.029779052734375,8.046517181396485,7.135062561035157,10.944202095324888,-5.843613504484943,-35.1959841260133,,2.0,48.0,,15.0,61.18,,818.0350000000001,,,0,Gasolina,,,0.0,0.9666666666666667,88.0,0.0,0,29.8,1.0,19640.0,3.13,2056.0,3.13
F666D60A-75B1-428D-A08C-B318AA253AFC,9BWAH5BZ6KP538191,App2Car,2026-08-12T17:11:46.037539,2026-08-12T17:01:03.030472,13.68,14.0,,45.0,1926.0,39.0,1.407223663330078,7.813601531982422,6.397695922851563,10.196232660179234,-5.843667975235673,-35.19607005946952,,15.5,48.0,,16.0,61.18,,934.3900000000001,,,0,Gasolina,,,0.0,0.8,88.0,0.0,0,29.8,0.99,19640.0,3.13,2056.0,3.13
F666D60A-75B1-428D-A08C-B318AA253AFC,9BWAH5BZ6KP538191,App2Car,2026-08-12T17:11:47.037298,2026-08-12T17:01:03.030472,13.68,16.0,,45.0,1886.0,38.0,1.4343173217773437,7.5154216003417975,5.981411590576172,9.711648296057348,-5.84371847883605,-35.196154583068314,,9.0,48.0,,18.0,61.18,,995.2199999999999,,,0,Gasolina,,,0.0,0.8666666666666667,88.0,0.0,0,29.8,0.99,19640.0,3.13,2056.0,3.13
F666D60A-75B1-428D-A08C-B318AA253AFC,9BWAH5BZ6KP538191,App2Car,2026-08-12T17:11:48.037515,2026-08-12T17:01:03.030472,13.68,16.0,,47.0,1860.0,38.0,1.6663348388671877,7.531438293457032,6.867718505859376,10.327864834470716,-5.843762777367695,-35.19623943563328,,13.5,48.0,,18.0,61.18,,995.2199999999999,,,0,Gasolina,,,0.0,0.9,88.0,0.0,0,29.8,0.99,19640.0,3.13,2056.0,3.13
F666D60A-75B1-428D-A08C-B318AA253AFC,9BWAH5BZ6KP538191,App2Car,2026-08-12T17:11:49.037971,2026-08-12T17:01:03.030472,13.68,16.0,,47.0,1831.0,37.0,1.1157797241210938,7.649842071533204,6.402635650634766,10.037867870565863,-5.8438013999814,-35.19632726897128,,12.0,48.0,,18.0,61.18,,995.2199999999999,,,0,Gasolina,,,0.0,0.8666666666666667,88.0,0.0,0,29.8,0.99,19640.0,3.13,2056.0,3.13
F666D60A-75B1-428D-A08C-B318AA253AFC,9BWAH5BZ6KP538191,App2Car,2026-08-12T17:11:50.037152,2026-08-12T17:01:03.030472,13.68,15.0,,44.0,1797.0,36.0,1.3359718322753906,7.342231750488281,5.9850041198730475,9.566266885750618,-5.843835697572014,-35.1964162300734,,5.0,48.0,,17.0,61.18,,918.06,,,0,Gasolina,,,0.0,0.8333333333333334,88.0,0.0,0,29.8,0.98,19640.0,3.13,2056.0,3.13
F666D60A-75B1-428D-A08C-B318AA253AFC,9BWAH5BZ6KP538191,App2Car,2026-08-12T17:11:51.037519,2026-08-12T17:01:03.030472,13.68,8.0,,31.0,1763.0,36.0,1.8702108764648437,7.356601867675781,6.133046264648438,9.758664675367033,-5.843863177771025,-35.196505136714975,,5.0,48.0,,15.0,61.18,,725.34,,,0,Gasolina,,,0.0,1.0,88.0,0.0,0,29.8,1.0,19640.0,3.13,2056.0,3.13
F666D60A-75B1-428D-A08C-B318AA253AFC,9BWAH5BZ6KP538191,App2Car,2026-08-12T17:11:52.037806,2026-08-12T17:01:03.030472,13.68,11.0,,35.0,1737.0,36.0,2.094294891357422,7.630232849121094,6.183790740966797,10.042200573173147,-5.843886217259873,-35.19659368505822,,10.5,48.0,,15.0,61.18,,766.805,,,0,Gasolina,,,0.0,0.9,88.0,0.0,0,29.8,1.0,19640.0,3.13,2056.0,3.13
F666D60A-75B1-428D-A08C-B318AA253AFC,9BWAH5BZ6KP538191,App2Car,2026-08-12T17:11:53.037068,2026-08-12T17:01:03.030472,13.68,7.0,,27.0,1737.0,35.0,1.1954141235351563,7.573650512695313,7.56152572631836,10.76874497446066,-5.843903176596353,-35.19668207527553,,15.0,48.0,,14.0,61.18,,658.77,,,0,Gasolina,,,0.0,1.0,88.0,0.0,0,29.8,1.0,19640.0,3.13,2056.0,3.13
F666D60A-75B1-428D-A08C-B318AA253AFC,9BWAH5BZ6KP538191,App2Car,2026-08-12T17:11:54.037644,2026-08-12T17:01:03.030472,13.68,8.0,,27.0,1704.0,35.0,0.860859832763672,6.751110992431641,5.703289947509766,8.879532392483467,-5.843914933370081,-35.19677050822765,,-4.5,48.0,,14.0,61.18,,667.36,,,0,Gasolina,,,0.0,0.9666666666666667,88.0,0.0,0,29.8,1.0,19640.0,3.13,2056.0,3.13
F666D60A-75B1-428D-A08C-B318AA253AFC,9BWAH5BZ6KP538191,App2Car,2026-08-12T17:11:55.037563,2026-08-12T17:01:03.030472,13.68,8.0,,29.0,1642.0,33.0,1.9755917358398438,6.878795471191407,6.225553894042969,9.485689807749127,-5.843925588178871,-35.196857548102166,,-5.5,48.0,,13.0,61.18,,603.1100000000001,,,0,Gasolina,,,0.0,0.9333333333333333,88.0,0.0,0,29.8,0.98,19640.0,3.13,2056.0,3.13
F666D60A-75B1-428D-A08C-B318AA253AFC,9BWAH5BZ6KP538191,App2Car,2026-08-12T17:11:56.037605,2026-08-12T17:01:03.030472,13.68,7.0,,27.0,1605.0,32.0,1.9423608398437502,6.533912658691406,6.117927703857422,9.159356945397011,-5.8439317743611205,-35.196941702944414,,-6.0,48.0,,13.0,61.18,,588.4000000000001,,,0,Gasolina,,,0.0,0.9333333333333333,88.0,0.0,0,29.8,0.98,19640.0,3.13,2056.0,3.13
F666D60A-75B1-428D-A08C-B318AA253AFC,9BWAH5BZ6KP538191,App2Car,2026-08-12T17:11:57.037684,2026-08-12T17:01:03.030472,13.68,7.0,,27.0,1592.0,32.0,1.144519958496094,6.642287292480469,5.711373138427735,8.834573534562791,-5.843931748770636,-35.1970244606359,,-6.0,48.0,,13.0,61.18,,588.4000000000001,,,0,Gasolina,,,0.0,0.9333333333333333,88.0,0.0,0,29.8,0.98,19640.0,3.13,2056.0,3.13
F666D60A-75B1-428D-A08C-B318AA253AFC,9BWAH5BZ6KP538191,App2Car,2026-08-12T17:11:58.037115,2026-08-12T17:01:03.030472,13.68,7.0,,27.0,1581.0,32.0,2.1633013916015624,6.812932434082032,7.523355102539063,10.377706551120664,-5.843926798008178,-35.197107215290394,,-6.0,48.0,,13.0,61.18,,588.4000000000001,,,0,Gasolina,,,0.0,0.9333333333333333,88.0,0.0,0,29.8,0.98,19640.0,3.13,2056.0,3.13
F666D60A-75B1-428D-A08C-B318AA253AFC,9BWAH5BZ6KP538191,App2Car,2026-08-12T17:11:59.037525,2026-08-12T17:01:03.030472,13.68,7.0,,28.0,1416.0,32.0,2.458637237548828,6.2526475524902345,7.572602691650391,10.123478157585692,-5.843918818064116,-35.19719008772852,,-7.0,48.0,,13.0,61.18,,588.4000000000001,,,0,Gasolina,,,0.0,0.9666666666666667,88.0,0.0,0,29.8,0.98,19640.0,3.13,2056.0,3.13
F666D60A-75B1-428D-A08C-B318AA253AFC,9BWAH5BZ6KP538191,App2Car,2026-08-12T17:12:00.037671,2026-08-12T17:01:03.030472,13.68,7.0,,27.0,1416.0,28.0,2.7336154174804688,8.009544067382812,7.416477355957031,11.252981195641336,-5.843912381800442,-35.197270255650324,,-9.0,48.0,,13.0,61.18,,588.4000000000001,,,0,Gasolina,,,0.0,0.9666666666666667,88.0,0.0,0,29.8,0.98,19640.0,3.13,2056.0,3.13
F666D60A-75B1-428D-A08C-B318AA253AFC,9BWAH5BZ6KP538191,App2Car,2026-08-12T17:12:01.037242,2026-08-12T17:01:03.030472,13.68,7.0,,27.0,1237.0,25.0,2.551444244384766,5.683980102539063,7.58502685546875,9.815810202751797,-5.843906579266819,-35.19733814014762,,2.0,48.0,,15.0,61.18,,437.92,,,0,Gasolina,,,0.0,0.9,88.0,0.0,0,29.8,1.0,19640.0,3.13,2056.0,3.13
F666D60A-75B1-428D-A08C-B318AA253AFC,9BWAH5BZ6KP538191,App2Car,2026-08-12T17:12:02.037050,2026-08-12T17:01:03.030472,13.68,13.0,,56.0,1912.0,24.0,3.037782897949219,7.824379119873047,5.389392700195312,9.974697349969901,-5.8439025452584215,-35.197400317769045,,3.5,48.0,,15.0,61.18,,520.03,,,0,Gasolina,,,0.0,0.9333333333333333,88.0,0.0,0,29.8,0.99,19640.0,3.13,2056.0,3.13
F666D60A-75B1-428D-A08C-B318AA253AFC,9BWAH5BZ6KP538191,App2Car,2026-08-12T17:12:03.037655,2026-08-12T17:01:03.030472,13.68,18.0,,59.0,2189.0,27.0,2.452649688720703,7.503147125244141,2.408192138671875,8.253005310515812,-5.843898533875414,-35.19745817067356,,21.0,48.0,,19.0,61.18,,800.5200000000001,,,0,Gasolina,,,0.0,0.8333333333333334,88.0,0.0,0,29.8,1.0,19640.0,3.13,2056.0,3.13
F666D60A-75B1-428D-A08C-B318AA253AFC,9BWAH5BZ6KP538191,App2Car,2026-08-12T17:12:04.036981,2026-08-12T17:01:03.030472,13.68,18.0,,59.0,2189.0,27.0,3.163371734619141,8.3873583984375,1.3760884094238282,9.069086003880324,-5.8438915308668795,-35.197524976690104,,21.0,48.0,,19.0,61.18,,800.5200000000001,,,0,Gasolina,,,0.0,0.8333333333333334,86.0,0.0,0,29.8,1.0,17580.0,3.13,2116.0,-0.78
F666D60A-75B1-428D-A08C-B318AA253AFC,9BWAH5BZ6KP538191,App2Car,2026-08-12T17:12:05.037656,2026-08-12T17:01:03.030472,13.68,16.0,,36.0,2189.0,27.0,3.88232666015625,8.26326644897461,2.268831939697266,9.407530551292401,-5.843883795461798,-35.19759737907603,,21.0,48.0,,17.0,61.18,,836.135,,,0,Gasolina,,,0.0,0.8333333333333334,86.0,0.0,0,29.8,0.99,17580.0,3.13,2116.0,-0.78
F666D60A-75B1-428D-A08C-B318AA253AFC,9BWAH5BZ6KP538191,App2Car,2026-08-12T17:12:06.037575,2026-08-12T17:01:03.030472,13.68,7.0,,36.0,1504.0,30.0,3.885919189453125,8.081095275878907,3.280128936767578,9.547969137288433,-5.8438751166269425,-35.19767479365305,,-4.0,48.0,,14.0,61.18,,537.24,,,0,Gasolina,,,0.0,0.9666666666666667,86.0,0.0,0,29.8,0.99,17580.0,3.13,2116.0,-0.78
F666D60A-75B1-428D-A08C-B318AA253AFC,9BWAH5BZ6KP538191,App2Car,2026-08-12T17:12:07.036873,2026-08-12T17:01:03.030472,13.68,7.0,,27.0,1500.0,30.0,3.409310302734375,7.521409149169922,2.561174011230469,8.646074522310697,-5.8438659724064905,-35.197753453087124,,-7.0,48.0,,13.0,61.18,,537.24,,,0,Gasolina,,,0.0,0.9666666666666667,86.0,0.0,0,29.8,0.98,17580.0,3.13,2116.0,-0.78
F666D60A-75B1-428D-A08C-B318AA253AFC,9BWAH5BZ6KP538191,App2Car,2026-08-12T17:12:08.036574,2026-08-12T17:01:03.030472,13.68,7.0,,27.0,1462.0,29.0,4.4035427856445315,8.233777770996094,4.787644042968751,10.49322738385696,-5.843857134403768,-35.197829831185686,,-7.0,48.0,,13.0,61.18,,497.16,,,0,Gasolina,,,0.0,0.9666666666666667,86.0,0.0,0,29.8,0.98,17580.0,3.13,2116.0,-0.78
F666D60A-75B1-428D-A08C-B318AA253AFC,9BWAH5BZ6KP538191,App2Car,2026-08-12T17:12:09.037754,2026-08-12T17:01:03.030472,13.68,7.0,,27.0,1370.0,27.0,4.340972900390625,7.389982452392578,5.105433197021485,9.976038016058531,-5.843849262725698,-35.19790479674659,,-3.0,48.0,,13.0,61.18,,497.16,,,0,Gasolina,,,0.0,0.9333333333333333,86.0,0.0,0,29.8,0.99,17580.0,3.13,2116.0,-0.78
F666D60A-75B1-428D-A08C-B318AA253AFC,9BWAH5BZ6KP538191,App2Car,2026-08-12T17:12:10.037780,2026-08-12T17:01:03.030472,13.68,7.0,,28.0,1097.0,21.0,4.53377197265625,6.06658447265625,6.00715805053711,9.666668676852955,-5.843841662124193,-35.19797555234862,,-3.0,48.0,,13.0,61.18,,497.16,,,0,Gasolina,,,0.0,0.9333333333333333,86.0,0.0,0,29.8,0.98,17580.0,3.13,2116.0,-0.78
F666D60A-75B1-428D-A08C-B318AA253AFC,9BWAH5BZ6KP538191,App2Car,2026-08-12T17:12:11.037586,2026-08-12T17:01:03.030472,13.68,8.0,,33.0,945.0,21.0,3.9016365051269535,8.702602844238282,2.1499790954589844,9.776526673292215,-5.843835383669214,-35.19803787841962,,-7.5,48.0,,13.0,61.18,,347.565,,,0,Gasolina,,,0.0,0.8,86.0,0.0,0,29.8,0.99,17580.0,3.13,2116.0,-0.78
F666D60A-75B1-428D-A08C-B318AA253AFC,9BWAH5BZ6KP538191,App2Car,2026-08-12T17:12:12.036966,2026-08-12T17:01:03.030472,13.68,9.0,,36.0,945.0,16.0,2.628084869384766,7.8094102478027345,5.03672607421875,9.65724225883821,-5.843831418523761,-35.19808309606623,,-5.5,49.0,,13.0,61.18,,280.625,,,0,Gasolina,,,0.0,0.8,86.0,0.0,0,29.8,0.99,17580.0,3.13,2116.0,-0.78
F666D60A-75B1-428D-A08C-B318AA253AFC,9BWAH5BZ6KP538191,App2Car,2026-08-12T17:12:13.036930,2026-08-12T17:01:03.030472,13.68,13.0,,36.0,885.0,13.0,-0.9363029479980469,7.414082336425782,6.1935205078125,9.70592480819961,-5.843822839234091,-35.198120955943146,,2.0,49.0,,14.0,61.18,,297.05,,,0,Gasolina,,,0.0,0.8333333333333334,86.0,0.0,0,29.8,0.99,17580.0,3.13,2116.0,-0.78
F666D60A-75B1-428D-A08C-B318AA253AFC,9BWAH5BZ6KP538191,App2Car,2026-08-12T17:12:14.036726,2026-08-12T17:01:03.030472,13.68,13.0,,47.0,850.0,10.0,-3.011138305664063,5.005441131591797,8.489595794677735,10.30507795092683,-5.84380838702855,-35.198150708322636,,-1.0,49.0,,16.0,61.18,,281.75,,,0,Gasolina,,,0.0,0.7666666666666667,86.0,0.0,0,29.8,1.0,17580.0,3.13,2116.0,-0.78
F666D60A-75B1-428D-A08C-B318AA253AFC,9BWAH5BZ6KP538191,App2Car,2026-08-12T17:12:15.037597,2026-08-12T17:01:03.030472,13.68,18.0,,63.0,851.0,5.0,2.2378463745117188,7.259453887939453,6.363417205810547,9.909626919427401,-5.843793487099873,-35.19817178006634,,-11.5,49.0,,16.0,61.18,,343.0,,,0,Gasolina,,,0.0,0.8333333333333334,86.0,0.0,0,29.8,0.98,17580.0,3.13,2116.0,-0.78
F666D60A-75B1-428D-A08C-B318AA253AFC,9BWAH5BZ6KP538191,App2Car,2026-08-12T17:12:16.037632,2026-08-12T17:01:03.030472,13.68,14.0,,56.0,916.0,1.0,0.20731887817382813,5.772595825195313,6.991810455322266,9.06924788069349,-5.8438070893923495,-35.19818767661255,,-10.0,49.0,,14.0,61.18,,213.845,,,0,Gasolina,,,0.0,0.7666666666666667,86.0,0.0,0,29.8,0.99,17580.0,3.13,2116.0,-0.78
F666D60A-75B1-428D-A08C-B318AA253AFC,9BWAH5BZ6KP538191,App2Car,2026-08-12T17:12:17.037390,2026-08-12T17:01:03.030472,13.68,16.0,,60.0,926.0,0.0,0.8659492492675782,2.4456143188476562,10.89344696044922,11.198128601645013,-5.843806298344396,-35.19819469998925,,-10.0,49.0,,16.0,61.18,,213.86,,,0,Gasolina,,,0.0,0.8333333333333334,86.0,0.0,0,29.8,0.98,17580.0,3.13,2116.0,-0.78
F666D60A-75B1-428D-A08C-B318AA253AFC,9BWAH5BZ6KP538191,App2Car,2026-08-12T17:12:18.037657,2026-08-12T17:01:03.030472,13.68,16.0,,59.0,1005.0,0.0,1.5395484924316407,1.9179615783691408,9.623338165283204,9.932644341767459,-5.843791354517914,-35.19819387168002,,-13.0,49.0,,16.0,61.18,,213.86,,,0,Gasolina,,,0.0,0.9,86.0,0.0,0,29.8,0.99,17580.0,3.13,2116.0,-0.78
F666D60A-75B1-428D-A08C-B318AA253AFC,9BWAH5BZ6KP538191,App2Car,2026-08-12T17:12:19.037195,2026-08-12T17:01:03.030472,13.68,16.0,,57.0,1005.0,0.0,1.3934523010253907,1.8089881896972657,9.433083801269532,9.70552510622021,-5.843790138080421,-35.19819201192951,,-13.5,49.0,,15.0,61.18,,200.4,,,0,Gasolina,,,0.0,0.9,86.0,0.0,0,29.8,0.99,17580.0,3.13,2116.0,-0.78
F666D60A-75B1-428D-A08C-B318AA253AFC,9BWAH5BZ6KP538191,App2Car,2026-08-12T17:12:20.037174,2026-08-12T17:01:03.030472,13.68,13.0,,57.0,1000.0,0.0,1.824855194091797,1.8654208374023438,9.521400146484375,9.87253524326408,-5.843790428659884,-35.19819125937513,,-13.0,49.0,,13.0,61.18,,149.5,,,0,Gasolina,,,0.0,0.9,86.0,0.0,0,29.8,1.0,17580.0,3.13,2116.0,-0.78
F666D60A-75B1-428D-A08C-B318AA253AFC,9BWAH5BZ6KP538191,App2Car,2026-08-12T17:12:21.037592,2026-08-12T17:01:03.030472,13.68,13.0,,48.0,992.0,0.0,1.576970672607422,1.786534881591797,9.358538818359376,9.657162740688769,-5.843790428659884,-35.19819125937513,,-2.5,49.0,,19.0,61.18,,149.5,,,0,Gasolina,,,0.0,0.9,86.0,0.0,0,29.8,1.0,17580.0,3.13,2116.0,-0.78
F666D60A-75B1-428D-A08C-B318AA253AFC,9BWAH5BZ6KP538191,App2Car,2026-08-12T17:12:22.037653,2026-08-12T17:01:03.030472,13.68,19.0,,66.0,994.0,0.0,0.6484515380859376,2.159110107421875,10.34887939453125,10.591579229546971,-5.8437907478497575,-35.19819253398373,,-22.0,49.0,,19.0,61.18,,274.74,,,0,Gasolina,,,0.0,0.8,86.0,0.0,0,29.8,0.99,17580.0,3.13,2116.0,-0.78
F666D60A-75B1-428D-A08C-B318AA253AFC,9BWAH5BZ6KP538191,App2Car,2026-08-12T17:12:23.037599,2026-08-12T17:01:03.030472,13.68,18.0,,57.0,,0.0,3.0118867492675783,3.8634658813476563,7.952662353515626,9.340378413949605,-5.843791179348823,-35.19819185679816,,-11.5,49.0,,16.0,61.18,,233.45999999999998,,,0,Gasolina,,,0.0,0.8666666666666667,86.0,0.0,0,29.8,0.99,17580.0,3.13,2116.0,-0.78
F666D60A-75B1-428D-A08C-B318AA253AFC,9BWAH5BZ6KP538191,App2Car,2026-08-12T17:12:24.037481,2026-08-12T17:01:03.030472,13.68,11.0,,41.0,978.0,0.0,2.082619171142578,5.096152496337891,7.772736511230469,9.524888752681404,-5.843790577533374,-35.198191230955736,,-11.5,49.0,,14.0,61.18,,77.0,,,0,Gasolina,,,0.0,0.9,86.0,0.0,0,29.8,1.0,17580.0,3.13,2116.0,-0.78
F666D60A-75B1-428D-A08C-B318AA253AFC,9BWAH5BZ6KP538191,App2Car,2026-08-12T17:12:25.036808,2026-08-12T17:01:03.030472,13.68,9.0,,37.0,984.0,0.0,2.078727264404297,5.154830474853516,7.998766479492188,9.740310542159534,-5.843790053428113,-35.19819092931666,,-4.0,49.0,,13.0,61.18,,102.50999999999999,,,0,Gasolina,,,0.0,0.9333333333333333,86.0,0.0,0,29.8,1.0,17580.0,3.13,2116.0,-0.78
F666D60A-75B1-428D-A08C-B318AA253AFC,9BWAH5BZ6KP538191,App2Car,2026-08-12T17:12:26.037541,2026-08-12T17:01:03.030472,13.68,14.0,,50.0,984.0,0.0,2.109712829589844,5.143753509521485,7.897127838134766,9.657831872728664,-5.843791199186178,-35.198190472376304,,0.0,49.0,,15.0,61.18,,173.88,,,0,Gasolina,,,0.0,0.9,86.0,0.0,0,29.8,1.0,17580.0,3.13,2116.0,-0.78
F666D60A-75B1-428D-A08C-B318AA253AFC,9BWAH5BZ6KP538191,App2Car,2026-08-12T17:12:27.037587,2026-08-12T17:01:03.030472,13.68,14.0,,50.0,961.0,0.0,2.410437469482422,5.024152221679688,8.115373992919922,9.844369425506887,-5.843790693656783,-35.19819168700847,,-7.5,50.0,,15.0,61.18,,173.88,,,0,Gasolina,,,0.0,0.8333333333333334,86.0,0.0,0,29.8,0.99,17580.0,3.13,2116.0,-0.78
F666D60A-75B1-428D-A08C-B318AA253AFC,9BWAH5BZ6KP538191,App2Car,2026-08-12T17:12:28.036281,2026-08-12T17:01:03.030472,13.68,14.0,,53.0,982.0,0.0,1.9154168701171876,5.057083740234376,8.206684112548828,9.828152515362882,-5.843791763436094,-35.198189329849484,,-9.0,50.0,,15.0,61.18,,173.88,,,0,Gasolina,,,0.0,0.8666666666666667,86.0,0.0,0,29.8,0.99,17580.0,3.13,2116.0,-0.78
F666D60A-75B1-428D-A08C-B318AA253AFC,9BWAH5BZ6KP538191,App2Car,2026-08-12T17:12:29.036508,2026-08-12T17:01:03.030472,13.68,15.0,,56.0,980.0,0.0,1.5654446411132814,5.598058776855469,8.184829559326172,10.038939879725264,-5.843792460688609,-35.19818803232456,,-10.0,50.0,,15.0,61.18,,186.15,,,0,Gasolina,,,0.0,0.9,86.0,0.0,0,29.8,0.98,17580.0,3.13,2116.0,-0.78
F666D60A-75B1-428D-A08C-B318AA253AFC,9BWAH5BZ6KP538191,App2Car,2026-08-12T17:12:30.036872,2026-08-12T17:01:03.030472,13.68,16.0,,48.0,995.0,0.0,1.418899383544922,6.857240295410157,6.805148620605469,9.76447989798481,-5.843793325402858,-35.19818686844609,,-3.0,50.0,,15.0,61.18,,198.4,,,0,Gasolina,,,0.0,0.8666666666666667,86.0,0.0,0,29.8,1.0,17580.0,3.13,2116.0,-0.78
F666D60A-75B1-428D-A08C-B318AA253AFC,9BWAH5BZ6KP538191,App2Car,2026-08-12T17:12:31.037045,2026-08-12T17:01:03.030472,13.68,13.0,,47.0,983.0,0.0,1.2597802734375,6.808591461181641,6.892117767333985,9.769608556202169,-5.843793783856968,-35.198185952152755,,-3.0,50.0,,15.0,61.18,,162.175,,,0,Gasolina,,,0.0,0.8666666666666667,86.0,0.0,0,29.8,1.0,17580.0,3.13,2116.0,-0.78
F666D60A-75B1-428D-A08C-B318AA253AFC,9BWAH5BZ6KP538191,App2Car,2026-08-12T17:12:32.036833,2026-08-12T17:01:03.030472,13.68,12.0,,46.0,997.0,0.0,1.4509327697753907,6.6454307556152346,6.960675201416016,9.732314991290245,-5.843792535575442,-35.19818820353713,,-1.5,50.0,,14.0,61.18,,142.98000000000002,,,0,Gasolina,,,0.0,0.8666666666666667,86.0,0.0,0,29.8,1.0,17580.0,3.13,2116.0,-0.78
F666D60A-75B1-428D-A08C-B318AA253AFC,9BWAH5BZ6KP538191,App2Car,2026-08-12T17:12:33.037544,2026-08-12T17:01:03.030472,13.68,12.0,,45.0,997.0,0.0,2.2399420166015624,6.732100524902344,6.609505462646485,9.696601475562519,-5.843793577204,-35.19818700715127,,-1.0,50.0,,14.0,61.18,,142.98000000000002,,,0,Gasolina,,,0.0,0.8666666666666667,86.0,0.0,0,29.8,1.0,17580.0,3.13,2116.0,-0.78
F666D60A-75B1-428D-A08C-B318AA253AFC,9BWAH5BZ6KP538191,App2Car,2026-08-12T17:12:34.037526,2026-08-12T17:01:03.030472,13.68,12.0,,45.0,987.0,0.0,2.4409739685058596,6.84736083984375,6.445596313476563,9.71547303131719,-5.843794240895557,-35.198186890959434,,3.0,50.0,,14.0,61.18,,142.98000000000002,,,0,Gasolina,,,0.0,0.9666666666666667,86.0,0.0,0,29.8,0.99,17580.0,3.13,2116.0,-0.78
F666D60A-75B1-428D-A08C-B318AA253AFC,9BWAH5BZ6KP538191,App2Car,2026-08-12T17:12:35.036875,2026-08-12T17:01:03.030472,13.68,12.0,,45.0,984.0,0.0,2.5162673950195313,6.743027801513672,6.702162780761719,9.834582425047458,-5.84379485556783,-35.198185433203946,,0.0,50.0,,14.0,61.18,,142.98000000000002,,,0,Gasolina,,,0.0,0.9,86.0,0.0,0,29.8,1.0,17580.0,3.13,2116.0,-0.78
F666D60A-75B1-428D-A08C-B318AA253AFC,9BWAH5BZ6KP538191,App2Car,2026-08-12T17:12:36.037600,2026-08-12T17:01:03.030472,13.68,11.0,,44.0,988.0,0.0,2.319576416015625,6.655310211181641,6.832242279052735,9.815962679048358,-5.84379485556783,-35.198185433203946,,3.5,50.0,,14.0,61.18,,131.12,,,0,Gasolina,,,0.0,0.9666666666666667,86.0,0.0,0,29.8,0.99,17580.0,3.13,2116.0,-0.78
F666D60A-75B1-428D-A08C-B318AA253AFC,9BWAH5BZ6KP538191,App2Car,2026-08-12T17:12:37.036733,2026-08-12T17:01:03.030472,13.68,11.0,,45.0,970.0,0.0,2.3116429138183596,6.6295637512207035,6.778204650878907,9.759040259252064,-5.84379485556783,-35.198185433203946,,2.0,50.0,,14.0,61.18,,131.12,,,0,Gasolina,,,0.0,0.9333333333333333,86.0,0.0,0,29.8,0.99,17580.0,3.13,2116.0,-0.78
F666D60A-75B1-428D-A08C-B318AA253AFC,9BWAH5BZ6KP538191,App2Car,2026-08-12T17:12:38.037404,2026-08-12T17:01:03.030472,13.68,11.0,,45.0,987.0,0.0,2.2149440002441407,6.606960754394532,6.8970574951171875,9.804453550569722,-5.84379485556783,-35.198185433203946,,2.0,50.0,,14.0,61.18,,131.12,,,0,Gasolina,,,0.0,0.9333333333333333,86.0,0.0,0,29.8,1.0,17580.0,3.13,2116.0,-0.78
F666D60A-75B1-428D-A08C-B318AA253AFC,9BWAH5BZ6KP538191,App2Car,2026-08-12T17:12:39.037080,2026-08-12T17:01:03.030472,13.68,12.0,,45.0,967.0,0.0,2.4170237731933595,6.4761328125,6.943760375976563,9.79786243444473,-5.84379485556783,-35.198185433203946,,5.0,50.0,,14.0,61.18,,143.22,,,0,Gasolina,,,0.0,0.9,86.0,0.0,0,29.8,0.99,17580.0,3.13,2116.0,-0.78
F666D60A-75B1-428D-A08C-B318AA253AFC,9BWAH5BZ6KP538191,App2Car,2026-08-12T17:12:40.037407,2026-08-12T17:01:03.030472,13.68,12.0,,45.0,967.0,0.0,1.390159149169922,6.146667938232422,7.677534484863282,9.932703809596868,-5.84379485556783,-35.198185433203946,,3.0,50.0,,14.0,61.18,,143.22,,,0,Gasolina,,,0.0,0.9,86.0,0.0,0,29.8,0.99,17580.0,3.13,2116.0,-0.78
F666D60A-75B1-428D-A08C-B318AA253AFC,9BWAH5BZ6KP538191,App2Car,2026-08-12T17:12:41.036791,2026-08-12T17:01:03.030472,13.68,12.0,,45.0,991.0,0.0,1.0828482055664064,5.692212982177734,7.83455795288086,9.74444186127763,-5.84379485556783,-35.198185433203946,,4.5,50.0,,14.0,61.18,,143.22,,,0,Gasolina,,,0.0,0.9666666666666667,86.0,0.0,0,29.8,0.98,17580.0,3.13,2116.0,-0.78
F666D60A-75B1-428D-A08C-B318AA253AFC,9BWAH5BZ6KP538191,App2Car,2026-08-12T17:12:42.036881,2026-08-12T17:01:03.030472,13.68,12.0,,45.0,977.0,0.0,0.7036866760253907,5.857619018554688,7.894283752441407,9.855282414452141,-5.843795504620199,-35.19818639482837,,1.5,50.0,,14.0,61.18,,143.22,,,0,Gasolina,,,0.0,0.9333333333333333,86.0,0.0,0,29.8,1.0,17580.0,3.13,2116.0,-0.78
F666D60A-75B1-428D-A08C-B318AA253AFC,9BWAH5BZ6KP538191,App2Car,2026-08-12T17:12:43.037533,2026-08-12T17:01:03.030472,13.68,12.0,,45.0,988.0,0.0,0.8734336853027345,5.702092437744141,7.781418457031251,9.686445053507867,-5.843795072850114,-35.19818879028161,,3.0,50.0,,14.0,61.18,,143.22,,,0,Gasolina,,,0.0,0.9666666666666667,86.0,0.0,0,29.8,0.99,17580.0,3.13,2116.0,-0.78
F666D60A-75B1-428D-A08C-B318AA253AFC,9BWAH5BZ6KP538191,App2Car,2026-08-12T17:12:44.036671,2026-08-12T17:01:03.030472,13.68,12.0,,45.0,972.0,0.0,0.6592291259765626,5.755082244873047,7.844587097167969,9.75156917684754,-5.843796359066002,-35.19818587452722,,2.0,50.0,,14.0,61.18,,143.22,,,0,Gasolina,,,0.0,0.9333333333333333,86.0,0.0,0,29.8,0.99,17580.0,3.13,2116.0,-0.78
F666D60A-75B1-428D-A08C-B318AA253AFC,9BWAH5BZ6KP538191,App2Car,2026-08-12T17:12:45.037081,2026-08-12T17:01:03.030472,13.68,12.0,,45.0,990.0,0.0,0.3047662353515625,5.992638244628907,7.665858764648438,9.734987734390664,-5.843796359066002,-35.19818587452722,,2.0,50.0,,14.0,61.18,,143.22,,,0,Gasolina,,,0.0,0.9333333333333333,86.0,0.0,0,29.8,1.0,17580.0,3.13,2116.0,-0.78
