device,VIN,data_collector,time_sensor,time_session,voltage_control_module,engine_load,coolant_temperature,intake_manifold_absolut_pressure,rpm,speed,acceleration_x,acceleration_y,acceleration_z,magnitude,latitude,longitude,fuel_pressure,timing_advance,intake_air_temperature,mass_air_flow,throttle_position,fuel_level,engine_oil_temperature,radar_area,cloud_quantity,teda_time,teda_flag,fuel_model_prediction,air_fuel_ratio,other_info,city_road_label,city_road_prob,coolant_temp,distance_traveled_with_MIL_on,driver_behaviour_label,ethanol_percentage,fuel_model_prediction_prob,fuel_rail_gauge_pressure,long_term_fuel_trim_bank_1,runtime_since_engine_start,short_term_fuel_trim_bank_1
F666D60A-75B1-428D-A08C-B318AA253AFC,9BWAH5BZ6KP538191,App2Car,2026-08-12T16:45:16.921953,2026-08-12T16:45:15.909169,,17.0,,59.0,977.0,0.0,1.2283456420898438,1.2566368103027343,9.585317230224609,9.745064160563015,-5.843805241553561,-35.19820408282297,,-10.5,37.0,,,,,0.0,,,0,Não identificado,,,0.0,0.9,,,,,,,,,
F666D60A-75B1-428D-A08C-B318AA253AFC,9BWAH5BZ6KP538191,App2Car,2026-08-12T16:45:17.921318,2026-08-12T16:45:15.909169,,17.0,,59.0,977.0,0.0,1.5540682983398437,1.2180171203613281,9.403146057128907,9.60821782398261,-5.843805241553616,-35.19820408282297,,-10.5,37.0,,16.0,,,219.04500000000002,,,0,Não identificado,,,0.0,0.9,80.0,0.0,0,,,,3.91,510.0,0.78
F666D60A-75B1-428D-A08C-B318AA253AFC,9BWAH5BZ6KP538191,App2Car,2026-08-12T16:45:18.920865,2026-08-12T16:45:15.909169,13.78,15.0,,52.0,977.0,0.0,1.6557069396972657,0.13397140502929689,11.538305969238282,11.6572646211402,-5.843805241553372,-35.19820408282291,,-10.5,37.0,,16.0,63.14,,193.27499999999998,,,0,Gasolina,,,0.0,0.9,80.0,0.0,0,29.8,0.98,12870.0,3.91,510.0,0.78
F666D60A-75B1-428D-A08C-B318AA253AFC,9BWAH5BZ6KP538191,App2Car,2026-08-12T16:45:19.922016,2026-08-12T16:45:15.909169,13.78,15.0,,52.0,1005.0,0.0,1.3777349853515626,1.2466076660156251,9.887239379882812,10.060302526163717,-5.843805447087738,-35.19820225796657,,-1.0,37.0,,15.0,63.14,,193.27499999999998,,,0,Gasolina,,,0.0,0.8666666666666667,80.0,0.0,0,29.8,1.0,12870.0,3.91,510.0,0.78
F666D60A-75B1-428D-A08C-B318AA253AFC,9BWAH5BZ6KP538191,App2Car,2026-08-12T16:45:20.921631,2026-08-12T16:45:15.909169,13.78,14.0,,51.0,994.0,0.0,1.349294128417969,1.2458592224121094,9.454040222167968,9.630765097821786,-5.8438054156324615,-35.19820253724161,,-3.0,37.0,,15.0,63.14,,175.35000000000002,,,0,Gasolina,,,0.0,0.8666666666666667,80.0,0.0,0,29.8,1.0,12870.0,3.91,510.0,0.78
F666D60A-75B1-428D-A08C-B318AA253AFC,9BWAH5BZ6KP538191,App2Car,2026-08-12T16:45:21.921250,2026-08-12T16:45:15.909169,13.78,14.0,,49.0,991.0,0.0,1.6304095458984376,1.1115884399414062,9.822573852539064,10.018823345870123,-5.843805409405204,-35.19820259252984,,-3.0,37.0,,15.0,63.14,,175.35000000000002,,,0,Gasolina,,,0.0,0.8666666666666667,80.0,0.0,0,29.8,1.0,12870.0,3.91,510.0,0.78
F666D60A-75B1-428D-A08C-B318AA253AFC,9BWAH5BZ6KP538191,App2Car,2026-08-12T16:45:22.921467,2026-08-12T16:45:15.909169,13.78,13.0,,49.0,982.0,0.0,1.3704002380371094,1.1419752502441407,9.290879516601564,9.460578548724643,-5.843805380709786,-35.19820284730367,,1.5,37.0,,15.0,63.14,,161.91500000000002,,,0,Gasolina,,,0.0,0.9333333333333333,80.0,0.0,0,29.8,1.0,12870.0,3.91,510.0,0.78
F666D60A-75B1-428D-A08C-B318AA253AFC,9BWAH5BZ6KP538191,App2Car,2026-08-12T16:45:23.921302,2026-08-12T16:45:15.909169,13.78,13.0,,48.0,982.0,0.0,1.2246034240722656,1.2466076660156251,9.247469787597657,9.411130733963368,-5.843805380709645,-35.19820284730361,,0.0,37.0,,15.0,63.14,,161.91500000000002,,,0,Gasolina,,,0.0,0.9,80.0,0.0,0,29.8,1.0,12870.0,3.91,510.0,0.78
F666D60A-75B1-428D-A08C-B318AA253AFC,9BWAH5BZ6KP538191,App2Car,2026-08-12T16:45:24.921745,2026-08-12T16:45:15.909169,13.78,13.0,,48.0,985.0,0.0,1.503772888183594,1.249152374267578,9.68875213623047,9.884008929107907,-5.843805380709762,-35.19820284730361,,5.0,37.0,,15.0,63.14,,161.91500000000002,,,0,Gasolina,,,0.0,1.0,80.0,0.0,0,29.8,0.97,12870.0,3.91,510.0,0.78
F666D60A-75B1-428D-A08C-B318AA253AFC,9BWAH5BZ6KP538191,App2Car,2026-08-12T16:45:25.921239,2026-08-12T16:45:15.909169,13.78,13.0,,48.0,980.0,0.0,1.7723144531250001,1.1373348999023438,9.610015869140625,9.838040160541443,-5.843805380709417,-35.19820284730361,,3.5,37.0,,15.0,63.14,,161.91500000000002,,,0,Gasolina,,,0.0,1.0,80.0,0.0,0,29.8,0.98,12870.0,3.91,510.0,0.78
F666D60A-75B1-428D-A08C-B318AA253AFC,9BWAH5BZ6KP538191,App2Car,2026-08-12T16:45:26.921638,2026-08-12T16:45:15.909169,13.78,13.0,,49.0,979.0,0.0,1.5380516052246094,1.2216096496582032,9.529633026123047,9.729945451493917,-5.8438053807098225,-35.19820284730367,,7.5,37.0,,15.0,63.14,,161.91500000000002,,,0,Gasolina,,,0.0,1.0,80.0,0.0,0,29.8,0.98,12870.0,3.91,510.0,0.78
F666D60A-75B1-428D-A08C-B318AA253AFC,9BWAH5BZ6KP538191,App2Car,2026-08-12T16:45:27.922104,2026-08-12T16:45:15.909169,13.78,13.0,,49.0,984.0,0.0,1.2576846313476564,1.16158447265625,9.537117462158204,9.689564417766524,-5.843805380709477,-35.19820284730361,,4.5,37.0,,15.0,63.14,,161.91500000000002,,,0,Gasolina,,,0.0,1.0,80.0,0.0,0,29.8,0.97,12870.0,3.91,510.0,0.78
F666D60A-75B1-428D-A08C-B318AA253AFC,9BWAH5BZ6KP538191,App2Car,2026-08-12T16:45:28.921641,2026-08-12T16:45:15.909169,13.78,13.0,,49.0,986.0,0.0,1.4229409790039063,1.2253518676757813,9.781409454345704,9.960031081422821,-5.8438055464352345,-35.19820137588699,,4.5,37.0,,15.0,63.14,,161.91500000000002,,,0,Gasolina,,,0.0,1.0,80.0,0.0,0,29.8,0.97,12870.0,3.91,510.0,0.78
F666D60A-75B1-428D-A08C-B318AA253AFC,9BWAH5BZ6KP538191,App2Car,2026-08-12T16:45:29.921409,2026-08-12T16:45:15.909169,13.78,13.0,,49.0,983.0,0.0,1.4515315246582032,1.2946577453613282,9.451645202636719,9.649698414003742,-5.843805599799822,-35.19820090208536,,2.0,37.0,,15.0,63.14,,161.91500000000002,,,0,Gasolina,,,0.0,0.9333333333333333,80.0,0.0,0,29.8,1.0,12870.0,3.91,510.0,0.78
F666D60A-75B1-428D-A08C-B318AA253AFC,9BWAH5BZ6KP538191,App2Car,2026-08-12T16:45:30.921801,2026-08-12T16:45:15.909169,13.78,13.0,,49.0,983.0,0.0,1.1672726440429688,1.2036470031738282,9.503736877441407,9.650508078304487,-5.843805579763455,-35.19820107998069,,3.0,37.0,,15.0,63.14,,161.91500000000002,,,0,Gasolina,,,0.0,1.0,80.0,0.0,0,29.8,0.99,12870.0,3.91,510.0,0.78
F666D60A-75B1-428D-A08C-B318AA253AFC,9BWAH5BZ6KP538191,App2Car,2026-08-12T16:45:31.922034,2026-08-12T16:45:15.909169,13.78,13.0,,49.0,988.0,0.0,1.4596147155761718,1.21906494140625,9.79413299560547,9.977055456641509,-5.843805641264229,-35.19820053394552,,1.5,37.0,,15.0,63.14,,161.91500000000002,,,0,Gasolina,,,0.0,0.9333333333333333,80.0,0.0,0,29.8,1.0,12870.0,3.91,510.0,0.78
F666D60A-75B1-428D-A08C-B318AA253AFC,9BWAH5BZ6KP538191,App2Car,2026-08-12T16:45:32.921919,2026-08-12T16:45:15.909169,13.78,13.0,,49.0,984.0,0.0,1.3775852966308595,1.2271481323242188,9.568252716064453,9.744490434426787,-5.843805641264194,-35.19820053394552,,3.5,37.0,,15.0,63.14,,161.91500000000002,,,0,Gasolina,,,0.0,1.0,80.0,0.0,0,29.8,0.98,12870.0,3.91,510.0,0.78
F666D60A-75B1-428D-A08C-B318AA253AFC,9BWAH5BZ6KP538191,App2Car,2026-08-12T16:45:33.921377,2026-08-12T16:45:15.909169,13.78,13.0,,49.0,973.0,0.0,1.1511062622070314,1.1256591796875,9.607471160888672,9.741440156517644,-5.843805641264034,-35.19820053394552,,0.5,37.0,,15.0,63.14,,161.91500000000002,,,0,Gasolina,,,0.0,0.9333333333333333,80.0,0.0,0,29.8,1.0,12870.0,3.91,510.0,0.78
F666D60A-75B1-428D-A08C-B318AA253AFC,9BWAH5BZ6KP538191,App2Car,2026-08-12T16:45:34.921475,2026-08-12T16:45:15.909169,13.78,13.0,,48.0,985.0,0.0,1.3509407043457031,1.167572021484375,9.568252716064453,9.733433374225458,-5.8438056412640424,-35.19820053394552,,5.0,37.0,,15.0,63.14,,161.91500000000002,,,0,Gasolina,,,0.0,1.0,80.0,0.0,0,29.8,0.97,12870.0,3.91,510.0,0.78
F666D60A-75B1-428D-A08C-B318AA253AFC,9BWAH5BZ6KP538191,App2Car,2026-08-12T16:45:35.922037,2026-08-12T16:45:15.909169,13.78,13.0,,49.0,978.0,0.0,1.274300079345703,1.3289364624023439,9.408983917236329,9.587434024186805,-5.843805641264593,-35.198200533945574,,5.0,37.0,,15.0,63.14,,161.91500000000002,,,0,Gasolina,,,0.0,1.0,80.0,0.0,0,29.8,0.97,12870.0,3.91,510.0,0.78
F666D60A-75B1-428D-A08C-B318AA253AFC,9BWAH5BZ6KP538191,App2Car,2026-08-12T16:45:36.921609,2026-08-12T16:45:15.909169,13.78,13.0,,49.0,986.0,0.0,1.213077392578125,1.180594940185547,9.535171508789062,9.684258199531781,-5.843805641263993,-35.19820053394552,,1.5,37.0,,15.0,63.14,,161.91500000000002,,,0,Gasolina,,,0.0,0.9333333333333333,80.0,0.0,0,29.8,1.0,12870.0,3.91,510.0,0.78
F666D60A-75B1-428D-A08C-B318AA253AFC,9BWAH5BZ6KP538191,App2Car,2026-08-12T16:45:37.922029,2026-08-12T16:45:15.909169,13.78,13.0,,49.0,986.0,0.0,1.4061758422851562,1.2701087951660157,9.856403503417969,10.03689179343757,-5.843805641263691,-35.19820053394546,,4.5,37.0,,15.0,63.14,,161.91500000000002,,,0,Gasolina,,,0.0,1.0,80.0,0.0,0,29.8,0.97,12870.0,3.91,510.0,0.78
F666D60A-75B1-428D-A08C-B318AA253AFC,9BWAH5BZ6KP538191,App2Car,2026-08-12T16:45:38.920995,2026-08-12T16:45:15.909169,13.78,13.0,,49.0,976.0,0.0,1.478924560546875,1.2834310913085938,9.475445709228516,9.675664556528583,-5.843805641264339,-35.19820053394552,,2.0,37.0,,15.0,63.14,,161.91500000000002,,,0,Gasolina,,,0.0,0.9333333333333333,80.0,0.0,0,29.8,0.99,12870.0,3.91,510.0,0.78
F666D60A-75B1-428D-A08C-B318AA253AFC,9BWAH5BZ6KP538191,App2Car,2026-08-12T16:45:39.921471,2026-08-12T16:45:15.909169,13.78,13.0,,49.0,983.0,0.0,1.2317884826660157,1.4271322631835939,9.610914001464844,9.79406337054244,-5.843805641263938,-35.19820053394546,,1.5,37.0,,15.0,63.14,,161.91500000000002,,,0,Gasolina,,,0.0,0.9333333333333333,80.0,0.0,0,29.8,1.0,12870.0,3.91,510.0,0.78
F666D60A-75B1-428D-A08C-B318AA253AFC,9BWAH5BZ6KP538191,App2Car,2026-08-12T16:45:40.921114,2026-08-12T16:45:15.909169,13.78,13.0,,48.0,978.0,0.0,1.3605207824707033,1.2202624511718752,9.620793457031251,9.792840445556642,-5.843805908979075,-35.19819815702935,,4.5,37.0,,15.0,63.14,,161.91500000000002,,,0,Gasolina,,,0.0,1.0,80.0,0.0,0,29.8,0.97,12870.0,3.91,510.0,0.78
F666D60A-75B1-428D-A08C-B318AA253AFC,9BWAH5BZ6KP538191,App2Car,2026-08-12T16:45:41.921903,2026-08-12T16:45:15.909169,13.78,13.0,,48.0,979.0,0.0,1.3153147888183594,1.4097683715820313,9.6710888671875,9.861412664128569,-5.843805906811639,-35.198198176273166,,2.0,37.0,,15.0,63.14,,161.91500000000002,,,0,Gasolina,,,0.0,0.9333333333333333,80.0,0.0,0,29.8,1.0,12870.0,3.91,510.0,0.78
F666D60A-75B1-428D-A08C-B318AA253AFC,9BWAH5BZ6KP538191,App2Car,2026-08-12T16:45:42.921902,2026-08-12T16:45:15.909169,13.78,13.0,,64.0,994.0,0.0,1.1945159912109375,1.0689271545410157,9.417067108154297,9.552519386761555,-5.843805944090046,-35.198197845295944,,2.0,37.0,,15.0,63.14,,161.91500000000002,,,0,Gasolina,,,0.0,0.9333333333333333,80.0,0.0,0,29.8,1.0,12870.0,3.91,510.0,0.78
F666D60A-75B1-428D-A08C-B318AA253AFC,9BWAH5BZ6KP538191,App2Car,2026-08-12T16:45:43.920971,2026-08-12T16:45:15.909169,13.78,25.0,,79.0,963.0,0.0,1.2581336975097657,1.2937596130371094,9.63755859375,9.805062467169702,-5.8438059878710416,-35.19819745658181,,-15.0,37.0,,18.0,63.14,,349.25,,,0,Gasolina,,,0.0,0.7333333333333333,80.0,0.0,0,29.8,1.0,12870.0,3.91,510.0,0.78
F666D60A-75B1-428D-A08C-B318AA253AFC,9BWAH5BZ6KP538191,App2Car,2026-08-12T16:45:44.922029,2026-08-12T16:45:15.909169,13.78,16.0,,57.0,963.0,0.0,1.2973521423339844,1.1928694152832031,9.24043441772461,9.407002086286907,-5.843806012535145,-35.198197237600915,,-10.5,37.0,,16.0,63.14,,205.04000000000002,,,0,Gasolina,,,0.0,0.9,80.0,0.0,0,29.8,0.98,12870.0,3.91,510.0,0.78
F666D60A-75B1-428D-A08C-B318AA253AFC,9BWAH5BZ6KP538191,App2Car,2026-08-12T16:45:45.921200,2026-08-12T16:45:15.909169,13.78,15.0,,57.0,988.0,0.0,1.1527528381347656,1.2898677062988282,9.732461242675782,9.885008833873979,-5.843806012534877,-35.19819723760086,,-2.5,37.0,,15.0,63.14,,186.60000000000002,,,0,Gasolina,,,0.0,0.8666666666666667,80.0,0.0,0,29.8,1.0,12870.0,3.91,510.0,0.78
F666D60A-75B1-428D-A08C-B318AA253AFC,9BWAH5BZ6KP538191,App2Car,2026-08-12T16:45:46.921904,2026-08-12T16:45:15.909169,13.78,15.0,,51.0,994.0,0.0,1.3796809387207032,1.1931687927246095,9.551637268066406,9.724245254070684,-5.843806012535245,-35.198197237600915,,-2.5,37.0,,15.0,63.14,,186.60000000000002,,,0,Gasolina,,,0.0,0.8666666666666667,80.0,0.0,0,29.8,1.0,12870.0,3.91,510.0,0.78
F666D60A-75B1-428D-A08C-B318AA253AFC,9BWAH5BZ6KP538191,App2Car,2026-08-12T16:45:47.921467,2026-08-12T16:45:15.909169,13.78,14.0,,50.0,983.0,0.0,1.0505154418945313,1.3054353332519533,9.46362030029297,9.610819595179107,-5.8438060125350475,-35.19819723760086,,-1.0,38.0,,15.0,63.14,,174.57999999999998,,,0,Gasolina,,,0.0,0.8666666666666667,80.0,0.0,0,29.8,1.0,12870.0,3.91,510.0,0.78
F666D60A-75B1-428D-A08C-B318AA253AFC,9BWAH5BZ6KP538191,App2Car,2026-08-12T16:45:48.921074,2026-08-12T16:45:15.909169,13.78,13.0,,49.0,976.0,0.0,1.3895603942871095,1.0820997619628907,9.668993225097656,9.828084654254656,-5.843806012535335,-35.198197237600915,,10.5,38.0,,15.0,63.14,,161.395,,,0,Gasolina,,,0.0,1.0,80.0,0.0,0,29.8,0.98,12870.0,3.91,510.0,0.78
F666D60A-75B1-428D-A08C-B318AA253AFC,9BWAH5BZ6KP538191,App2Car,2026-08-12T16:45:49.923091,2026-08-12T16:45:15.909169,13.78,22.0,,80.0,909.0,0.0,0.8837622070312501,1.610500946044922,10.03558090209961,10.202334682727026,-5.8438060125351345,-35.19819723760086,,10.5,38.0,,15.0,63.14,,272.36,,,0,Gasolina,,,1.0,0.5666666666666667,80.0,0.0,0,29.8,0.98,12870.0,3.91,510.0,0.78
F666D60A-75B1-428D-A08C-B318AA253AFC,9BWAH5BZ6KP538191,App2Car,2026-08-12T16:45:50.923963,2026-08-12T16:45:15.909169,13.78,34.0,,106.0,909.0,1.0,0.4333488464355469,1.88009033203125,9.701176300048829,9.891175485448302,-5.843805866000117,-35.19819853862639,,-14.5,38.0,,55.0,63.14,,1121.575,,,0,Gasolina,,,0.0,0.8,80.0,0.0,0,29.8,0.98,12870.0,3.91,510.0,0.78
F666D60A-75B1-428D-A08C-B318AA253AFC,9BWAH5BZ6KP538191,App2Car,2026-08-12T16:45:51.924256,2026-08-12T16:45:15.909169,13.78,37.0,,106.0,914.0,4.0,1.3400134277343752,1.990111541748047,9.334738311767579,9.638128411900759,-5.843805032294109,-35.198205940746945,,-20.5,38.0,,24.0,63.14,,679.37,,,0,Gasolina,,,0.0,0.5666666666666667,80.0,0.0,0,29.8,0.98,12870.0,3.91,510.0,0.78
F666D60A-75B1-428D-A08C-B318AA253AFC,9BWAH5BZ6KP538191,App2Car,2026-08-12T16:45:52.920112,2026-08-12T16:45:15.909169,13.78,37.0,,82.0,1207.0,8.0,1.415306854248047,1.3820759582519533,9.395511932373047,9.601503627944108,-5.843786697386211,-35.198220268272166,,2.0,38.0,,20.0,63.14,,811.575,,,0,Gasolina,,,0.0,0.6,80.0,0.0,0,29.8,0.98,12870.0,3.91,510.0,0.78
F666D60A-75B1-428D-A08C-B318AA253AFC,9BWAH5BZ6KP538191,App2Car,2026-08-12T16:45:53.921911,2026-08-12T16:45:15.909169,13.78,25.0,,69.0,1683.0,11.0,0.6541397094726563,1.895508270263672,9.830657043457032,10.033078703380049,-5.843791819429146,-35.198241377139325,,18.0,38.0,,20.0,63.14,,662.9399999999999,,,0,Gasolina,,,0.0,0.8666666666666667,80.0,0.0,0,29.8,1.0,12870.0,3.91,510.0,0.78
F666D60A-75B1-428D-A08C-B318AA253AFC,9BWAH5BZ6KP538191,App2Car,2026-08-12T16:45:54.921894,2026-08-12T16:45:15.909169,13.78,20.0,,60.0,2000.0,14.0,-4.860991516113281,5.956563262939453,9.296268310546875,12.06360182229185,-5.843794656805222,-35.19827165941113,,19.5,38.0,,19.0,63.14,,663.0,,,0,Gasolina,,,0.0,0.7666666666666667,80.0,0.0,0,29.8,1.0,12870.0,3.91,510.0,0.78
F666D60A-75B1-428D-A08C-B318AA253AFC,9BWAH5BZ6KP538191,App2Car,2026-08-12T16:45:55.922122,2026-08-12T16:45:15.909169,13.78,22.0,,66.0,2381.0,17.0,-0.021405487060546877,8.016280059814454,5.117707672119141,9.510632787019077,-5.843796612446135,-35.19830711453333,,19.5,38.0,,21.0,63.14,,873.795,,,0,Gasolina,,,0.0,0.8,80.0,0.0,0,29.8,1.0,12870.0,3.91,510.0,0.78
F666D60A-75B1-428D-A08C-B318AA253AFC,9BWAH5BZ6KP538191,App2Car,2026-08-12T16:45:56.920105,2026-08-12T16:45:15.909169,13.78,26.0,,76.0,1757.0,17.0,0.33290771484375004,8.179291076660157,5.9145007324218755,10.09915585468181,-5.843793200044469,-35.19834640212036,,5.0,38.0,,21.0,63.14,,963.415,,,0,Gasolina,,,0.0,0.9333333333333333,80.0,0.0,0,29.8,1.0,12870.0,3.91,510.0,0.78
F666D60A-75B1-428D-A08C-B318AA253AFC,9BWAH5BZ6KP538191,App2Car,2026-08-12T16:45:57.921919,2026-08-12T16:45:15.909169,13.78,20.0,,62.0,1757.0,20.0,0.7849676513671875,8.606352996826173,3.950285339355469,9.502117678812366,-5.8437863502043665,-35.19839602701254,,18.0,39.0,,18.0,63.14,,711.4000000000001,,,0,Gasolina,,,0.0,0.8,80.0,0.0,0,29.8,1.0,12870.0,3.91,510.0,0.78
F666D60A-75B1-428D-A08C-B318AA253AFC,9BWAH5BZ6KP538191,App2Car,2026-08-12T16:45:58.921022,2026-08-12T16:45:15.909169,13.78,20.0,,62.0,1879.0,22.0,0.7866142272949219,8.535101165771485,4.933889923095704,9.889893003757011,-5.843780970135472,-35.19845155580303,,18.5,39.0,,20.0,63.14,,814.59,,,0,Gasolina,,,0.0,0.8,80.0,0.0,0,29.8,1.0,12870.0,3.91,510.0,0.78
F666D60A-75B1-428D-A08C-B318AA253AFC,9BWAH5BZ6KP538191,App2Car,2026-08-12T16:45:59.921251,2026-08-12T16:45:15.909169,13.78,21.0,,68.0,2009.0,24.0,0.019010467529296877,8.324788513183595,5.046605529785157,9.735024014370346,-5.843775854852457,-35.19851038203285,,19.5,39.0,,20.0,63.14,,833.985,,,0,Gasolina,,,0.0,0.8,80.0,0.0,0,29.8,1.0,12870.0,3.91,510.0,0.78
F666D60A-75B1-428D-A08C-B318AA253AFC,9BWAH5BZ6KP538191,App2Car,2026-08-12T16:46:00.921135,2026-08-12T16:45:15.909169,13.78,20.0,,63.0,2129.0,26.0,0.6990463256835938,8.487051086425781,5.495222625732422,10.13489879650578,-5.843770279172591,-35.1985721145438,,20.0,39.0,,20.0,63.14,,881.9799999999999,,,0,Gasolina,,,0.0,0.8,80.0,0.0,0,29.8,1.0,12870.0,3.91,510.0,0.78
F666D60A-75B1-428D-A08C-B318AA253AFC,9BWAH5BZ6KP538191,App2Car,2026-08-12T16:46:01.921753,2026-08-12T16:45:15.909169,13.78,18.0,,60.0,2223.0,27.0,0.5760021972656251,8.85154312133789,5.191504211425782,10.277806679316875,-5.843763955271631,-35.198636355759426,,20.0,39.0,,19.0,63.14,,886.38,,,0,Gasolina,,,0.0,0.8666666666666667,80.0,0.0,0,29.8,1.0,12870.0,3.91,510.0,0.78
F666D60A-75B1-428D-A08C-B318AA253AFC,9BWAH5BZ6KP538191,App2Car,2026-08-12T16:46:02.921716,2026-08-12T16:45:15.909169,13.78,20.0,,61.0,2324.0,27.0,0.6210585021972657,8.589887237548828,5.423521728515626,10.177743578840886,-5.843757647887945,-35.19870442701699,,21.0,39.0,,20.0,63.14,,992.405,,,0,Gasolina,,,0.0,0.8333333333333334,80.0,0.0,0,29.8,1.0,12870.0,3.91,510.0,0.78
F666D60A-75B1-428D-A08C-B318AA253AFC,9BWAH5BZ6KP538191,App2Car,2026-08-12T16:46:03.921225,2026-08-12T16:45:15.909169,13.78,22.0,,75.0,2324.0,28.0,0.619112548828125,8.609646148681641,5.024301910400391,9.987638201320575,-5.843750142398975,-35.19877484874053,,20.0,39.0,,20.0,63.14,,1081.0,,,0,Gasolina,,,0.0,0.7666666666666667,80.0,0.0,0,29.8,1.0,12870.0,3.91,510.0,0.78
F666D60A-75B1-428D-A08C-B318AA253AFC,9BWAH5BZ6KP538191,App2Car,2026-08-12T16:46:04.921941,2026-08-12T16:45:15.909169,13.78,23.0,,75.0,1609.0,30.0,0.3251239013671875,8.662186889648439,5.523364105224609,10.278459918748585,-5.843743813568791,-35.198847007349734,,15.5,39.0,,20.0,63.14,,956.385,,,0,Gasolina,,,0.0,0.7666666666666667,80.0,0.0,0,29.8,1.0,12870.0,3.91,510.0,0.78
F666D60A-75B1-428D-A08C-B318AA253AFC,9BWAH5BZ6KP538191,App2Car,2026-08-12T16:46:05.921087,2026-08-12T16:45:15.909169,13.78,23.0,,67.0,1561.0,30.0,0.6697073364257813,8.976383514404297,5.742957458496094,10.677337181349461,-5.843737214015515,-35.19892383391317,,16.5,39.0,,15.0,63.14,,811.165,,,0,Gasolina,,,0.0,0.8,80.0,0.0,0,29.8,1.0,12870.0,3.91,510.0,0.78
F666D60A-75B1-428D-A08C-B318AA253AFC,9BWAH5BZ6KP538191,App2Car,2026-08-12T16:46:06.921936,2026-08-12T16:45:15.909169,13.78,13.0,,40.0,1462.0,30.0,0.41164398193359375,7.762557678222657,6.248905334472656,9.973744048991657,-5.843730406627473,-35.198999565627275,,20.0,39.0,,15.0,63.14,,658.115,,,0,Gasolina,,,0.0,0.9333333333333333,80.0,0.0,0,29.8,1.0,12870.0,3.91,510.0,0.78
F666D60A-75B1-428D-A08C-B318AA253AFC,9BWAH5BZ6KP538191,App2Car,2026-08-12T16:46:07.921920,2026-08-12T16:45:15.909169,13.78,9.0,,29.0,1387.0,29.0,1.0017169189453126,7.971223754882813,6.043682098388672,10.053354576582537,-5.843721308276321,-35.19907576843924,,1.5,39.0,,13.0,63.14,,510.53000000000003,,,0,Gasolina,,,0.0,0.9666666666666667,80.0,0.0,0,29.8,0.99,12870.0,3.91,510.0,0.78
F666D60A-75B1-428D-A08C-B318AA253AFC,9BWAH5BZ6KP538191,App2Car,2026-08-12T16:46:08.921130,2026-08-12T16:45:15.909169,13.78,7.0,,27.0,1350.0,27.0,0.5117857360839844,7.241341552734375,6.165528717041016,9.524321313546386,-5.843715730561956,-35.19914865621308,,1.5,39.0,,13.0,63.14,,483.66,,,0,Gasolina,,,0.0,0.9333333333333333,80.0,0.0,0,29.8,0.99,12870.0,3.91,510.0,0.78
F666D60A-75B1-428D-A08C-B318AA253AFC,9BWAH5BZ6KP538191,App2Car,2026-08-12T16:46:09.921054,2026-08-12T16:45:15.909169,13.78,6.0,,26.0,1281.0,27.0,1.2585827636718752,7.58023681640625,6.057303771972657,9.784423833408223,-5.843709075139277,-35.19921773440654,,-6.0,39.0,,13.0,63.14,,437.25,,,0,Gasolina,,,0.0,0.8666666666666667,80.0,0.0,0,29.8,0.98,12870.0,3.91,510.0,0.78
F666D60A-75B1-428D-A08C-B318AA253AFC,9BWAH5BZ6KP538191,App2Car,2026-08-12T16:46:10.921032,2026-08-12T16:45:15.909169,13.78,6.0,,27.0,1281.0,26.0,0.6536906433105469,7.199728088378906,5.967191162109375,9.373940813174583,-5.843702859073536,-35.19928450093315,,-4.0,39.0,,13.0,63.14,,437.25,,,0,Gasolina,,,0.0,0.8666666666666667,80.0,0.0,0,29.8,0.99,12870.0,3.91,510.0,0.78
F666D60A-75B1-428D-A08C-B318AA253AFC,9BWAH5BZ6KP538191,App2Car,2026-08-12T16:46:11.921373,2026-08-12T16:45:15.909169,13.78,7.0,,27.0,1189.0,25.0,0.939895477294922,6.795867919921875,7.013215942382812,9.810831878477744,-5.843696515157854,-35.19934862932255,,-3.0,39.0,,13.0,63.14,,398.24,,,0,Gasolina,,,0.0,0.9333333333333333,80.0,0.0,0,29.8,0.99,12870.0,3.91,510.0,0.78
F666D60A-75B1-428D-A08C-B318AA253AFC,9BWAH5BZ6KP538191,App2Car,2026-08-12T16:46:12.921120,2026-08-12T16:45:15.909169,13.78,7.0,,28.0,1082.0,20.0,0.6768923950195312,7.260801086425782,6.923851776123048,10.05570182278688,-5.843690707995571,-35.19940799554933,,-5.5,39.0,,12.0,63.14,,308.07,,,0,Gasolina,,,0.0,0.9666666666666667,80.0,0.0,0,29.8,0.98,12870.0,3.91,510.0,0.78
F666D60A-75B1-428D-A08C-B318AA253AFC,9BWAH5BZ6KP538191,App2Car,2026-08-12T16:46:13.921045,2026-08-12T16:45:15.909169,13.78,6.0,,28.0,974.0,19.0,0.983155517578125,7.630232849121094,6.286776580810547,9.935321226844096,-5.843685663776501,-35.199454749791194,,26.0,39.0,,12.0,63.14,,296.65999999999997,,,0,Gasolina,,,0.0,0.8666666666666667,80.0,0.0,0,29.8,1.0,12870.0,3.91,510.0,0.78
F666D60A-75B1-428D-A08C-B318AA253AFC,9BWAH5BZ6KP538191,App2Car,2026-08-12T16:46:14.921451,2026-08-12T16:45:15.909169,13.78,17.0,,68.0,1322.0,16.0,1.4639556884765625,8.461903381347657,7.978857879638673,11.722164823809548,-5.84368136099212,-35.199500221853924,,-9.0,39.0,,15.0,63.14,,445.32,,,0,Gasolina,,,0.0,0.7,80.0,0.0,0,29.8,0.98,12870.0,3.91,510.0,0.78
F666D60A-75B1-428D-A08C-B318AA253AFC,9BWAH5BZ6KP538191,App2Car,2026-08-12T16:46:15.920961,2026-08-12T16:45:15.909169,13.78,27.0,,76.0,1667.0,19.0,1.2118798828125001,7.986791381835938,5.297633514404297,9.660352492547778,-5.843677291228642,-35.199542924802394,,-9.0,39.0,,21.0,63.14,,735.73,,,0,Gasolina,,,0.0,0.7666666666666667,80.0,0.0,0,29.8,0.98,12870.0,3.91,510.0,0.78
F666D60A-75B1-428D-A08C-B318AA253AFC,9BWAH5BZ6KP538191,App2Car,2026-08-12T16:46:16.921592,2026-08-12T16:45:15.909169,13.78,27.0,,76.0,1667.0,19.0,1.693129119873047,8.489745483398439,4.784799957275391,9.891247404680001,-5.84367320098318,-35.19958689123337,,14.0,39.0,,21.0,63.14,,735.73,,,0,Gasolina,,,0.0,0.9,83.0,0.0,0,29.8,1.0,12870.0,3.13,569.0,-3.91
F666D60A-75B1-428D-A08C-B318AA253AFC,9BWAH5BZ6KP538191,App2Car,2026-08-12T16:46:17.920921,2026-08-12T16:45:15.909169,13.73,27.0,,76.0,1667.0,19.0,1.2801379394531252,8.30308364868164,4.709506530761719,9.63116830837874,-5.843666895026899,-35.19963916241749,,14.0,39.0,,24.0,63.14,,935.4100000000001,,,0,Gasolina,,,0.0,0.9333333333333333,83.0,0.0,0,29.41,0.99,18360.0,3.13,569.0,-3.91
F666D60A-75B1-428D-A08C-B318AA253AFC,9BWAH5BZ6KP538191,App2Car,2026-08-12T16:46:18.920994,2026-08-12T16:45:15.909169,13.73,29.0,,86.0,2052.0,24.0,0.6791377258300781,8.544232177734376,5.020260314941407,9.933184040752128,-5.84366093149539,-35.19969569648653,,16.5,39.0,,24.0,63.14,,976.08,,,0,Gasolina,,,0.0,0.9,83.0,0.0,0,29.41,1.0,18360.0,3.13,569.0,-3.91
F666D60A-75B1-428D-A08C-B318AA253AFC,9BWAH5BZ6KP538191,App2Car,2026-08-12T16:46:19.921210,2026-08-12T16:45:15.909169,13.73,28.0,,82.0,2275.0,27.0,0.7595205688476563,8.431067504882813,4.532724151611328,9.602362157354523,-5.843654045258458,-35.19975726218424,,18.0,39.0,,24.0,63.14,,1157.52,,,0,Gasolina,,,0.0,0.9,83.0,0.0,0,29.41,1.0,18360.0,3.13,569.0,-3.91
F666D60A-75B1-428D-A08C-B318AA253AFC,9BWAH5BZ6KP538191,App2Car,2026-08-12T16:46:20.921136,2026-08-12T16:45:15.909169,13.73,26.0,,75.0,2400.0,29.0,1.5305671691894531,8.747808837890625,5.667214965820313,10.534900132060848,-5.84364598626468,-35.19982537589003,,18.0,39.0,,23.0,63.14,,1212.375,,,0,Gasolina,,,0.0,0.9,83.0,0.0,0,29.41,1.0,18360.0,3.13,569.0,-3.91
F666D60A-75B1-428D-A08C-B318AA253AFC,9BWAH5BZ6KP538191,App2Car,2026-08-12T16:46:21.920957,2026-08-12T16:45:15.909169,13.73,31.0,,89.0,1672.0,29.0,0.6279441833496094,8.071964263916016,5.62111083984375,9.856358762197567,-5.8436380743919685,-35.199898860474356,,15.0,39.0,,24.0,63.14,,1440.0,,,1,Gasolina,,,0.0,0.9666666666666667,83.0,0.0,0,29.41,1.0,18360.0,3.13,569.0,-3.91
F666D60A-75B1-428D-A08C-B318AA253AFC,9BWAH5BZ6KP538191,App2Car,2026-08-12T16:46:22.921112,2026-08-12T16:45:15.909169,13.73,31.0,,89.0,1672.0,31.0,1.1487112426757813,8.125702514648438,4.9476612854003905,9.582584780249196,-5.843630149643501,-35.19997617396265,,14.0,39.0,,24.0,63.14,,1440.0,,,1,Gasolina,,,0.0,0.9666666666666667,83.0,0.0,0,29.41,0.99,18360.0,3.13,569.0,-3.91
F666D60A-75B1-428D-A08C-B318AA253AFC,9BWAH5BZ6KP538191,App2Car,2026-08-12T16:46:23.921216,2026-08-12T16:45:15.909169,13.73,31.0,,89.0,1616.0,32.0,1.0325527954101563,8.239915008544923,5.167554016113281,9.780898687380507,-5.843621655765074,-35.20005533780676,,14.0,39.0,,24.0,63.14,,1440.0,,,1,Gasolina,,,0.0,0.9666666666666667,83.0,0.0,0,29.41,0.99,18360.0,3.13,569.0,-3.91
F666D60A-75B1-428D-A08C-B318AA253AFC,9BWAH5BZ6KP538191,App2Car,2026-08-12T16:46:24.921607,2026-08-12T16:45:15.909169,13.73,31.0,,89.0,1641.0,33.0,1.5006294250488281,8.4256787109375,4.971312103271485,9.897368056175406,-5.843613300629391,-35.200137018085144,,14.0,39.0,,24.0,63.14,,1440.0,,,1,Gasolina,,,0.0,0.9666666666666667,83.0,0.0,0,29.41,1.0,18360.0,3.13,569.0,-3.91
F666D60A-75B1-428D-A08C-B318AA253AFC,9BWAH5BZ6KP538191,App2Car,2026-08-12T16:46:25.920135,2026-08-12T16:45:15.909169,13.73,31.0,,88.0,1695.0,34.0,1.0674302673339844,8.069718933105468,5.956563262939453,10.086645475099315,-5.843605545789441,-35.20022051816395,,14.0,40.0,,24.0,63.14,,1440.0,,,1,Gasolina,,,0.0,0.9666666666666667,83.0,0.0,0,29.41,1.0,18360.0,3.13,569.0,-3.91
F666D60A-75B1-428D-A08C-B318AA253AFC,9BWAH5BZ6KP538191,App2Car,2026-08-12T16:46:26.921448,2026-08-12T16:45:15.909169,13.73,31.0,,88.0,1734.0,35.0,0.19489471435546876,7.86090316772461,6.146817626953125,9.980738925603061,-5.843597004533535,-35.200306073531856,,14.0,40.0,,24.0,63.14,,1440.0,,,1,Gasolina,,,0.0,0.9666666666666667,83.0,0.0,0,29.41,1.0,18360.0,3.13,569.0,-3.91
F666D60A-75B1-428D-A08C-B318AA253AFC,9BWAH5BZ6KP538191,App2Car,2026-08-12T16:46:27.921466,2026-08-12T16:45:15.909169,13.73,31.0,,88.0,1767.0,35.0,0.0748443603515625,7.813302154541016,5.467380523681641,9.536537213641283,-5.84358887501686,-35.20039359126394,,14.0,40.0,,24.0,63.14,,1440.0,,,1,Gasolina,,,0.0,0.9666666666666667,83.0,0.0,0,29.41,1.0,18360.0,3.13,569.0,-3.91
F666D60A-75B1-428D-A08C-B318AA253AFC,9BWAH5BZ6KP538191,App2Car,2026-08-12T16:46:28.921246,2026-08-12T16:45:15.909169,13.73,30.0,,87.0,1761.0,35.0,0.6845265197753907,7.350165252685548,6.08619369506836,9.567406100503504,-5.84357994088249,-35.20048268395052,,15.0,40.0,,24.0,63.14,,1354.2749999999999,,,0,Gasolina,,,0.0,0.9666666666666667,83.0,0.0,0,29.41,1.0,18360.0,3.13,569.0,-3.91
F666D60A-75B1-428D-A08C-B318AA253AFC,9BWAH5BZ6KP538191,App2Car,2026-08-12T16:46:29.921206,2026-08-12T16:45:15.909169,13.73,30.0,,87.0,1761.0,36.0,0.178428955078125,7.4220158386230475,6.883884887695313,10.124526020897054,-5.843570181832816,-35.20057255748655,,15.0,40.0,,24.0,63.14,,1354.2749999999999,,,0,Gasolina,,,0.0,0.9666666666666667,83.0,0.0,0,29.41,1.0,18360.0,3.13,569.0,-3.91
F666D60A-75B1-428D-A08C-B318AA253AFC,9BWAH5BZ6KP538191,App2Car,2026-08-12T16:46:30.921423,2026-08-12T16:45:15.909169,13.73,30.0,,87.0,1779.0,37.0,0.8214916992187501,8.39020248413086,5.93725341796875,10.31122322936433,-5.843561441644684,-35.20066352938317,,15.0,40.0,,24.0,63.14,,1354.2749999999999,,,0,Gasolina,,,0.0,0.9666666666666667,83.0,0.0,0,29.41,1.0,18360.0,3.13,569.0,-3.91
F666D60A-75B1-428D-A08C-B318AA253AFC,9BWAH5BZ6KP538191,App2Car,2026-08-12T16:46:31.921267,2026-08-12T16:45:15.909169,13.73,30.0,,87.0,1793.0,37.0,0.7191046142578126,8.350834350585938,4.504582672119141,9.515503709585161,-5.843551671926793,-35.200756014172114,,15.5,40.0,,24.0,63.14,,1354.2749999999999,,,0,Gasolina,,,0.0,0.9,83.0,0.0,0,29.41,1.0,18360.0,3.13,569.0,-3.91
F666D60A-75B1-428D-A08C-B318AA253AFC,9BWAH5BZ6KP538191,App2Car,2026-08-12T16:46:32.921069,2026-08-12T16:45:15.909169,13.73,30.0,,86.0,1812.0,37.0,0.8354127502441406,8.352181549072267,5.654940490722656,10.121027766267034,-5.843542719358888,-35.200848415100154,,15.5,40.0,,24.0,63.14,,1354.2749999999999,,,0,Gasolina,,,0.0,0.9,83.0,0.0,0,29.41,1.0,18360.0,3.13,569.0,-3.91
F666D60A-75B1-428D-A08C-B318AA253AFC,9BWAH5BZ6KP538191,App2Car,2026-08-12T16:46:33.921093,2026-08-12T16:45:15.909169,13.73,29.0,,86.0,1837.0,37.0,0.7711962890625,8.08932815551758,5.160368957519531,9.626078199435346,-5.8435336951171095,-35.20094281446691,,15.5,40.0,,23.0,63.14,,1356.96,,,0,Gasolina,,,0.0,0.8666666666666667,83.0,0.0,0,29.41,0.99,18360.0,3.13,569.0,-3.91
F666D60A-75B1-428D-A08C-B318AA253AFC,9BWAH5BZ6KP538191,App2Car,2026-08-12T16:46:34.921065,2026-08-12T16:45:15.909169,13.73,29.0,,86.0,1859.0,38.0,1.129102020263672,8.747808837890625,5.3033216857910155,10.291950822823733,-5.843524612718905,-35.201037269202,,15.5,40.0,,24.0,63.14,,1426.765,,,1,Gasolina,,,0.0,0.9,83.0,0.0,0,29.41,0.99,18360.0,3.13,569.0,-3.91
F666D60A-75B1-428D-A08C-B318AA253AFC,9BWAH5BZ6KP538191,App2Car,2026-08-12T16:46:35.921152,2026-08-12T16:45:15.909169,13.73,29.0,,85.0,1867.0,38.0,0.4367916870117188,7.752378845214844,5.73173080444336,9.651057079521502,-5.843515468461087,-35.20113271086435,,15.5,40.0,,23.0,63.14,,1426.765,,,1,Gasolina,,,0.0,0.8666666666666667,83.0,0.0,0,29.41,0.99,18360.0,3.13,569.0,-3.91
F666D60A-75B1-428D-A08C-B318AA253AFC,9BWAH5BZ6KP538191,App2Car,2026-08-12T16:46:36.920921,2026-08-12T16:45:15.909169,13.73,27.0,,83.0,1867.0,38.0,0.7828720092773438,8.011939086914063,5.136418762207032,9.549180813875278,-5.843507663511289,-35.20122876056758,,16.5,40.0,,23.0,63.14,,1354.275,,,0,Gasolina,,,0.0,0.8666666666666667,83.0,0.0,0,29.41,1.0,18360.0,3.13,569.0,-3.91
F666D60A-75B1-428D-A08C-B318AA253AFC,9BWAH5BZ6KP538191,App2Car,2026-08-12T16:46:37.920765,2026-08-12T16:45:15.909169,13.73,27.0,,83.0,1876.0,38.0,1.4916481018066408,8.203840026855469,5.066514129638672,9.756924242387432,-5.8434982051169255,-35.20132560274184,,16.5,40.0,,22.0,63.14,,1354.275,,,0,Gasolina,,,0.0,0.8666666666666667,83.0,0.0,0,29.41,1.0,18360.0,3.13,569.0,-3.91
F666D60A-75B1-428D-A08C-B318AA253AFC,9BWAH5BZ6KP538191,App2Car,2026-08-12T16:46:38.921256,2026-08-12T16:45:15.909169,13.73,27.0,,82.0,1877.0,39.0,0.6664141845703125,8.296946411132813,5.452711029052734,9.950652500261453,-5.843488743982275,-35.20142180821243,,16.5,40.0,,22.0,63.14,,1345.4099999999999,,,0,Gasolina,,,0.0,0.8666666666666667,83.0,0.0,0,29.41,1.0,18360.0,3.13,569.0,-3.91
F666D60A-75B1-428D-A08C-B318AA253AFC,9BWAH5BZ6KP538191,App2Car,2026-08-12T16:46:39.921552,2026-08-12T16:45:15.909169,13.73,26.0,,81.0,1864.0,39.0,0.945883026123047,8.176896057128907,5.396428070068359,9.842650036632394,-5.843479647554007,-35.20151786980227,,16.5,40.0,,22.0,63.14,,1325.0249999999999,,,0,Gasolina,,,0.0,0.8666666666666667,83.0,0.0,0,29.41,1.0,18360.0,3.13,569.0,-3.91
F666D60A-75B1-428D-A08C-B318AA253AFC,9BWAH5BZ6KP538191,App2Car,2026-08-12T16:46:40.920718,2026-08-12T16:45:15.909169,13.73,26.0,,78.0,1848.0,38.0,0.4002676391601563,7.664361877441407,5.754633178710938,9.592625302431903,-5.84347017205164,-35.20161380952605,,17.0,40.0,,21.0,63.14,,1263.3600000000001,,,0,Gasolina,,,0.0,0.9,83.0,0.0,0,29.41,1.0,18360.0,3.13,569.0,-3.91
F666D60A-75B1-428D-A08C-B318AA253AFC,9BWAH5BZ6KP538191,App2Car,2026-08-12T16:46:41.920910,2026-08-12T16:45:15.909169,13.73,22.0,,66.0,1822.0,37.0,0.5200186157226563,7.74115219116211,5.786367187500001,9.678734516247912,-5.843460175122714,-35.20170811386445,,17.0,40.0,,19.0,63.14,,1097.99,,,0,Gasolina,,,0.0,0.8,83.0,0.0,0,29.41,1.0,18360.0,3.13,569.0,-3.91
F666D60A-75B1-428D-A08C-B318AA253AFC,9BWAH5BZ6KP538191,App2Car,2026-08-12T16:46:42.920743,2026-08-12T16:45:15.909169,13.73,20.0,,64.0,1802.0,37.0,1.2066407775878907,8.129744110107422,6.290219421386719,10.349665773886366,-5.843446696450936,-35.201801873973345,,18.0,40.0,,19.0,63.14,,1060.77,,,0,Gasolina,,,0.0,0.8,83.0,0.0,0,29.41,1.0,18360.0,3.13,569.0,-3.91
F666D60A-75B1-428D-A08C-B318AA253AFC,9BWAH5BZ6KP538191,App2Car,2026-08-12T16:46:43.920987,2026-08-12T16:45:15.909169,13.73,20.0,,60.0,1802.0,37.0,1.4630575561523438,8.208330688476563,6.2755499267578125,10.435504635005946,-5.8434283324172425,-35.20189323827793,,18.0,40.0,,19.0,63.14,,1060.77,,,0,Gasolina,,,0.0,0.8,83.0,0.0,0,29.41,1.0,18360.0,3.13,569.0,-3.91
F666D60A-75B1-428D-A08C-B318AA253AFC,9BWAH5BZ6KP538191,App2Car,2026-08-12T16:46:44.921045,2026-08-12T16:45:15.909169,13.73,16.0,,60.0,1787.0,37.0,1.471739501953125,8.32269287109375,5.301375732421875,9.97686415886653,-5.843406689508324,-35.2019831961006,,18.0,40.0,,17.0,63.14,,924.0550000000001,,,0,Gasolina,,,0.0,0.8333333333333334,83.0,0.0,0,29.41,0.99,18360.0,3.13,569.0,-3.91
F666D60A-75B1-428D-A08C-B318AA253AFC,9BWAH5BZ6KP538191,App2Car,2026-08-12T16:46:45.921118,2026-08-12T16:45:15.909169,13.73,16.0,,48.0,1759.0,36.0,1.1121871948242188,8.415948944091797,5.129982147216797,9.91876372420746,-5.843379109476818,-35.202070595961025,,15.0,40.0,,17.0,63.14,,899.34,,,0,Gasolina,,,0.0,0.8666666666666667,83.0,0.0,0,29.41,0.99,18360.0,3.13,569.0,-3.91
F666D60A-75B1-428D-A08C-B318AA253AFC,9BWAH5BZ6KP538191,App2Car,2026-08-12T16:46:46.921184,2026-08-12T16:45:15.909169,13.73,16.0,,47.0,1739.0,36.0,1.169817352294922,8.025710449218751,4.945415954589844,9.499349441742899,-5.843347968619791,-35.20215593790289,,14.0,40.0,,17.0,63.14,,899.34,,,0,Gasolina,,,0.0,0.8666666666666667,83.0,0.0,0,29.41,0.98,18360.0,3.13,569.0,-3.91
F666D60A-75B1-428D-A08C-B318AA253AFC,9BWAH5BZ6KP538191,App2Car,2026-08-12T16:46:47.921146,2026-08-12T16:45:15.909169,13.73,16.0,,47.0,1731.0,36.0,1.3364208984375001,8.261919250488281,5.197042694091797,9.851628458462198,-5.843312281195435,-35.202238099688486,,5.0,40.0,,17.0,63.14,,899.34,,,0,Gasolina,,,0.0,0.8333333333333334,83.0,0.0,0,29.41,0.98,18360.0,3.13,569.0,-3.91
F666D60A-75B1-428D-A08C-B318AA253AFC,9BWAH5BZ6KP538191,App2Car,2026-08-12T16:46:48.920862,2026-08-12T16:45:15.909169,13.73,16.0,,43.0,1741.0,36.0,1.4834152221679688,7.983198852539063,4.952601013183594,9.511058901948186,-5.843272539321932,-35.202317992186906,,5.0,40.0,,17.0,63.14,,899.34,,,0,Gasolina,,,0.0,0.8333333333333334,83.0,0.0,0,29.41,0.98,18360.0,3.13,569.0,-3.91
F666D60A-75B1-428D-A08C-B318AA253AFC,9BWAH5BZ6KP538191,App2Car,2026-08-12T16:46:49.920761,2026-08-12T16:45:15.909169,13.73,7.0,,27.0,1701.0,36.0,1.4708413696289062,7.981701965332031,5.244044952392579,9.662864381781995,-5.8432283743982545,-35.20239640186038,,3.0,40.0,,14.0,63.14,,675.315,,,0,Gasolina,,,0.0,1.0,83.0,0.0,0,29.41,1.0,18360.0,3.13,569.0,-3.91
F666D60A-75B1-428D-A08C-B318AA253AFC,9BWAH5BZ6KP538191,App2Car,2026-08-12T16:46:50.921537,2026-08-12T16:45:15.909169,13.73,8.0,,30.0,1701.0,35.0,1.605561218261719,7.887398071289063,5.592669982910157,9.801368919610402,-5.843180089584129,-35.202472422596784,,-4.5,40.0,,13.0,63.14,,645.2149999999999,,,0,Gasolina,,,0.0,0.9333333333333333,83.0,0.0,0,29.41,0.98,18360.0,3.13,569.0,-3.91
F666D60A-75B1-428D-A08C-B318AA253AFC,9BWAH5BZ6KP538191,App2Car,2026-08-12T16:46:51.920619,2026-08-12T16:45:15.909169,13.73,8.0,,30.0,1651.0,34.0,1.0538085937500001,7.731871490478516,5.507197723388672,9.550998694483903,-5.843129969974949,-35.20254250826537,,-4.5,40.0,,13.0,63.14,,619.71,,,0,Gasolina,,,0.0,0.9333333333333333,83.0,0.0,0,29.41,0.98,18360.0,3.13,569.0,-3.91
F666D60A-75B1-428D-A08C-B318AA253AFC,9BWAH5BZ6KP538191,App2Car,2026-08-12T16:46:52.921549,2026-08-12T16:45:15.909169,13.73,8.0,,30.0,1620.0,33.0,0.7144642639160157,8.487799530029298,4.7364505004882815,9.746135818361774,-5.843076951507968,-35.20260893262211,,-5.5,40.0,,13.0,63.14,,619.71,,,0,Gasolina,,,0.0,0.9333333333333333,83.0,0.0,0,29.41,0.98,18360.0,3.13,569.0,-3.91
F666D60A-75B1-428D-A08C-B318AA253AFC,9BWAH5BZ6KP538191,App2Car,2026-08-12T16:46:53.921227,2026-08-12T16:45:15.909169,13.73,8.0,,26.0,1624.0,33.0,0.61072998046875,8.108787689208985,4.841681671142578,9.464000755620665,-5.843021822723532,-35.20267142610648,,-6.0,40.0,,13.0,63.14,,619.71,,,0,Gasolina,,,0.0,0.9333333333333333,83.0,0.0,0,29.41,0.98,18360.0,3.13,569.0,-3.91
F666D60A-75B1-428D-A08C-B318AA253AFC,9BWAH5BZ6KP538191,App2Car,2026-08-12T16:46:54.921375,2026-08-12T16:45:15.909169,13.73,7.0,,29.0,1596.0,33.0,0.62031005859375,8.456514587402344,5.008584594726563,9.848012143487308,-5.842963491101133,-35.20273120226338,,-6.0,40.0,,13.0,63.14,,584.8000000000001,,,0,Gasolina,,,0.0,0.9333333333333333,83.0,0.0,0,29.41,0.98,18360.0,3.13,569.0,-3.91
F666D60A-75B1-428D-A08C-B318AA253AFC,9BWAH5BZ6KP538191,App2Car,2026-08-12T16:46:55.921266,2026-08-12T16:45:15.909169,13.73,7.0,,27.0,1585.0,32.0,1.3214520263671876,8.273894348144532,4.677173767089844,9.59580729223974,-5.842903249571982,-35.20278824019072,,-6.0,40.0,,13.0,63.14,,584.8000000000001,,,0,Gasolina,,,0.0,0.9333333333333333,83.0,0.0,0,29.41,0.98,18360.0,3.13,569.0,-3.91
F666D60A-75B1-428D-A08C-B318AA253AFC,9BWAH5BZ6KP538191,App2Car,2026-08-12T16:46:56.921155,2026-08-12T16:45:15.909169,13.73,7.0,,27.0,1560.0,32.0,1.5247293090820313,8.539292449951173,5.477559356689453,10.259043401693114,-5.8428405714813545,-35.2028417276198,,-7.0,40.0,,13.0,63.14,,584.8000000000001,,,0,Gasolina,,,0.0,0.9333333333333333,83.0,0.0,0,29.41,0.98,18360.0,3.13,569.0,-3.91
F666D60A-75B1-428D-A08C-B318AA253AFC,9BWAH5BZ6KP538191,App2Car,2026-08-12T16:46:57.921580,2026-08-12T16:45:15.909169,13.73,7.0,,27.0,1560.0,31.0,0.6033952331542969,7.152127075195313,6.619833984375,9.764179918857568,-5.842776162265302,-35.20289260325453,,-8.5,40.0,,13.0,63.14,,584.8000000000001,,,0,Gasolina,,,0.0,0.9333333333333333,83.0,0.0,0,29.41,0.98,18360.0,3.13,569.0,-3.91
F666D60A-75B1-428D-A08C-B318AA253AFC,9BWAH5BZ6KP538191,App2Car,2026-08-12T16:46:58.920980,2026-08-12T16:45:15.909169,13.73,9.0,,27.0,1320.0,27.0,1.1985575866699218,5.7577766418457035,7.5646691894531255,9.58189710296502,-5.842712729857325,-35.202936396400425,,-5.5,40.0,,12.0,63.14,,453.59999999999997,,,0,Gasolina,,,0.0,1.0,83.0,0.0,0,29.41,0.98,18360.0,3.13,569.0,-3.91
F666D60A-75B1-428D-A08C-B318AA253AFC,9BWAH5BZ6KP538191,App2Car,2026-08-12T16:46:59.921610,2026-08-12T16:45:15.909169,13.73,9.0,,31.0,1171.0,18.0,0.8803193664550781,7.000043334960938,6.8021548461914065,9.800248947340682,-5.842660653838802,-35.202969983662975,,1.5,40.0,,12.0,63.14,,453.59999999999997,,,0,Gasolina,,,0.0,1.0,83.0,0.0,0,29.41,0.96,18360.0,3.13,569.0,-3.91
F666D60A-75B1-428D-A08C-B318AA253AFC,9BWAH5BZ6KP538191,App2Car,2026-08-12T16:47:00.921064,2026-08-12T16:45:15.909169,13.73,7.0,,31.0,991.0,16.0,1.5025753784179687,7.5769436645507815,7.946525115966797,11.082196058647188,-5.842624061980742,-35.202989593061226,,21.5,40.0,,12.0,63.14,,296.375,,,0,Gasolina,,,0.0,1.0,83.0,0.0,0,29.41,1.0,18360.0,3.13,569.0,-3.91
F666D60A-75B1-428D-A08C-B318AA253AFC,9BWAH5BZ6KP538191,App2Car,2026-08-12T16:47:01.921135,2026-08-12T16:45:15.909169,13.73,28.0,,76.0,1473.0,16.0,1.5455360412597656,6.731801147460938,6.652915191650391,9.589948325777458,-5.842592706002093,-35.20300652043295,,-1.0,40.0,,20.0,63.14,,658.02,,,0,Gasolina,,,0.0,0.6666666666666666,83.0,0.0,0,29.41,1.0,18360.0,3.13,569.0,-3.91
F666D60A-75B1-428D-A08C-B318AA253AFC,9BWAH5BZ6KP538191,App2Car,2026-08-12T16:47:02.920738,2026-08-12T16:45:15.909169,13.73,23.0,,67.0,1676.0,16.0,0.02365081787109375,7.609276428222657,5.686824188232422,9.499558751339784,-5.842557443753684,-35.203029118974975,,-1.0,40.0,,19.0,63.14,,657.735,,,0,Gasolina,,,0.0,0.7,83.0,0.0,0,29.41,1.0,18360.0,3.13,569.0,-3.91
F666D60A-75B1-428D-A08C-B318AA253AFC,9BWAH5BZ6KP538191,App2Car,2026-08-12T16:47:03.921513,2026-08-12T16:45:15.909169,13.73,23.0,,71.0,1676.0,19.0,-0.7849676513671875,7.043902130126954,4.836442565917969,8.580437525320207,-5.842515657686443,-35.203050865591216,,16.5,40.0,,20.0,63.14,,750.96,,,0,Gasolina,,,0.0,0.8,83.0,0.0,0,29.41,1.0,18360.0,3.13,569.0,-3.91
F666D60A-75B1-428D-A08C-B318AA253AFC,9BWAH5BZ6KP538191,App2Car,2026-08-12T16:47:04.921218,2026-08-12T16:45:15.909169,13.73,25.0,,71.0,1884.0,22.0,0.4028123474121094,8.755592651367188,4.684658203125,9.9382434536496,-5.842467348476949,-35.20307517079172,,18.0,40.0,,21.0,63.14,,936.24,,,0,Gasolina,,,0.0,0.8666666666666667,83.0,0.0,0,29.41,1.0,18360.0,3.13,569.0,-3.91
F666D60A-75B1-428D-A08C-B318AA253AFC,9BWAH5BZ6KP538191,App2Car,2026-08-12T16:47:05.920719,2026-08-12T16:45:15.909169,13.73,25.0,,77.0,2096.0,25.0,-0.048648834228515625,8.636739807128906,4.347858581542969,9.669514747401427,-5.8424142196908,-35.20310175337808,,18.5,40.0,,21.0,63.14,,1049.0,,,0,Gasolina,,,0.0,0.8666666666666667,83.0,0.0,0,29.41,1.0,18360.0,3.13,569.0,-3.91
F666D60A-75B1-428D-A08C-B318AA253AFC,9BWAH5BZ6KP538191,App2Car,2026-08-12T16:47:06.921604,2026-08-12T16:45:15.909169,13.73,23.0,,69.0,2298.0,28.0,0.7587721252441406,8.695118408203125,4.836592254638672,9.978649403017982,-5.84235538720895,-35.20313160097655,,20.0,40.0,,21.0,63.14,,1007.04,,,0,Gasolina,,,0.0,0.7666666666666667,83.0,0.0,0,29.41,1.0,18360.0,3.13,569.0,-3.91
F666D60A-75B1-428D-A08C-B318AA253AFC,9BWAH5BZ6KP538191,App2Car,2026-08-12T16:47:07.921572,2026-08-12T16:45:15.909169,13.73,21.0,,78.0,1636.0,29.0,-0.2613565063476563,7.046297149658203,3.9776783752441407,8.095710963317332,-5.842291954500911,-35.20316425940329,,15.5,40.0,,20.0,63.14,,1053.01,,,0,Gasolina,,,0.0,0.7666666666666667,83.0,0.0,0,29.41,1.0,18360.0,3.13,569.0,-3.91
F666D60A-75B1-428D-A08C-B318AA253AFC,9BWAH5BZ6KP538191,App2Car,2026-08-12T16:47:08.921390,2026-08-12T16:45:15.909169,13.73,27.0,,82.0,1664.0,32.0,0.37556900024414064,8.424630889892578,5.085524597167969,9.847741778361017,-5.842225359862661,-35.20319929035921,,15.5,41.0,,22.0,63.14,,1074.08,,,0,Gasolina,,,0.0,0.9,83.0,0.0,0,29.41,0.99,18360.0,3.13,569.0,-3.91
F666D60A-75B1-428D-A08C-B318AA253AFC,9BWAH5BZ6KP538191,App2Car,2026-08-12T16:47:09.920807,2026-08-12T16:45:15.909169,13.73,27.0,,81.0,1656.0,32.0,0.4505630493164063,8.514444122314453,4.74258773803711,9.756582610033309,-5.842155045333869,-35.20323569060868,,15.5,41.0,,21.0,63.14,,1110.38,,,0,Gasolina,,,0.0,0.8666666666666667,83.0,0.0,0,29.41,0.99,18360.0,3.13,569.0,-3.91
F666D60A-75B1-428D-A08C-B318AA253AFC,9BWAH5BZ6KP538191,App2Car,2026-08-12T16:47:10.920682,2026-08-12T16:45:15.909169,13.73,26.0,,78.0,1656.0,33.0,0.21704864501953125,8.171956329345704,5.188211059570313,9.682226725381195,-5.842080116860497,-35.20327397190856,,15.5,41.0,,21.0,63.14,,1108.02,,,0,Gasolina,,,0.0,0.9,83.0,0.0,0,29.41,1.0,18360.0,3.13,569.0,-3.91
F666D60A-75B1-428D-A08C-B318AA253AFC,9BWAH5BZ6KP538191,App2Car,2026-08-12T16:47:11.921276,2026-08-12T16:45:15.909169,13.73,24.0,,78.0,1722.0,35.0,0.8515791320800782,8.10803924560547,4.62283676147461,9.372091930285034,-5.84200177742708,-35.20331424209998,,16.5,41.0,,21.0,63.14,,1127.4899999999998,,,0,Gasolina,,,0.0,0.8,83.0,0.0,0,29.41,1.0,18360.0,3.13,569.0,-3.91
F666D60A-75B1-428D-A08C-B318AA253AFC,9BWAH5BZ6KP538191,App2Car,2026-08-12T16:47:12.921385,2026-08-12T16:45:15.909169,13.73,24.0,,74.0,1798.0,38.0,0.5266049194335938,8.132588195800782,5.949827270507813,10.090428536614702,-5.841920261070382,-35.20335613551865,,17.0,41.0,,20.0,63.14,,1177.38,,,0,Gasolina,,,0.0,0.8,83.0,0.0,0,29.41,1.0,18360.0,3.13,569.0,-3.91
F666D60A-75B1-428D-A08C-B318AA253AFC,9BWAH5BZ6KP538191,App2Car,2026-08-12T16:47:13.920365,2026-08-12T16:45:15.909169,13.73,23.0,,71.0,1866.0,39.0,0.9857002258300782,7.49446517944336,6.603667602539063,10.037282454226068,-5.841836416510879,-35.203400557332444,,18.5,41.0,,20.0,63.14,,1158.39,,,0,Gasolina,,,0.0,0.8,83.0,0.0,0,29.41,1.0,18360.0,3.13,569.0,-3.91
F666D60A-75B1-428D-A08C-B318AA253AFC,9BWAH5BZ6KP538191,App2Car,2026-08-12T16:47:14.921257,2026-08-12T16:45:15.909169,13.73,22.0,,73.0,1838.0,40.0,0.8396040344238281,7.613467712402344,5.720504150390625,9.560020568861246,-5.841749946441846,-35.203444959866644,,14.0,41.0,,20.0,63.14,,1179.13,,,0,Gasolina,,,0.0,0.8666666666666667,83.0,0.0,0,29.41,1.0,18360.0,3.13,569.0,-3.91
F666D60A-75B1-428D-A08C-B318AA253AFC,9BWAH5BZ6KP538191,App2Car,2026-08-12T16:47:15.920670,2026-08-12T16:45:15.909169,13.73,27.0,,86.0,1497.0,41.0,0.5565426635742188,7.906558227539063,6.293362884521485,10.120761786452466,-5.841660939794571,-35.20349084231836,,14.0,41.0,,22.0,63.14,,1352.73,,,0,Gasolina,,,0.0,0.9666666666666667,83.0,0.0,0,29.41,1.0,18360.0,3.13,569.0,-3.91
F666D60A-75B1-428D-A08C-B318AA253AFC,9BWAH5BZ6KP538191,App2Car,2026-08-12T16:47:16.921486,2026-08-12T16:45:15.909169,13.73,27.0,,86.0,1497.0,41.0,0.43065444946289066,7.972421264648438,5.812712402343751,9.875858927112196,-5.8415699963883325,-35.20353778720569,,14.0,41.0,,22.0,63.14,,1352.73,,,0,Gasolina,,,0.0,0.9666666666666667,86.0,0.0,0,29.41,1.0,18770.0,3.13,629.0,-1.56
F666D60A-75B1-428D-A08C-B318AA253AFC,9BWAH5BZ6KP538191,App2Car,2026-08-12T16:47:17.921452,2026-08-12T16:45:15.909169,13.73,27.0,,86.0,1497.0,41.0,0.767603759765625,7.9468244934082035,6.0219772338867195,10.00027223961872,-5.841475646418535,-35.20358605878191,,14.0,41.0,,22.0,63.14,,1352.73,,,0,Gasolina,,,0.0,0.9666666666666667,86.0,0.0,0,29.41,1.0,18770.0,3.13,629.0,-1.56
F666D60A-75B1-428D-A08C-B318AA253AFC,9BWAH5BZ6KP538191,App2Car,2026-08-12T16:47:18.921435,2026-08-12T16:45:15.909169,13.73,27.0,,84.0,1573.0,45.0,1.1370355224609376,7.795938262939454,5.569318542480469,9.648150714334754,-5.8413786005712875,-35.20363615149514,,15.0,41.0,,22.0,63.14,,1352.73,,,0,Gasolina,,,0.0,0.9666666666666667,86.0,0.0,0,29.41,1.0,18770.0,3.13,629.0,-1.56
F666D60A-75B1-428D-A08C-B318AA253AFC,9BWAH5BZ6KP538191,App2Car,2026-08-12T16:47:19.920523,2026-08-12T16:45:15.909169,13.73,27.0,,83.0,1622.0,45.0,1.04662353515625,8.076903991699218,4.721631317138672,9.414117123259855,-5.841278889541556,-35.20368742630725,,15.0,41.0,,22.0,63.14,,1352.73,,,0,Gasolina,,,0.0,0.9333333333333333,86.0,0.0,0,29.41,1.0,18770.0,3.13,629.0,-1.56
F666D60A-75B1-428D-A08C-B318AA253AFC,9BWAH5BZ6KP538191,App2Car,2026-08-12T16:47:20.920671,2026-08-12T16:45:15.909169,13.73,27.0,,81.0,1668.0,47.0,1.0996133422851564,7.994724884033204,5.966592407226563,10.036184555292163,-5.841176348321974,-35.20373979721769,,15.5,41.0,,21.0,63.14,,1339.92,,,0,Gasolina,,,0.0,0.8666666666666667,86.0,0.0,0,29.41,1.0,18770.0,3.13,629.0,-1.56
F666D60A-75B1-428D-A08C-B318AA253AFC,9BWAH5BZ6KP538191,App2Car,2026-08-12T16:47:21.921302,2026-08-12T16:45:15.909169,13.73,25.0,,79.0,1715.0,48.0,0.9380992126464844,7.9028160095214846,5.390141143798829,9.611875600692613,-5.841072246631059,-35.20379442081751,,15.5,41.0,,21.0,63.14,,1356.48,,,0,Gasolina,,,0.0,0.8333333333333334,86.0,0.0,0,29.41,1.0,18770.0,3.13,629.0,-1.56
F666D60A-75B1-428D-A08C-B318AA253AFC,9BWAH5BZ6KP538191,App2Car,2026-08-12T16:47:22.920621,2026-08-12T16:45:15.909169,13.73,25.0,,76.0,1747.0,48.0,1.2049942016601562,8.031697998046875,5.295687561035156,9.695591292023774,-5.840964666215381,-35.20384978790258,,16.5,41.0,,20.0,63.14,,1355.975,,,0,Gasolina,,,0.0,0.8333333333333334,86.0,0.0,0,29.41,1.0,18770.0,3.13,629.0,-1.56
F666D60A-75B1-428D-A08C-B318AA253AFC,9BWAH5BZ6KP538191,App2Car,2026-08-12T16:47:23.920816,2026-08-12T16:45:15.909169,13.73,24.0,,74.0,1747.0,49.0,1.2600796508789063,7.689210205078125,4.6990283203125,9.099045085036979,-5.840856247747366,-35.203906489689125,,17.0,41.0,,20.0,63.14,,1367.6549999999997,,,0,Gasolina,,,0.0,0.7666666666666667,86.0,0.0,0,29.41,1.0,18770.0,3.13,629.0,-1.56
F666D60A-75B1-428D-A08C-B318AA253AFC,9BWAH5BZ6KP538191,App2Car,2026-08-12T16:47:24.921024,2026-08-12T16:45:15.909169,13.73,24.0,,74.0,1775.0,50.0,1.0843450927734375,7.961194610595704,6.690037994384766,10.455287287985522,-5.840745671749875,-35.203964218870276,,17.0,41.0,,20.0,63.14,,1367.6549999999997,,,0,Gasolina,,,0.0,0.6666666666666666,86.0,0.0,0,29.41,1.0,18770.0,3.13,629.0,-1.56
F666D60A-75B1-428D-A08C-B318AA253AFC,9BWAH5BZ6KP538191,App2Car,2026-08-12T16:47:25.921370,2026-08-12T16:45:15.909169,13.73,24.0,,73.0,1794.0,50.0,1.45856689453125,7.709418182373048,5.819598083496094,9.768841689266853,-5.840634526352636,-35.204022429429095,,17.0,41.0,,20.0,63.14,,1367.6549999999997,,,0,Gasolina,,,0.0,0.6666666666666666,86.0,0.0,0,29.41,1.0,18770.0,3.13,629.0,-1.56
F666D60A-75B1-428D-A08C-B318AA253AFC,9BWAH5BZ6KP538191,App2Car,2026-08-12T16:47:26.921185,2026-08-12T16:45:15.909169,13.73,25.0,,72.0,1815.0,51.0,1.3308824157714845,8.264164581298829,6.57911865234375,10.646711533286757,-5.840521728106809,-35.204080625064584,,18.0,41.0,,20.0,63.14,,1422.75,,,0,Gasolina,,,0.0,0.7666666666666667,86.0,0.0,0,29.41,1.0,18770.0,3.13,629.0,-1.56
F666D60A-75B1-428D-A08C-B318AA253AFC,9BWAH5BZ6KP538191,App2Car,2026-08-12T16:47:27.921055,2026-08-12T16:45:15.909169,13.73,24.0,,72.0,1826.0,51.0,1.0671308898925782,8.466992797851564,5.107379150390625,9.94555464320005,-5.8404083187961975,-35.204139062692896,,17.0,41.0,,20.0,63.14,,1430.625,,,0,Gasolina,,,0.0,0.6666666666666666,86.0,0.0,0,29.41,1.0,18770.0,3.13,629.0,-1.56
F666D60A-75B1-428D-A08C-B318AA253AFC,9BWAH5BZ6KP538191,App2Car,2026-08-12T16:47:28.920688,2026-08-12T16:45:15.909169,13.73,22.0,,69.0,1832.0,51.0,1.6167878723144533,8.066575469970704,5.873635711669922,10.108572565412013,-5.840293716889738,-35.204197785262956,,17.0,41.0,,20.0,63.14,,1396.4900000000002,,,0,Gasolina,,,0.0,0.6666666666666666,86.0,0.0,0,29.41,1.0,18770.0,3.13,629.0,-1.56
F666D60A-75B1-428D-A08C-B318AA253AFC,9BWAH5BZ6KP538191,App2Car,2026-08-12T16:47:29.921460,2026-08-12T16:45:15.909169,13.73,24.0,,72.0,1832.0,52.0,0.9142987060546875,7.764803009033203,4.886588287353516,9.219916104991679,-5.840178474298291,-35.20425618413167,,18.0,41.0,,20.0,63.14,,1456.1599999999999,,,0,Gasolina,,,0.0,0.6666666666666666,86.0,0.0,0,29.41,1.0,18770.0,3.13,629.0,-1.56
F666D60A-75B1-428D-A08C-B318AA253AFC,9BWAH5BZ6KP538191,App2Car,2026-08-12T16:47:30.921039,2026-08-12T16:45:15.909169,13.73,22.0,,69.0,1848.0,52.0,0.9541159057617188,7.962392120361328,5.532046051025391,9.742359003377226,-5.84006316841151,-35.2043153850447,,17.0,41.0,,20.0,63.14,,1423.76,,,0,Gasolina,,,0.0,0.6666666666666666,86.0,0.0,0,29.41,1.0,18770.0,3.13,629.0,-1.56
F666D60A-75B1-428D-A08C-B318AA253AFC,9BWAH5BZ6KP538191,App2Car,2026-08-12T16:47:31.920566,2026-08-12T16:45:15.909169,13.73,22.0,,69.0,1864.0,53.0,1.2403207397460938,8.218659210205079,5.294789428710938,9.85492515675904,-5.839946707413281,-35.204374938948575,,18.0,41.0,,20.0,63.14,,1423.76,,,0,Gasolina,,,0.0,0.6666666666666666,86.0,0.0,0,29.41,1.0,18770.0,3.13,629.0,-1.56
F666D60A-75B1-428D-A08C-B318AA253AFC,9BWAH5BZ6KP538191,App2Car,2026-08-12T16:47:32.921254,2026-08-12T16:45:15.909169,13.73,22.0,,69.0,1859.0,53.0,1.8651214599609376,8.659941558837891,5.366340637207031,10.357165524284818,-5.839829852476369,-35.2044359062688,,14.0,41.0,,20.0,63.14,,1423.76,,,0,Gasolina,,,0.0,0.7333333333333333,86.0,0.0,0,29.41,1.0,18770.0,3.13,629.0,-1.56
F666D60A-75B1-428D-A08C-B318AA253AFC,9BWAH5BZ6KP538191,App2Car,2026-08-12T16:47:33.921321,2026-08-12T16:45:15.909169,13.73,26.0,,84.0,1445.0,53.0,1.5133529663085938,8.132438507080078,5.732179870605469,10.06402898152864,-5.839712506540111,-35.20449677281336,,14.0,41.0,,21.0,63.14,,1563.805,,,0,Gasolina,,,0.0,0.8,86.0,0.0,0,29.41,1.0,18770.0,3.13,629.0,-1.56
F666D60A-75B1-428D-A08C-B318AA253AFC,9BWAH5BZ6KP538191,App2Car,2026-08-12T16:47:34.921860,2026-08-12T16:45:15.909169,13.73,26.0,,86.0,1395.0,53.0,1.6429833984375002,8.344397735595704,5.610333251953126,10.188434973798817,-5.839595361242096,-35.204557915172785,,14.0,41.0,,22.0,63.14,,1563.805,,,0,Gasolina,,,0.0,0.6,86.0,0.0,0,29.41,1.0,18770.0,3.13,629.0,-1.56
F666D60A-75B1-428D-A08C-B318AA253AFC,9BWAH5BZ6KP538191,App2Car,2026-08-12T16:47:35.920839,2026-08-12T16:45:15.909169,13.73,27.0,,86.0,1394.0,53.0,1.4464421081542969,8.238717498779298,5.683980102539063,10.11317411117766,-5.839478923088958,-35.20461926657878,,13.5,41.0,,22.0,63.14,,1438.0,,,0,Gasolina,,,0.0,0.6,86.0,0.0,0,29.41,1.0,18770.0,3.13,629.0,-1.56
F666D60A-75B1-428D-A08C-B318AA253AFC,9BWAH5BZ6KP538191,App2Car,2026-08-12T16:47:36.920486,2026-08-12T16:45:15.909169,13.73,28.0,,87.0,1394.0,52.0,1.350641326904297,8.18662582397461,6.155948638916016,10.331542867388283,-5.839362077262447,-35.204680301798625,,13.5,42.0,,22.0,63.14,,1437.6000000000001,,,0,Gasolina,,,0.0,0.5666666666666667,86.0,0.0,0,29.41,1.0,18770.0,3.13,629.0,-1.56
F666D60A-75B1-428D-A08C-B318AA253AFC,9BWAH5BZ6KP538191,App2Car,2026-08-12T16:47:37.920215,2026-08-12T16:45:15.909169,13.73,28.0,,87.0,1388.0,52.0,1.0738668823242188,8.051307220458984,5.630241851806641,9.883135198356987,-5.839245724220754,-35.204740744693275,,12.5,42.0,,22.0,63.14,,1437.6000000000001,,,0,Gasolina,,,0.0,0.6,86.0,0.0,0,29.41,1.0,18770.0,3.13,629.0,-1.56
F666D60A-75B1-428D-A08C-B318AA253AFC,9BWAH5BZ6KP538191,App2Car,2026-08-12T16:47:38.921231,2026-08-12T16:45:15.909169,13.73,28.0,,87.0,1370.0,51.0,1.8083894348144531,8.706195373535156,5.5518049621582035,10.482874060483505,-5.839130814596745,-35.20479988175893,,12.5,42.0,,22.0,63.14,,1437.6000000000001,,,0,Gasolina,,,0.0,0.6,86.0,0.0,0,29.41,1.0,18770.0,3.13,629.0,-1.56
F666D60A-75B1-428D-A08C-B318AA253AFC,9BWAH5BZ6KP538191,App2Car,2026-08-12T16:47:39.920674,2026-08-12T16:45:15.909169,13.73,28.0,,85.0,1719.0,49.0,0.9325607299804688,7.802973632812501,5.233417053222657,9.441648218527872,-5.839017073134399,-35.204859456962645,,16.5,42.0,,22.0,63.14,,1437.6000000000001,,,0,Gasolina,,,0.0,0.8333333333333334,86.0,0.0,0,29.41,1.0,18770.0,3.13,629.0,-1.56
F666D60A-75B1-428D-A08C-B318AA253AFC,9BWAH5BZ6KP538191,App2Car,2026-08-12T16:47:40.920400,2026-08-12T16:45:15.909169,13.73,24.0,,72.0,1716.0,47.0,1.3976435852050781,7.953261108398438,5.026397552490234,9.511700279408927,-5.838908555197836,-35.2049163204187,,18.0,42.0,,20.0,63.14,,1357.435,,,0,Gasolina,,,0.0,0.7666666666666667,86.0,0.0,0,29.41,1.0,18770.0,3.13,629.0,-1.56
F666D60A-75B1-428D-A08C-B318AA253AFC,9BWAH5BZ6KP538191,App2Car,2026-08-12T16:47:41.921163,2026-08-12T16:45:15.909169,13.73,19.0,,58.0,2203.0,44.0,1.9523899841308594,7.948770446777345,5.202431488037109,9.698457179026745,-5.83880305070407,-35.20497251360597,,18.0,42.0,,20.0,63.14,,1226.28,,,0,Gasolina,,,0.0,0.8,86.0,0.0,0,29.41,1.0,18770.0,3.13,629.0,-1.56
F666D60A-75B1-428D-A08C-B318AA253AFC,9BWAH5BZ6KP538191,App2Car,2026-08-12T16:47:42.920713,2026-08-12T16:45:15.909169,13.73,8.0,,28.0,2072.0,44.0,1.550625457763672,7.652985534667969,5.986351318359375,9.839157942167866,-5.838703169247003,-35.205025693444924,,-3.0,42.0,,15.0,63.14,,962.7800000000001,,,0,Gasolina,,,0.0,0.9666666666666667,86.0,0.0,0,29.41,1.0,18770.0,3.13,629.0,-1.56
F666D60A-75B1-428D-A08C-B318AA253AFC,9BWAH5BZ6KP538191,App2Car,2026-08-12T16:47:43.920416,2026-08-12T16:45:15.909169,13.73,8.0,,30.0,2072.0,42.0,1.359023895263672,7.749235382080078,6.0324554443359375,9.914036193331034,-5.8386068693039315,-35.20507578436177,,-4.5,42.0,,15.0,63.14,,962.7800000000001,,,0,Gasolina,,,0.0,0.9666666666666667,86.0,0.0,0,29.41,0.99,18770.0,3.13,629.0,-1.56
F666D60A-75B1-428D-A08C-B318AA253AFC,9BWAH5BZ6KP538191,App2Car,2026-08-12T16:47:44.920699,2026-08-12T16:45:15.909169,13.73,7.0,,30.0,1949.0,39.0,1.2840298461914064,6.575077056884766,6.53361328125,9.35780281149422,-5.838515711407937,-35.20512367715883,,-4.0,42.0,,14.0,63.14,,770.27,,,0,Gasolina,,,0.0,0.9666666666666667,86.0,0.0,0,29.41,1.0,18770.0,3.13,629.0,-1.56
F666D60A-75B1-428D-A08C-B318AA253AFC,9BWAH5BZ6KP538191,App2Car,2026-08-12T16:47:45.920566,2026-08-12T16:45:15.909169,13.73,7.0,,27.0,1849.0,37.0,3.8405635070800783,6.5433430480957036,6.830895080566407,10.209132867128528,-5.838429191573717,-35.20516912253373,,-3.0,42.0,,13.0,63.14,,692.7800000000001,,,0,Gasolina,,,0.0,0.9333333333333333,86.0,0.0,0,29.41,0.99,18770.0,3.13,629.0,-1.56
F666D60A-75B1-428D-A08C-B318AA253AFC,9BWAH5BZ6KP538191,App2Car,2026-08-12T16:47:46.920455,2026-08-12T16:45:15.909169,13.73,7.0,,27.0,1757.0,35.0,3.1485525512695314,6.9623217773437505,8.381370849609375,11.34172319438553,-5.838344972672371,-35.20521223124927,,-3.0,42.0,,13.0,63.14,,692.7800000000001,,,0,Gasolina,,,0.0,0.9333333333333333,86.0,0.0,0,29.41,0.99,18770.0,3.13,629.0,-1.56
F666D60A-75B1-428D-A08C-B318AA253AFC,9BWAH5BZ6KP538191,App2Car,2026-08-12T16:47:47.920759,2026-08-12T16:45:15.909169,13.73,7.0,,27.0,1679.0,34.0,2.7993287658691406,7.0204010009765625,5.795797576904297,9.524365664252128,-5.8382655276570325,-35.20525521011844,,-4.5,42.0,,13.0,63.14,,692.7800000000001,,,0,Gasolina,,,0.0,0.9333333333333333,86.0,0.0,0,29.41,0.98,18770.0,3.13,629.0,-1.56
F666D60A-75B1-428D-A08C-B318AA253AFC,9BWAH5BZ6KP538191,App2Car,2026-08-12T16:47:48.920524,2026-08-12T16:45:15.909169,13.73,7.0,,27.0,1477.0,29.0,3.4217344665527345,6.577921142578125,5.548960876464844,9.261116570160896,-5.838187755801059,-35.205292765107416,,-4.5,42.0,,13.0,63.14,,692.7800000000001,,,0,Gasolina,,,0.0,0.9666666666666667,86.0,0.0,0,29.41,0.98,18770.0,3.13,629.0,-1.56
F666D60A-75B1-428D-A08C-B318AA253AFC,9BWAH5BZ6KP538191,App2Car,2026-08-12T16:47:49.920681,2026-08-12T16:45:15.909169,13.73,6.0,,26.0,1197.0,29.0,3.281027069091797,6.913223876953126,5.174739074707031,9.237733893779778,-5.838115277447878,-35.20532438953196,,-10.0,42.0,,13.0,63.14,,485.97499999999997,,,0,Gasolina,,,0.0,0.8666666666666667,86.0,0.0,0,29.41,0.99,18770.0,3.13,629.0,-1.56
F666D60A-75B1-428D-A08C-B318AA253AFC,9BWAH5BZ6KP538191,App2Car,2026-08-12T16:47:50.921360,2026-08-12T16:45:15.909169,13.73,7.0,,27.0,1197.0,23.0,3.320694580078125,8.263416137695312,4.8368916320800786,10.134425460743683,-5.838052495181503,-35.20534247007255,,-5.5,42.0,,13.0,63.14,,374.54999999999995,,,0,Gasolina,,,0.0,0.9333333333333333,86.0,0.0,0,29.41,0.99,18770.0,3.13,629.0,-1.56
F666D60A-75B1-428D-A08C-B318AA253AFC,9BWAH5BZ6KP538191,App2Car,2026-08-12T16:47:51.920559,2026-08-12T16:45:15.909169,13.73,23.0,,27.0,1210.0,19.0,3.8408628845214845,8.012388153076172,5.209616546630859,10.30003379490476,-5.83800249966435,-35.20535259475408,,20.0,42.0,,20.0,63.14,,674.1,,,0,Gasolina,,,0.0,0.6666666666666666,86.0,0.0,0,29.41,1.0,18770.0,3.13,629.0,-1.56
F666D60A-75B1-428D-A08C-B318AA253AFC,9BWAH5BZ6KP538191,App2Car,2026-08-12T16:47:52.920442,2026-08-12T16:45:15.909169,13.73,23.0,,64.0,1540.0,18.0,1.8901194763183595,7.299720153808594,4.337080993652344,8.69877793165096,-5.837956875680472,-35.20535745253319,,0.0,42.0,,21.0,63.14,,746.2,,,0,Gasolina,,,0.0,0.7666666666666667,86.0,0.0,0,29.41,0.99,18770.0,3.13,629.0,-1.56
F666D60A-75B1-428D-A08C-B318AA253AFC,9BWAH5BZ6KP538191,App2Car,2026-08-12T16:47:53.921358,2026-08-12T16:45:15.909169,13.73,25.0,,73.0,1789.0,20.0,2.7572662353515627,7.777227172851563,4.964725799560547,9.629967905220278,-5.837911141800902,-35.205355389807096,,16.5,42.0,,21.0,63.14,,782.6,,,0,Gasolina,,,0.0,0.8666666666666667,86.0,0.0,0,29.41,1.0,18770.0,3.13,629.0,-1.56
F666D60A-75B1-428D-A08C-B318AA253AFC,9BWAH5BZ6KP538191,App2Car,2026-08-12T16:47:54.920553,2026-08-12T16:45:15.909169,13.73,25.0,,78.0,1929.0,23.0,3.0097911071777346,7.925269317626953,4.462969207763672,9.580544369461062,-5.837858344466549,-35.20534854172113,,17.0,42.0,,22.0,63.14,,897.525,,,0,Gasolina,,,0.0,0.8666666666666667,86.0,0.0,0,29.41,1.0,18770.0,3.13,629.0,-1.56
F666D60A-75B1-428D-A08C-B318AA253AFC,9BWAH5BZ6KP538191,App2Car,2026-08-12T16:47:55.920073,2026-08-12T16:45:15.909169,13.73,25.0,,77.0,2091.0,25.0,2.2734722900390625,8.110733642578126,4.836592254638672,9.713150936336513,-5.837801910954187,-35.205333058386636,,17.0,42.0,,22.0,63.14,,897.525,,,0,Gasolina,,,0.0,0.8666666666666667,86.0,0.0,0,29.41,1.0,18770.0,3.13,629.0,-1.56
F666D60A-75B1-428D-A08C-B318AA253AFC,9BWAH5BZ6KP538191,App2Car,2026-08-12T16:47:56.919562,2026-08-12T16:45:15.909169,13.73,16.0,,38.0,2071.0,25.0,1.1888278198242188,8.064779205322266,5.232967987060547,9.686997944120096,-5.837744231466753,-35.205313347882495,,20.0,42.0,,18.0,63.14,,797.655,,,0,Gasolina,,,0.0,0.9,86.0,0.0,0,29.41,0.99,18770.0,3.13,629.0,-1.56
F666D60A-75B1-428D-A08C-B318AA253AFC,9BWAH5BZ6KP538191,App2Car,2026-08-12T16:47:57.920561,2026-08-12T16:45:15.909169,13.73,11.0,,33.0,2071.0,26.0,2.369273071289063,7.364235992431641,6.095624084472656,9.848962362490997,-5.837680707737734,-35.20529510859903,,10.5,42.0,,16.0,63.14,,679.135,,,0,Gasolina,,,0.0,0.8666666666666667,86.0,0.0,0,29.41,0.99,18770.0,3.13,629.0,-1.56
F666D60A-75B1-428D-A08C-B318AA253AFC,9BWAH5BZ6KP538191,App2Car,2026-08-12T16:47:58.920565,2026-08-12T16:45:15.909169,13.73,11.0,,33.0,2050.0,26.0,1.5741265869140626,7.296127624511719,6.369255065917969,9.81217421979015,-5.8376152136355435,-35.205290147234976,,10.5,42.0,,16.0,63.14,,679.135,,,0,Gasolina,,,0.0,0.8666666666666667,86.0,0.0,0,29.41,0.99,18770.0,3.13,629.0,-1.56
F666D60A-75B1-428D-A08C-B318AA253AFC,9BWAH5BZ6KP538191,App2Car,2026-08-12T16:47:59.920688,2026-08-12T16:45:15.909169,13.73,11.0,,33.0,2031.0,26.0,1.4769786071777344,7.181915130615235,7.533084869384766,10.512313655840678,-5.837550753397602,-35.20529678441004,,4.5,42.0,,16.0,63.14,,679.135,,,0,Gasolina,,,0.0,0.8666666666666667,86.0,0.0,0,29.41,0.97,18770.0,3.13,629.0,-1.56
F666D60A-75B1-428D-A08C-B318AA253AFC,9BWAH5BZ6KP538191,App2Car,2026-08-12T16:48:00.919680,2026-08-12T16:45:15.909169,13.73,13.0,,39.0,2030.0,25.0,1.695524139404297,7.428452453613281,7.395970001220704,10.618713680189915,-5.837490030540192,-35.205317630948116,,9.0,42.0,,16.0,63.14,,708.045,,,0,Gasolina,,,0.0,0.8666666666666667,86.0,0.0,0,29.41,0.99,18770.0,3.13,629.0,-1.56
F666D60A-75B1-428D-A08C-B318AA253AFC,9BWAH5BZ6KP538191,App2Car,2026-08-12T16:48:01.920786,2026-08-12T16:45:15.909169,13.73,13.0,,40.0,2031.0,25.0,1.3742921447753906,7.277266845703125,6.888674926757813,10.114402300151156,-5.837437293206371,-35.20534929823554,,9.0,42.0,,17.0,63.14,,708.7,,,0,Gasolina,,,0.0,0.9,86.0,0.0,0,29.41,0.99,18770.0,3.13,629.0,-1.56
F666D60A-75B1-428D-A08C-B318AA253AFC,9BWAH5BZ6KP538191,App2Car,2026-08-12T16:48:02.920421,2026-08-12T16:45:15.909169,13.73,13.0,,39.0,2035.0,25.0,0.8364605712890626,7.467371520996094,6.757397918701172,10.105628647024968,-5.837398228716463,-35.205401712460365,,9.0,42.0,,16.0,63.14,,708.7,,,0,Gasolina,,,0.0,0.8666666666666667,86.0,0.0,0,29.41,0.99,18770.0,3.13,629.0,-1.56
F666D60A-75B1-428D-A08C-B318AA253AFC,9BWAH5BZ6KP538191,App2Car,2026-08-12T16:48:03.920645,2026-08-12T16:45:15.909169,13.73,13.0,,39.0,2030.0,25.0,1.04662353515625,7.131769409179688,7.713010711669923,10.556897743579272,-5.837372180369111,-35.20546017034664,,9.5,42.0,,16.0,63.14,,708.7,,,0,Gasolina,,,0.0,0.8666666666666667,86.0,0.0,0,29.41,0.99,18770.0,3.13,629.0,-1.56
F666D60A-75B1-428D-A08C-B318AA253AFC,9BWAH5BZ6KP538191,App2Car,2026-08-12T16:48:04.920397,2026-08-12T16:45:15.909169,13.73,13.0,,40.0,2030.0,26.0,1.1602372741699218,7.265142059326172,7.2000274658203125,10.29411653242425,-5.837361343955488,-35.205522216780395,,9.0,42.0,,16.0,63.14,,707.8500000000001,,,0,Gasolina,,,0.0,0.8666666666666667,86.0,0.0,0,29.41,0.99,18770.0,3.13,629.0,-1.56
F666D60A-75B1-428D-A08C-B318AA253AFC,9BWAH5BZ6KP538191,App2Car,2026-08-12T16:48:05.920463,2026-08-12T16:45:15.909169,13.73,13.0,,40.0,2037.0,25.0,1.0006690979003907,6.6136967468261725,7.716902618408204,10.212389990813476,-5.837364949613189,-35.20558706386698,,9.5,42.0,,16.0,63.14,,707.8500000000001,,,0,Gasolina,,,0.0,0.8666666666666667,86.0,0.0,0,29.41,0.99,18770.0,3.13,629.0,-1.56
F666D60A-75B1-428D-A08C-B318AA253AFC,9BWAH5BZ6KP538191,App2Car,2026-08-12T16:48:06.920754,2026-08-12T16:45:15.909169,13.73,13.0,,40.0,2048.0,26.0,1.0077044677734375,7.3410342407226565,6.6330065917968755,9.945000174190739,-5.837383872101242,-35.205648595347405,,9.5,42.0,,16.0,63.14,,707.8500000000001,,,0,Gasolina,,,0.0,0.8666666666666667,86.0,0.0,0,29.41,0.99,18770.0,3.13,629.0,-1.56
F666D60A-75B1-428D-A08C-B318AA253AFC,9BWAH5BZ6KP538191,App2Car,2026-08-12T16:48:07.920169,2026-08-12T16:45:15.909169,13.73,13.0,,41.0,2024.0,25.0,2.5005500793457034,7.664960632324219,6.221661987304688,10.18398007061424,-5.837417313050681,-35.20570271998548,,9.0,42.0,,16.0,63.14,,707.8500000000001,,,0,Gasolina,,,0.0,0.8666666666666667,86.0,0.0,0,29.41,0.99,18770.0,3.13,629.0,-1.56
F666D60A-75B1-428D-A08C-B318AA253AFC,9BWAH5BZ6KP538191,App2Car,2026-08-12T16:48:08.919421,2026-08-12T16:45:15.909169,13.73,14.0,,45.0,2036.0,25.0,3.051404571533203,7.997718658447266,5.977519683837891,10.440561056261235,-5.837464715759046,-35.20574749434669,,9.0,42.0,,16.0,63.14,,706.68,,,0,Gasolina,,,0.0,0.8666666666666667,86.0,0.0,0,29.41,0.99,18770.0,3.13,629.0,-1.56
F666D60A-75B1-428D-A08C-B318AA253AFC,9BWAH5BZ6KP538191,App2Car,2026-08-12T16:48:09.920354,2026-08-12T16:45:15.909169,13.73,15.0,,43.0,2035.0,25.0,3.2715966796875002,7.998467102050782,5.10663070678711,10.037753632792146,-5.837518676847007,-35.205782944079026,,9.0,42.0,,17.0,63.14,,747.2,,,0,Gasolina,,,0.0,0.9,86.0,0.0,0,29.41,0.99,18770.0,3.13,629.0,-1.56
F666D60A-75B1-428D-A08C-B318AA253AFC,9BWAH5BZ6KP538191,App2Car,2026-08-12T16:48:10.920883,2026-08-12T16:45:15.909169,13.73,15.0,,43.0,2027.0,25.0,2.6229954528808594,8.4065185546875,5.024900665283203,10.13899827656078,-5.837573865464986,-35.205814168164906,,9.0,42.0,,16.0,63.14,,747.2,,,0,Gasolina,,,0.0,0.8666666666666667,86.0,0.0,0,29.41,0.99,18770.0,3.13,629.0,-1.56
F666D60A-75B1-428D-A08C-B318AA253AFC,9BWAH5BZ6KP538191,App2Car,2026-08-12T16:48:11.920812,2026-08-12T16:45:15.909169,13.73,11.0,,36.0,2027.0,25.0,5.920188903808594,4.497247924804688,5.826932830810547,9.446005598596493,-5.837625987734994,-35.205848989511786,,9.5,42.0,,16.0,63.14,,652.86,,,0,Gasolina,,,0.0,0.8666666666666667,86.0,0.0,0,29.41,0.99,18770.0,3.13,629.0,-1.56
F666D60A-75B1-428D-A08C-B318AA253AFC,9BWAH5BZ6KP538191,App2Car,2026-08-12T16:48:12.920511,2026-08-12T16:45:15.909169,13.73,11.0,,36.0,2001.0,25.0,5.6785913085937505,2.156266021728516,6.90289535522461,9.194881548539867,-5.837681356288013,-35.20587382532927,,7.5,42.0,,15.0,63.14,,652.86,,,0,Gasolina,,,0.0,0.9333333333333333,86.0,0.0,0,29.41,0.99,18770.0,3.13,629.0,-1.56
F666D60A-75B1-428D-A08C-B318AA253AFC,9BWAH5BZ6KP538191,App2Car,2026-08-12T16:48:13.920291,2026-08-12T16:45:15.909169,13.73,11.0,,30.0,1923.0,24.0,0.8033793640136719,2.7904971313476565,8.832382965087891,9.297487912579252,-5.837706220748075,-35.20595116965139,,6.0,42.0,,16.0,63.14,,599.025,,,0,Gasolina,,,0.0,0.8333333333333334,86.0,0.0,0,29.41,0.98,18770.0,3.13,629.0,-1.56
F666D60A-75B1-428D-A08C-B318AA253AFC,9BWAH5BZ6KP538191,App2Car,2026-08-12T16:48:14.921038,2026-08-12T16:45:15.909169,13.73,10.0,,32.0,1910.0,24.0,0.9271719360351564,2.835254058837891,8.216563568115236,8.741294540627635,-5.837727647758018,-35.206009162503726,,-1.0,42.0,,16.0,63.14,,598.91,,,0,Gasolina,,,0.0,0.7333333333333333,86.0,0.0,0,29.41,0.98,18770.0,3.13,629.0,-1.56
F666D60A-75B1-428D-A08C-B318AA253AFC,9BWAH5BZ6KP538191,App2Car,2026-08-12T16:48:15.920061,2026-08-12T16:45:15.909169,13.73,15.0,,42.0,1953.0,24.0,1.1304492187500002,3.216361541748047,11.108849029541016,11.620216166859494,-5.8377417286737625,-35.20606961592919,,5.0,42.0,,17.0,63.14,,703.95,,,0,Gasolina,,,0.0,0.8333333333333334,86.0,0.0,0,29.41,0.98,18770.0,3.13,629.0,-1.56
F666D60A-75B1-428D-A08C-B318AA253AFC,9BWAH5BZ6KP538191,App2Car,2026-08-12T16:48:16.920701,2026-08-12T16:45:15.909169,13.73,15.0,,42.0,1953.0,24.0,-0.015567626953125,2.2421873474121097,9.313632202148439,9.579738579355926,-5.83775052253191,-35.20613085731282,,5.0,42.0,,17.0,63.14,,703.95,,,0,Gasolina,,,0.0,0.9,86.0,0.0,0,29.41,0.98,18770.0,3.91,689.0,-3.91
F666D60A-75B1-428D-A08C-B318AA253AFC,9BWAH5BZ6KP538191,App2Car,2026-08-12T16:48:17.920717,2026-08-12T16:45:15.909169,13.68,8.0,,42.0,1953.0,24.0,0.0431103515625,2.271526336669922,8.058941345214844,8.373065508295642,-5.8377577159064815,-35.20619268266963,,5.0,42.0,,13.0,63.14,,520.48,,,0,Gasolina,,,0.0,0.9666666666666667,86.0,0.0,0,29.41,1.0,16510.0,3.91,689.0,-3.91
F666D60A-75B1-428D-A08C-B318AA253AFC,9BWAH5BZ6KP538191,App2Car,2026-08-12T16:48:18.920736,2026-08-12T16:45:15.909169,13.68,8.0,,29.0,1274.0,20.0,0.12214599609375,1.9056871032714844,10.25158172607422,10.427918817593273,-5.837765855244749,-35.20624893885739,,-15.0,42.0,,12.0,63.14,,360.35999999999996,,,0,Gasolina,,,0.0,0.9666666666666667,86.0,0.0,0,29.41,0.96,16510.0,3.91,689.0,-3.91
F666D60A-75B1-428D-A08C-B318AA253AFC,9BWAH5BZ6KP538191,App2Car,2026-08-12T16:48:19.921093,2026-08-12T16:45:15.909169,13.68,6.0,,31.0,1113.0,16.0,-0.15881973266601562,2.6836193847656253,7.473209381103516,7.942033440095019,-5.837772260578667,-35.20629711927578,,-1.5,42.0,,12.0,63.14,,254.43,,,0,Gasolina,,,0.0,0.9,86.0,0.0,0,29.41,0.98,16510.0,3.91,689.0,-3.91
F666D60A-75B1-428D-A08C-B318AA253AFC,9BWAH5BZ6KP538191,App2Car,2026-08-12T16:48:20.920657,2026-08-12T16:45:15.909169,13.68,7.0,,44.0,1094.0,15.0,0.22842498779296877,3.2829730224609377,11.002270660400391,11.483903932285475,-5.837776855311437,-35.20633555359775,,-14.5,42.0,,12.0,63.14,,265.995,,,0,Gasolina,,,0.0,0.9666666666666667,86.0,0.0,0,29.41,0.98,16510.0,3.91,689.0,-3.91
F666D60A-75B1-428D-A08C-B318AA253AFC,9BWAH5BZ6KP538191,App2Car,2026-08-12T16:48:21.920451,2026-08-12T16:45:15.909169,13.68,30.0,,80.0,1509.0,17.0,-0.4228706359863281,3.4319132995605472,12.573702850341798,13.04050811276821,-5.8377811008077956,-35.20637144378357,,-14.5,42.0,,22.0,63.14,,741.15,,,0,Gasolina,,,0.0,0.8,86.0,0.0,0,29.41,0.98,16510.0,3.91,689.0,-3.91
F666D60A-75B1-428D-A08C-B318AA253AFC,9BWAH5BZ6KP538191,App2Car,2026-08-12T16:48:22.920444,2026-08-12T16:45:15.909169,13.68,32.0,,88.0,1773.0,17.0,0.3159928894042969,4.042942657470704,9.508526916503907,10.337181480443771,-5.83778576775692,-35.2064113046822,,12.5,42.0,,24.0,63.14,,957.7049999999999,,,0,Gasolina,,,0.0,0.9666666666666667,86.0,0.0,0,29.41,1.0,16510.0,3.91,689.0,-3.91
F666D60A-75B1-428D-A08C-B318AA253AFC,9BWAH5BZ6KP538191,App2Car,2026-08-12T16:48:23.921036,2026-08-12T16:45:15.909169,13.68,33.0,,89.0,1773.0,19.0,-0.7815248107910157,3.865411834716797,7.9837976074218755,8.904673712052894,-5.837791301067431,-35.206458711284135,,14.0,42.0,,25.0,63.14,,1110.98,,,0,Gasolina,,,0.0,0.9,86.0,0.0,0,29.41,0.99,16510.0,3.91,689.0,-3.91
F666D60A-75B1-428D-A08C-B318AA253AFC,9BWAH5BZ6KP538191,App2Car,2026-08-12T16:48:24.920882,2026-08-12T16:45:15.909169,13.68,32.0,,89.0,2030.0,23.0,-0.2606080627441406,3.926484832763672,9.066346435546876,9.883513413439776,-5.837797648794689,-35.20651315651683,,15.0,43.0,,26.0,63.14,,1273.25,,,0,Gasolina,,,0.0,0.9333333333333333,86.0,0.0,0,29.41,1.0,16510.0,3.91,689.0,-3.91
F666D60A-75B1-428D-A08C-B318AA253AFC,9BWAH5BZ6KP538191,App2Car,2026-08-12T16:48:25.920150,2026-08-12T16:45:15.909169,13.68,32.0,,88.0,2258.0,26.0,-0.30147308349609375,3.8166133117675782,8.941655731201172,9.726799597347366,-5.837805978050582,-35.20657494624564,,15.5,43.0,,25.0,63.14,,1379.82,,,0,Gasolina,,,0.0,0.8666666666666667,86.0,0.0,0,29.41,1.0,16510.0,3.91,689.0,-3.91
F666D60A-75B1-428D-A08C-B318AA253AFC,9BWAH5BZ6KP538191,App2Car,2026-08-12T16:48:26.921031,2026-08-12T16:45:15.909169,13.68,29.0,,82.0,2430.0,29.0,0.6671626281738282,4.0406973266601565,6.217770080566407,7.445334487643731,-5.8378137896099505,-35.206641195227036,,14.0,43.0,,25.0,63.14,,1308.4499999999998,,,0,Gasolina,,,0.0,0.9333333333333333,86.0,0.0,0,29.41,0.99,16510.0,3.91,689.0,-3.91
F666D60A-75B1-428D-A08C-B318AA253AFC,9BWAH5BZ6KP538191,App2Car,2026-08-12T16:48:27.920812,2026-08-12T16:45:15.909169,13.68,33.0,,91.0,1745.0,32.0,0.692010955810547,3.5581008911132814,8.295299835205078,9.052676978124005,-5.837823820347806,-35.20671481696595,,13.5,43.0,,25.0,63.14,,1528.3,,,0,Gasolina,,,0.0,0.9,86.0,0.0,0,29.41,0.99,16510.0,3.91,689.0,-3.91
F666D60A-75B1-428D-A08C-B318AA253AFC,9BWAH5BZ6KP538191,App2Car,2026-08-12T16:48:28.920403,2026-08-12T16:45:15.909169,13.68,34.0,,91.0,1720.0,34.0,0.35685791015625,3.2681538391113283,11.144325256347656,11.619129162867907,-5.837834421609902,-35.20679293638225,,13.5,43.0,,26.0,63.14,,1433.85,,,0,Gasolina,,,0.0,0.9666666666666667,86.0,0.0,0,29.41,1.0,16510.0,3.91,689.0,-3.91
F666D60A-75B1-428D-A08C-B318AA253AFC,9BWAH5BZ6KP538191,App2Car,2026-08-12T16:48:29.919970,2026-08-12T16:45:15.909169,13.68,35.0,,91.0,1741.0,34.0,0.15522720336914064,3.660487976074219,6.549779663085938,7.504857183359579,-5.837845402676711,-35.206876153071775,,13.5,43.0,,26.0,63.14,,1490.4,,,0,Gasolina,,,0.0,0.9333333333333333,86.0,0.0,0,29.41,1.0,16510.0,3.91,689.0,-3.91
F666D60A-75B1-428D-A08C-B318AA253AFC,9BWAH5BZ6KP538191,App2Car,2026-08-12T16:48:30.920084,2026-08-12T16:45:15.909169,13.68,34.0,,90.0,1741.0,36.0,0.25626708984375,3.593427429199219,9.47230224609375,10.134244093745275,-5.837857554563283,-35.20696502223413,,13.5,43.0,,25.0,63.14,,1484.3500000000001,,,0,Gasolina,,,0.0,0.9666666666666667,86.0,0.0,0,29.41,1.0,16510.0,3.91,689.0,-3.91
F666D60A-75B1-428D-A08C-B318AA253AFC,9BWAH5BZ6KP538191,App2Car,2026-08-12T16:48:31.920928,2026-08-12T16:45:15.909169,13.68,34.0,,90.0,1829.0,38.0,0.9641450500488282,3.6607873535156252,10.240953826904297,10.918245051746153,-5.8378694377947316,-35.207056959584285,,14.0,43.0,,26.0,63.14,,1594.44,,,1,Gasolina,,,0.0,0.9666666666666667,86.0,0.0,0,29.41,0.99,16510.0,3.91,689.0,-3.91
F666D60A-75B1-428D-A08C-B318AA253AFC,9BWAH5BZ6KP538191,App2Car,2026-08-12T16:48:32.920802,2026-08-12T16:45:15.909169,13.68,34.0,,90.0,1902.0,39.0,-0.26000930786132814,3.0302984619140627,8.547525329589844,9.072513591526508,-5.837881330317419,-35.20715406906593,,-3.0,44.0,,25.0,63.14,,1606.7299999999998,,,1,Gasolina,,,0.0,0.9,86.0,0.0,0,29.41,0.98,16510.0,3.91,689.0,-3.91
F666D60A-75B1-428D-A08C-B318AA253AFC,9BWAH5BZ6KP538191,App2Car,2026-08-12T16:48:33.920737,2026-08-12T16:45:15.909169,13.68,34.0,,92.0,1489.0,40.0,-0.24818389892578127,3.360362091064453,8.06492889404297,8.740520962546697,-5.83789315297575,-35.20725204706309,,12.0,44.0,,25.0,63.14,,1606.7299999999998,,,1,Gasolina,,,0.0,1.0,86.0,0.0,0,29.41,1.0,16510.0,3.91,689.0,-3.91
F666D60A-75B1-428D-A08C-B318AA253AFC,9BWAH5BZ6KP538191,App2Car,2026-08-12T16:48:34.920889,2026-08-12T16:45:15.909169,13.68,33.0,,91.0,1502.0,41.0,0.5498066711425782,4.009562072753907,9.841434631347656,10.641085987529115,-5.8379064173399815,-35.20735105855593,,13.5,44.0,,25.0,63.14,,1455.985,,,0,Gasolina,,,0.0,1.0,86.0,0.0,0,29.41,1.0,16510.0,3.91,689.0,-3.91
F666D60A-75B1-428D-A08C-B318AA253AFC,9BWAH5BZ6KP538191,App2Car,2026-08-12T16:48:35.920681,2026-08-12T16:45:15.909169,13.68,31.0,,86.0,1514.0,41.0,-0.22573059082031252,3.49433349609375,7.004084930419922,7.830614700908883,-5.8379195488004765,-35.207452054978425,,13.5,44.0,,24.0,63.14,,1404.7199999999998,,,0,Gasolina,,,0.0,0.9666666666666667,86.0,0.0,0,29.41,1.0,16510.0,3.91,689.0,-3.91
F666D60A-75B1-428D-A08C-B318AA253AFC,9BWAH5BZ6KP538191,App2Car,2026-08-12T16:48:36.921035,2026-08-12T16:45:15.909169,13.68,20.0,,49.0,1481.0,41.0,0.7313790893554688,3.1196626281738284,9.064250793457031,9.613940541352298,-5.837932882241789,-35.20755564369248,,15.5,44.0,,18.0,63.14,,1010.77,,,0,Gasolina,,,0.0,0.8666666666666667,86.0,0.0,0,29.41,1.0,16510.0,3.91,689.0,-3.91
F666D60A-75B1-428D-A08C-B318AA253AFC,9BWAH5BZ6KP538191,App2Car,2026-08-12T16:48:37.920656,2026-08-12T16:45:15.909169,13.68,7.0,,27.0,1481.0,41.0,-0.4005670166015625,1.970951385498047,9.526938629150392,9.736922662853171,-5.837945923117514,-35.2076598610405,,8.0,44.0,,13.0,63.14,,667.44,,,0,Gasolina,,,0.0,1.0,86.0,0.0,0,29.41,1.0,16510.0,3.91,689.0,-3.91
F666D60A-75B1-428D-A08C-B318AA253AFC,9BWAH5BZ6KP538191,App2Car,2026-08-12T16:48:38.920397,2026-08-12T16:45:15.909169,13.68,7.0,,27.0,1474.0,41.0,-0.47496231079101564,2.8421397399902344,9.539213104248047,9.9649352304248,-5.8379551892540675,-35.207763415261404,,-6.0,44.0,,13.0,63.14,,667.44,,,0,Gasolina,,,0.0,0.9666666666666667,86.0,0.0,0,29.41,0.98,16510.0,3.91,689.0,-3.91
F666D60A-75B1-428D-A08C-B318AA253AFC,9BWAH5BZ6KP538191,App2Car,2026-08-12T16:48:39.920195,2026-08-12T16:45:15.909169,13.68,7.0,,27.0,1460.0,40.0,-0.5861810302734375,2.768193511962891,8.032296752929687,8.516119694265145,-5.837963343928292,-35.20786558351649,,-7.5,44.0,,13.0,63.14,,648.6,,,0,Gasolina,,,0.0,0.9666666666666667,86.0,0.0,0,29.41,0.98,16510.0,3.91,689.0,-3.91
F666D60A-75B1-428D-A08C-B318AA253AFC,9BWAH5BZ6KP538191,App2Car,2026-08-12T16:48:40.920592,2026-08-12T16:45:15.909169,13.68,7.0,,27.0,1468.0,41.0,-0.609532470703125,2.0109182739257814,10.695558471679687,10.900013447623321,-5.837975177657728,-35.20796666255309,,-8.5,44.0,,13.0,63.14,,648.6,,,0,Gasolina,,,0.0,0.9666666666666667,86.0,0.0,0,29.41,0.98,16510.0,3.91,689.0,-3.91
F666D60A-75B1-428D-A08C-B318AA253AFC,9BWAH5BZ6KP538191,App2Car,2026-08-12T16:48:41.920225,2026-08-12T16:45:15.909169,13.68,7.0,,27.0,1494.0,42.0,-0.4302053833007813,2.506088562011719,7.775730285644531,8.180925254979202,-5.837988612441624,-35.208068660819634,,-8.5,44.0,,13.0,63.14,,648.6,,,0,Gasolina,,,0.0,0.9666666666666667,86.0,0.0,0,29.41,0.98,16510.0,3.91,689.0,-3.91
F666D60A-75B1-428D-A08C-B318AA253AFC,9BWAH5BZ6KP538191,App2Car,2026-08-12T16:48:42.920073,2026-08-12T16:45:15.909169,13.68,7.0,,27.0,1532.0,44.0,-0.623902587890625,1.420096893310547,11.37245086669922,11.47774230156152,-5.838002879785792,-35.208172728622664,,-8.5,44.0,,13.0,63.14,,648.6,,,0,Gasolina,,,0.0,0.9666666666666667,86.0,0.0,0,29.41,0.98,16510.0,3.91,689.0,-3.91
F666D60A-75B1-428D-A08C-B318AA253AFC,9BWAH5BZ6KP538191,App2Car,2026-08-12T16:48:43.920546,2026-08-12T16:45:15.909169,13.68,7.0,,,2008.0,44.0,0.44726989746093754,2.049837341308594,10.477911071777344,10.685902110494558,-5.838018288552478,-35.208278472572914,,-7.5,44.0,,13.0,63.14,,648.6,,,0,Gasolina,,,0.0,0.9666666666666667,86.0,0.0,0,29.41,0.98,16510.0,3.91,689.0,-3.91
F666D60A-75B1-428D-A08C-B318AA253AFC,9BWAH5BZ6KP538191,App2Car,2026-08-12T16:48:44.920301,2026-08-12T16:45:15.909169,13.68,7.0,,28.0,2008.0,42.0,-0.17678237915039063,1.678609313964844,8.534801788330078,8.70010475825377,-5.83803494428795,-35.208385219766214,,-4.5,44.0,,14.0,63.14,,834.9599999999999,,,0,Gasolina,,,0.0,0.9,86.0,0.0,0,29.41,1.0,16510.0,3.91,689.0,-3.91
F666D60A-75B1-428D-A08C-B318AA253AFC,9BWAH5BZ6KP538191,App2Car,2026-08-12T16:48:45.920678,2026-08-12T16:45:15.909169,13.68,7.0,,28.0,1920.0,39.0,-0.12409194946289064,0.113763427734375,10.67984115600586,10.681167915866128,-5.838049352213048,-35.208484831721336,,-4.0,44.0,,13.0,63.14,,740.6,,,0,Gasolina,,,0.0,0.9333333333333333,86.0,0.0,0,29.41,0.99,16510.0,3.91,689.0,-3.91
F666D60A-75B1-428D-A08C-B318AA253AFC,9BWAH5BZ6KP538191,App2Car,2026-08-12T16:48:46.920025,2026-08-12T16:45:15.909169,13.68,7.0,,27.0,1636.0,32.0,0.056133270263671875,-0.19549346923828126,10.190209350585938,10.192238971360238,-5.838063843632085,-35.20857676463078,,-13.5,44.0,,13.0,63.14,,740.6,,,0,Gasolina,,,0.0,0.9,86.0,0.0,0,29.41,0.96,16510.0,3.91,689.0,-3.91
F666D60A-75B1-428D-A08C-B318AA253AFC,9BWAH5BZ6KP538191,App2Car,2026-08-12T16:48:47.921002,2026-08-12T16:45:15.909169,13.68,6.0,,27.0,1041.0,22.0,-0.024399261474609375,1.836830291748047,9.789043579101563,9.959915413204735,-5.83807478131317,-35.20865354857381,,-14.5,44.0,,13.0,63.14,,557.84,,,0,Gasolina,,,0.0,0.8333333333333334,86.0,0.0,0,29.41,0.99,16510.0,3.91,689.0,-3.91
F666D60A-75B1-428D-A08C-B318AA253AFC,9BWAH5BZ6KP538191,App2Car,2026-08-12T16:48:48.920211,2026-08-12T16:45:15.909169,13.68,7.0,,29.0,1265.0,17.0,-0.19564315795898438,2.4508534240722657,8.121660919189454,8.485654649927262,-5.83808285161527,-35.2087069633503,,-17.5,44.0,,12.0,63.14,,324.945,,,0,Gasolina,,,0.0,0.9666666666666667,86.0,0.0,0,29.41,0.96,16510.0,3.91,689.0,-3.91
F666D60A-75B1-428D-A08C-B318AA253AFC,9BWAH5BZ6KP538191,App2Car,2026-08-12T16:48:49.920542,2026-08-12T16:45:15.909169,13.68,33.0,,83.0,1890.0,22.0,-1.0304571533203126,3.314108276367188,9.106912078857423,9.745819782058035,-5.838089608414993,-35.20875191851349,,-17.5,44.0,,24.0,63.14,,916.25,,,0,Gasolina,,,0.0,0.8666666666666667,86.0,0.0,0,29.41,0.99,16510.0,3.91,689.0,-3.91
F666D60A-75B1-428D-A08C-B318AA253AFC,9BWAH5BZ6KP538191,App2Car,2026-08-12T16:48:50.920779,2026-08-12T16:45:15.909169,13.68,29.0,,79.0,2149.0,22.0,-0.19115249633789064,3.7178187561035156,9.975855102539063,10.647835489288232,-5.838097858136772,-35.208801273492206,,13.5,44.0,,24.0,63.14,,1093.9499999999998,,,0,Gasolina,,,0.0,0.9666666666666667,86.0,0.0,0,29.41,1.0,16510.0,3.91,689.0,-3.91
F666D60A-75B1-428D-A08C-B318AA253AFC,9BWAH5BZ6KP538191,App2Car,2026-08-12T16:48:51.920611,2026-08-12T16:45:15.909169,13.68,22.0,,64.0,2149.0,26.0,0.30326934814453127,3.303630065917969,8.979976043701173,9.573187225548665,-5.8381077551242715,-35.2088613905578,,19.5,44.0,,22.0,63.14,,1043.76,,,0,Gasolina,,,0.0,0.8,86.0,0.0,0,29.41,1.0,16510.0,3.91,689.0,-3.91
F666D60A-75B1-428D-A08C-B318AA253AFC,9BWAH5BZ6KP538191,App2Car,2026-08-12T16:48:52.920235,2026-08-12T16:45:15.909169,13.68,16.0,,64.0,2314.0,28.0,-0.4005670166015625,3.309767303466797,9.225764923095703,9.809676444924674,-5.838118369948984,-35.208927537452475,,21.0,44.0,,19.0,63.14,,927.08,,,0,Gasolina,,,0.0,0.8333333333333334,86.0,0.0,0,29.41,0.99,16510.0,3.91,689.0,-3.91
F666D60A-75B1-428D-A08C-B318AA253AFC,9BWAH5BZ6KP538191,App2Car,2026-08-12T16:48:53.920865,2026-08-12T16:45:15.909169,13.68,16.0,,65.0,1617.0,29.0,-0.22498214721679688,3.1260992431640626,8.783285064697266,9.325728388303578,-5.838128868251971,-35.20899736378591,,2.0,44.0,,15.0,63.14,,701.325,,,0,Gasolina,,,0.0,0.8333333333333334,86.0,0.0,0,29.41,1.0,16510.0,3.91,689.0,-3.91
F666D60A-75B1-428D-A08C-B318AA253AFC,9BWAH5BZ6KP538191,App2Car,2026-08-12T16:48:54.921095,2026-08-12T16:45:15.909169,13.68,12.0,,34.0,1461.0,29.0,0.4093986511230469,2.9547056579589843,10.047406311035157,10.480852367996857,-5.838139460343734,-35.20907124160707,,-5.5,44.0,,15.0,63.14,,638.985,,,0,Gasolina,,,0.0,0.7333333333333333,86.0,0.0,0,29.41,1.0,16510.0,3.91,689.0,-3.91
F666D60A-75B1-428D-A08C-B318AA253AFC,9BWAH5BZ6KP538191,App2Car,2026-08-12T16:48:55.920630,2026-08-12T16:45:15.909169,13.68,7.0,,28.0,1368.0,27.0,-0.34862503051757815,2.0615130615234376,9.29402297973633,9.52629196815855,-5.83815013921763,-35.20914699188437,,-3.0,44.0,,13.0,63.14,,453.56,,,0,Gasolina,,,0.0,0.9333333333333333,86.0,0.0,0,29.41,0.99,16510.0,3.91,689.0,-3.91
F666D60A-75B1-428D-A08C-B318AA253AFC,9BWAH5BZ6KP538191,App2Car,2026-08-12T16:48:56.920003,2026-08-12T16:45:15.909169,13.68,7.0,,28.0,1091.0,27.0,0.07289840698242188,1.4278807067871095,9.67632797241211,9.781384386692944,-5.838159832531793,-35.209219038161706,,-3.0,43.0,,13.0,63.14,,453.56,,,0,Gasolina,,,0.0,0.9333333333333333,86.0,0.0,0,29.41,0.99,16510.0,3.91,689.0,-3.91
F666D60A-75B1-428D-A08C-B318AA253AFC,9BWAH5BZ6KP538191,App2Car,2026-08-12T16:48:57.920770,2026-08-12T16:45:15.909169,13.68,7.0,,30.0,1014.0,21.0,-0.013621673583984376,2.6993367004394533,9.395661621093751,9.775738410494863,-5.838168736305897,-35.20928092327365,,-7.0,43.0,,13.0,63.14,,453.56,,,0,Gasolina,,,0.0,0.9333333333333333,86.0,0.0,0,29.41,0.99,16510.0,3.91,689.0,-3.91
F666D60A-75B1-428D-A08C-B318AA253AFC,9BWAH5BZ6KP538191,App2Car,2026-08-12T16:48:58.919751,2026-08-12T16:45:15.909169,13.68,29.0,,78.0,1014.0,17.0,-0.3043171691894531,3.3666490173339847,7.519163818359376,8.244074179233476,-5.838175198492405,-35.20932804632864,,-24.0,43.0,,20.0,63.14,,693.22,,,0,Gasolina,,,1.0,0.5333333333333333,86.0,0.0,0,29.41,0.99,16510.0,3.91,689.0,-3.91
F666D60A-75B1-428D-A08C-B318AA253AFC,9BWAH5BZ6KP538191,App2Car,2026-08-12T16:48:59.920844,2026-08-12T16:45:15.909169,13.68,29.0,,78.0,1408.0,14.0,0.04775070190429688,4.103865966796875,6.731801147460938,7.884233805001118,-5.838181108895094,-35.20936788218606,,11.0,44.0,,24.0,63.14,,818.7199999999999,,,0,Gasolina,,,0.0,0.9333333333333333,86.0,0.0,0,29.41,1.0,16510.0,3.91,689.0,-3.91
F666D60A-75B1-428D-A08C-B318AA253AFC,9BWAH5BZ6KP538191,App2Car,2026-08-12T16:49:00.921183,2026-08-12T16:45:15.909169,13.68,38.0,,96.0,1688.0,17.0,-1.176104278564453,4.300556945800781,9.44161605834961,10.441366055809851,-5.83818640515198,-35.209405223603085,,8.0,44.0,,32.0,63.14,,1344.2,,,0,Gasolina,,,0.0,0.9333333333333333,86.0,0.0,0,29.41,1.0,16510.0,3.91,689.0,-3.91
F666D60A-75B1-428D-A08C-B318AA253AFC,9BWAH5BZ6KP538191,App2Car,2026-08-12T16:49:01.919830,2026-08-12T16:45:15.909169,13.68,47.0,,105.0,1938.0,21.0,-1.1707154846191408,4.408931579589844,8.10235107421875,9.298244207877387,-5.838193928296027,-35.209450072089204,,9.5,44.0,,32.0,63.14,,1564.1599999999999,,,0,Gasolina,,,0.0,0.9333333333333333,86.0,0.0,0,29.41,1.0,16510.0,3.91,689.0,-3.91
F666D60A-75B1-428D-A08C-B318AA253AFC,9BWAH5BZ6KP538191,App2Car,2026-08-12T16:49:02.922499,2026-08-12T16:45:15.909169,13.68,44.0,,97.0,2101.0,23.0,-1.3834231567382813,3.801943817138672,9.22845932006836,10.076363324207561,-5.838203415392301,-35.20950215609245,,9.5,44.0,,33.0,63.14,,1702.35,,,1,Gasolina,,,0.0,0.9666666666666667,86.0,0.0,0,29.41,1.0,16510.0,3.91,689.0,-3.91
F666D60A-75B1-428D-A08C-B318AA253AFC,9BWAH5BZ6KP538191,App2Car,2026-08-12T16:49:03.922884,2026-08-12T16:45:15.909169,13.68,42.0,,93.0,2283.0,23.0,-1.2545411682128906,3.929478607177735,8.605903930664063,9.543388189255825,-5.838213249419562,-35.20955875088366,,11.0,44.0,,31.0,63.14,,1690.325,,,1,Gasolina,,,0.0,0.9666666666666667,86.0,0.0,0,29.41,0.99,16510.0,3.91,689.0,-3.91
F666D60A-75B1-428D-A08C-B318AA253AFC,9BWAH5BZ6KP538191,App2Car,2026-08-12T16:49:04.920048,2026-08-12T16:45:15.909169,13.68,38.0,,89.0,2283.0,26.0,-0.4297563171386719,4.276307373046875,9.017547912597657,9.9893776381159,-5.838223286702449,-35.209621903748214,,12.0,44.0,,29.0,63.14,,1658.56,,,1,Gasolina,,,0.0,0.9666666666666667,86.0,0.0,0,29.41,0.99,16510.0,3.91,689.0,-3.91
F666D60A-75B1-428D-A08C-B318AA253AFC,9BWAH5BZ6KP538191,App2Car,2026-08-12T16:49:05.920044,2026-08-12T16:45:15.909169,13.68,34.0,,89.0,2437.0,28.0,-1.3202545166015627,3.4681379699707033,9.186097412109376,9.907342662496433,-5.838234947528898,-35.20968978669711,,15.0,44.0,,27.0,63.14,,1592.47,,,0,Gasolina,,,0.0,0.9333333333333333,86.0,0.0,0,29.41,0.98,16510.0,3.91,689.0,-3.91
F666D60A-75B1-428D-A08C-B318AA253AFC,9BWAH5BZ6KP538191,App2Car,2026-08-12T16:49:06.921022,2026-08-12T16:45:15.909169,13.68,34.0,,86.0,2572.0,30.0,-2.392175445556641,3.211272125244141,8.516839141845704,9.411233765706237,-5.838247921535044,-35.20976248659223,,15.5,44.0,,27.0,63.14,,1592.47,,,0,Gasolina,,,0.0,0.8666666666666667,86.0,0.0,0,29.41,0.99,16510.0,3.91,689.0,-3.91
F666D60A-75B1-428D-A08C-B318AA253AFC,9BWAH5BZ6KP538191,App2Car,2026-08-12T16:49:07.920136,2026-08-12T16:45:15.909169,13.68,31.0,,82.0,2663.0,32.0,-0.7813751220703126,3.35302734375,8.514144744873047,9.183898964273011,-5.838261390874027,-35.20983917146785,,18.5,44.0,,27.0,63.14,,1607.96,,,0,Gasolina,,,0.0,0.8333333333333334,86.0,0.0,0,29.41,0.99,16510.0,3.91,689.0,-3.91
F666D60A-75B1-428D-A08C-B318AA253AFC,9BWAH5BZ6KP538191,App2Car,2026-08-12T16:49:08.920397,2026-08-12T16:45:15.909169,13.68,27.0,,79.0,2709.0,33.0,-1.011596374511719,3.400628356933594,8.869056701660156,9.552369717728112,-5.83827467953518,-35.209918771723146,,18.5,44.0,,24.0,63.14,,1493.585,,,0,Gasolina,,,0.0,0.9,86.0,0.0,0,29.41,1.0,16510.0,3.91,689.0,-3.91
F666D60A-75B1-428D-A08C-B318AA253AFC,9BWAH5BZ6KP538191,App2Car,2026-08-12T16:49:09.920859,2026-08-12T16:45:15.909169,13.68,27.0,,76.0,2787.0,34.0,-1.141226806640625,2.920876007080078,9.148824920654297,9.671344927243384,-5.838288991370641,-35.21000002741402,,18.5,44.0,,26.0,63.14,,1592.7,,,0,Gasolina,,,0.0,0.8333333333333334,86.0,0.0,0,29.41,1.0,16510.0,3.91,689.0,-3.91
F666D60A-75B1-428D-A08C-B318AA253AFC,9BWAH5BZ6KP538191,App2Car,2026-08-12T16:49:10.920734,2026-08-12T16:45:15.909169,13.68,16.0,,45.0,2698.0,34.0,-1.2983999633789063,2.810705108642578,9.139693908691406,9.64986582379375,-5.838303064997747,-35.21008364833833,,21.0,44.0,,20.0,63.14,,1196.75,,,0,Gasolina,,,0.0,0.8333333333333334,86.0,0.0,0,29.41,0.99,16510.0,3.91,689.0,-3.91
F666D60A-75B1-428D-A08C-B318AA253AFC,9BWAH5BZ6KP538191,App2Car,2026-08-12T16:49:11.924489,2026-08-12T16:45:15.909169,13.68,11.0,,33.0,2698.0,34.0,-1.0072554016113282,2.6303302001953126,9.13026351928711,9.554837117280428,-5.838317383539634,-35.21016762958554,,18.0,44.0,,18.0,63.14,,1012.0500000000001,,,0,Gasolina,,,0.0,0.8666666666666667,86.0,0.0,0,29.41,0.99,16510.0,3.91,689.0,-3.91
F666D60A-75B1-428D-A08C-B318AA253AFC,9BWAH5BZ6KP538191,App2Car,2026-08-12T16:49:12.920055,2026-08-12T16:45:15.909169,13.68,11.0,,33.0,2229.0,33.0,0.2763253784179688,3.1570848083496097,11.090437316894532,11.534354775271849,-5.8383283252466285,-35.210250068390444,,17.0,44.0,,15.0,63.14,,886.38,,,0,Gasolina,,,0.0,0.8666666666666667,86.0,0.0,0,29.41,1.0,16510.0,3.91,689.0,-3.91
F666D60A-75B1-428D-A08C-B318AA253AFC,9BWAH5BZ6KP538191,App2Car,2026-08-12T16:49:13.924210,2026-08-12T16:45:15.909169,13.68,11.0,,37.0,1525.0,31.0,0.7354206848144531,3.795656890869141,7.658673706054688,8.579227106952514,-5.838328770750301,-35.21033238615166,,22.5,44.0,,15.0,63.14,,635.25,,,0,Gasolina,,,0.0,0.9333333333333333,86.0,0.0,0,29.41,0.99,16510.0,3.91,689.0,-3.91
F666D60A-75B1-428D-A08C-B318AA253AFC,9BWAH5BZ6KP538191,App2Car,2026-08-12T16:49:14.923958,2026-08-12T16:45:15.909169,13.68,12.0,,47.0,1491.0,31.0,-0.1279838562011719,3.582500152587891,8.55261474609375,9.27350560499322,-5.838308907070983,-35.210409422823545,,12.0,44.0,,15.0,63.14,,650.375,,,0,Gasolina,,,0.0,0.9333333333333333,86.0,0.0,0,29.41,1.0,16510.0,3.91,689.0,-3.91
F666D60A-75B1-428D-A08C-B318AA253AFC,9BWAH5BZ6KP538191,App2Car,2026-08-12T16:49:15.920812,2026-08-12T16:45:15.909169,13.68,21.0,,62.0,1499.0,31.0,0.042361907958984375,3.4048196411132814,10.741512908935547,11.268304703573902,-5.83827853985028,-35.210481557033944,,14.0,44.0,,18.0,63.14,,855.6600000000001,,,0,Gasolina,,,0.0,0.8666666666666667,86.0,0.0,0,29.41,1.0,16510.0,3.91,689.0,-3.91
F666D60A-75B1-428D-A08C-B318AA253AFC,9BWAH5BZ6KP538191,App2Car,2026-08-12T16:49:16.920004,2026-08-12T16:45:15.909169,13.68,21.0,,62.0,1499.0,31.0,0.32871643066406253,3.981420593261719,7.471562805175782,8.472544787956167,-5.838232790041555,-35.210545298040465,,14.0,44.0,,18.0,63.14,,855.6600000000001,,,0,Gasolina,,,0.0,0.8666666666666667,87.0,0.0,0,29.41,1.0,18410.0,3.13,749.0,-1.56
F666D60A-75B1-428D-A08C-B318AA253AFC,9BWAH5BZ6KP538191,App2Car,2026-08-12T16:49:17.920714,2026-08-12T16:45:15.909169,13.66,27.0,,85.0,1499.0,31.0,0.4471202087402344,3.3702415466308597,10.373877410888673,10.916765871806858,-5.838171810955442,-35.21060078956775,,14.0,44.0,,22.0,63.14,,1072.71,,,0,Gasolina,,,0.0,0.9666666666666667,87.0,0.0,0,29.41,0.99,18410.0,3.13,749.0,-1.56
F666D60A-75B1-428D-A08C-B318AA253AFC,9BWAH5BZ6KP538191,App2Car,2026-08-12T16:49:18.920643,2026-08-12T16:45:15.909169,13.66,32.0,,85.0,1731.0,34.0,-1.3816268920898438,3.4054183959960938,9.098379821777344,9.812557398663184,-5.838097720153367,-35.210641003383756,,14.0,44.0,,24.0,63.14,,1363.23,,,0,Gasolina,,,0.0,0.9666666666666667,87.0,0.0,0,29.41,1.0,18410.0,3.13,749.0,-1.56
F666D60A-75B1-428D-A08C-B318AA253AFC,9BWAH5BZ6KP538191,App2Car,2026-08-12T16:49:19.920666,2026-08-12T16:45:15.909169,13.66,32.0,,90.0,1803.0,38.0,-1.586700439453125,2.927911376953125,9.463021545410157,10.031902116984053,-5.8380132781688,-35.21066977778602,,13.5,44.0,,27.0,63.14,,1471.0500000000002,,,0,Gasolina,,,0.0,1.0,87.0,0.0,0,29.41,1.0,18410.0,3.13,749.0,-1.56
F666D60A-75B1-428D-A08C-B318AA253AFC,9BWAH5BZ6KP538191,App2Car,2026-08-12T16:49:20.919974,2026-08-12T16:45:15.909169,13.66,35.0,,91.0,1780.0,40.0,-1.2169692993164063,2.944676513671875,9.83245330810547,10.335824693836656,-5.837922082621937,-35.210699174198076,,12.0,44.0,,27.0,63.14,,1680.0,,,1,Gasolina,,,0.0,1.0,87.0,0.0,0,29.41,1.0,18410.0,3.13,749.0,-1.56
F666D60A-75B1-428D-A08C-B318AA253AFC,9BWAH5BZ6KP538191,App2Car,2026-08-12T16:49:21.920152,2026-08-12T16:45:15.909169,13.66,35.0,,92.0,1623.0,44.0,-1.614093475341797,2.956501922607422,8.386460266113282,9.0376389151492,-5.837822736791262,-35.21072868286946,,12.5,44.0,,25.0,63.14,,1628.585,,,0,Gasolina,,,0.0,0.9666666666666667,87.0,0.0,0,29.41,1.0,18410.0,3.13,749.0,-1.56
F666D60A-75B1-428D-A08C-B318AA253AFC,9BWAH5BZ6KP538191,App2Car,2026-08-12T16:49:22.919972,2026-08-12T16:45:15.909169,13.66,33.0,,91.0,1716.0,44.0,-1.307530975341797,2.694097595214844,9.127269744873047,9.605980017660643,-5.837718909650582,-35.21076089267,,12.5,44.0,,25.0,63.14,,1587.355,,,0,Gasolina,,,0.0,1.0,87.0,0.0,0,29.41,1.0,18410.0,3.13,749.0,-1.56
F666D60A-75B1-428D-A08C-B318AA253AFC,9BWAH5BZ6KP538191,App2Car,2026-08-12T16:49:23.920054,2026-08-12T16:45:15.909169,13.66,30.0,,83.0,1716.0,47.0,-1.448837127685547,2.3318508911132816,7.868686981201172,8.333840195796338,-5.837607123291448,-35.210793366765586,,14.0,44.0,,24.0,63.14,,1584.6599999999999,,,0,Gasolina,,,0.0,0.8333333333333334,87.0,0.0,0,29.41,1.0,18410.0,3.13,749.0,-1.56
F666D60A-75B1-428D-A08C-B318AA253AFC,9BWAH5BZ6KP538191,App2Car,2026-08-12T16:49:24.920748,2026-08-12T16:45:15.909169,13.66,25.0,,76.0,1816.0,51.0,-1.134041748046875,3.0991552734375003,8.913963317871094,9.505238351958361,-5.837487387328945,-35.21082710391818,,17.0,44.0,,22.0,63.14,,1526.08,,,0,Gasolina,,,0.0,0.7333333333333333,87.0,0.0,0,29.41,1.0,18410.0,3.13,749.0,-1.56
F666D60A-75B1-428D-A08C-B318AA253AFC,9BWAH5BZ6KP538191,App2Car,2026-08-12T16:49:25.920049,2026-08-12T16:45:15.909169,13.66,25.0,,76.0,1914.0,53.0,-0.7300318908691407,2.7175987243652346,9.064400482177735,9.491135100169078,-5.837359834614054,-35.21086320630838,,7.5,44.0,,14.0,63.14,,1292.46,,,0,Gasolina,,,0.0,0.8666666666666667,87.0,0.0,0,29.41,1.0,18410.0,3.13,749.0,-1.56
F666D60A-75B1-428D-A08C-B318AA253AFC,9BWAH5BZ6KP538191,App2Car,2026-08-12T16:49:26.920195,2026-08-12T16:45:15.909169,13.66,8.0,,27.0,1918.0,53.0,-1.0475216674804688,2.8921357727050783,8.785081329345704,9.308029057476128,-5.837230411817042,-35.2109021065853,,-3.0,44.0,,14.0,63.14,,1010.77,,,0,Gasolina,,,0.0,0.9666666666666667,87.0,0.0,0,29.41,1.0,18410.0,3.13,749.0,-1.56
F666D60A-75B1-428D-A08C-B318AA253AFC,9BWAH5BZ6KP538191,App2Car,2026-08-12T16:49:27.919962,2026-08-12T16:45:15.909169,13.66,12.0,,32.0,1906.0,53.0,-1.1008108520507813,1.7500108337402345,11.992611236572266,12.169513002653817,-5.837101839534102,-35.21094131272674,,8.0,44.0,,16.0,63.14,,1143.35,,,0,Gasolina,,,0.0,0.6666666666666666,87.0,0.0,0,29.41,1.0,18410.0,3.13,749.0,-1.56
F666D60A-75B1-428D-A08C-B318AA253AFC,9BWAH5BZ6KP538191,App2Car,2026-08-12T16:49:28.920755,2026-08-12T16:45:15.909169,13.66,7.0,,27.0,1397.0,52.0,-0.6042933654785156,2.8753706359863282,10.539433135986329,10.941324307129388,-5.836973593392817,-35.21097989196207,,8.0,44.0,,13.0,63.14,,795.615,,,0,Gasolina,,,0.0,0.9,87.0,0.0,0,29.41,1.0,18410.0,3.13,749.0,-1.56
F666D60A-75B1-428D-A08C-B318AA253AFC,9BWAH5BZ6KP538191,App2Car,2026-08-12T16:49:29.918895,2026-08-12T16:45:15.909169,13.66,7.0,,27.0,1376.0,52.0,-0.9848020935058595,2.0420535278320315,10.258467407226563,10.505996921712592,-5.836847918944463,-35.21101981338585,,-7.0,44.0,,13.0,63.14,,795.615,,,0,Gasolina,,,0.0,0.9666666666666667,87.0,0.0,0,29.41,0.98,18410.0,3.13,749.0,-1.56
F666D60A-75B1-428D-A08C-B318AA253AFC,9BWAH5BZ6KP538191,App2Car,2026-08-12T16:49:30.920314,2026-08-12T16:45:15.909169,13.66,6.0,,26.0,1376.0,51.0,-1.7664765930175783,2.5077351379394535,8.679251403808594,9.205356049944438,-5.836722830962319,-35.21105862232901,,-9.0,44.0,,13.0,63.14,,762.66,,,0,Gasolina,,,0.0,0.9,87.0,0.0,0,29.41,0.98,18410.0,3.13,749.0,-1.56
F666D60A-75B1-428D-A08C-B318AA253AFC,9BWAH5BZ6KP538191,App2Car,2026-08-12T16:49:31.919797,2026-08-12T16:45:15.909169,13.66,7.0,,26.0,1358.0,51.0,-1.4864089965820313,2.206711120605469,9.894125061035156,10.24561839999557,-5.836599135306716,-35.21109636425868,,-9.0,44.0,,13.0,63.14,,770.8199999999999,,,0,Gasolina,,,0.0,0.9666666666666667,87.0,0.0,0,29.41,0.98,18410.0,3.13,749.0,-1.56
F666D60A-75B1-428D-A08C-B318AA253AFC,9BWAH5BZ6KP538191,App2Car,2026-08-12T16:49:32.919843,2026-08-12T16:45:15.909169,13.66,7.0,,27.0,1338.0,50.0,-2.210303649902344,1.7455201721191407,9.656718750000001,10.059050646688686,-5.836476011244117,-35.21113412228874,,-9.0,44.0,,13.0,63.14,,770.8199999999999,,,0,Gasolina,,,0.0,0.9666666666666667,87.0,0.0,0,29.41,0.98,18410.0,3.13,749.0,-1.56
F666D60A-75B1-428D-A08C-B318AA253AFC,9BWAH5BZ6KP538191,App2Car,2026-08-12T16:49:33.920120,2026-08-12T16:45:15.909169,13.66,7.0,,27.0,1311.0,49.0,-2.2580543518066407,1.8411712646484375,8.5023193359375,8.987666836934752,-5.836356660978259,-35.21117132777301,,-9.0,43.0,,13.0,63.14,,770.8199999999999,,,0,Gasolina,,,0.0,0.9333333333333333,87.0,0.0,0,29.41,0.98,18410.0,3.13,749.0,-1.56
F666D60A-75B1-428D-A08C-B318AA253AFC,9BWAH5BZ6KP538191,App2Car,2026-08-12T16:49:34.919994,2026-08-12T16:45:15.909169,13.66,7.0,,27.0,1290.0,48.0,-2.8410919189453128,1.5929873657226563,9.519753570556642,10.061566482579853,-5.836240975158446,-35.21121293584422,,-8.5,43.0,,13.0,63.14,,770.8199999999999,,,0,Gasolina,,,0.0,0.9333333333333333,87.0,0.0,0,29.41,0.98,18410.0,3.13,749.0,-1.56
F666D60A-75B1-428D-A08C-B318AA253AFC,9BWAH5BZ6KP538191,App2Car,2026-08-12T16:49:35.919964,2026-08-12T16:45:15.909169,13.66,6.0,,27.0,1274.0,47.0,-2.4941134643554688,2.0444485473632814,9.518556060791017,10.05003887148286,-5.83613157501552,-35.211263528417795,,-8.5,43.0,,13.0,63.14,,699.3000000000001,,,0,Gasolina,,,0.0,0.9,87.0,0.0,0,29.41,0.98,18410.0,3.13,749.0,-1.56
F666D60A-75B1-428D-A08C-B318AA253AFC,9BWAH5BZ6KP538191,App2Car,2026-08-12T16:49:36.920294,2026-08-12T16:45:15.909169,13.66,6.0,,27.0,1252.0,47.0,-1.7922230529785157,2.4375311279296876,10.657537536621094,11.078660921597946,-5.836031262458352,-35.21132937707675,,-5.5,43.0,,13.0,63.14,,699.3000000000001,,,0,Gasolina,,,0.0,0.9,87.0,0.0,0,29.41,0.98,18410.0,3.13,749.0,-1.56
F666D60A-75B1-428D-A08C-B318AA253AFC,9BWAH5BZ6KP538191,App2Car,2026-08-12T16:49:37.919858,2026-08-12T16:45:15.909169,13.66,18.0,,55.0,1252.0,46.0,-0.8312214660644531,2.202220458984375,9.770631866455078,10.050171697309612,-5.835940446146496,-35.211405615544145,,3.0,43.0,,16.0,63.14,,912.64,,,0,Gasolina,,,0.0,0.6666666666666666,87.0,0.0,0,29.41,0.98,18410.0,3.13,749.0,-1.56
F666D60A-75B1-428D-A08C-B318AA253AFC,9BWAH5BZ6KP538191,App2Car,2026-08-12T16:49:38.919883,2026-08-12T16:45:15.909169,13.66,16.0,,55.0,1430.0,45.0,0.020806732177734377,2.9698242187500004,10.853031005859375,11.252047405895645,-5.83585809395307,-35.21148446834356,,17.0,43.0,,16.0,63.14,,924.15,,,0,Gasolina,,,0.0,0.8666666666666667,87.0,0.0,0,29.41,0.99,18410.0,3.13,749.0,-1.56
F666D60A-75B1-428D-A08C-B318AA253AFC,9BWAH5BZ6KP538191,App2Car,2026-08-12T16:49:39.920485,2026-08-12T16:45:15.909169,13.66,16.0,,46.0,1671.0,44.0,0.3249742126464844,3.3949401855468753,9.123826904296875,9.740402685818372,-5.835776478405462,-35.211560067301185,,15.0,43.0,,16.0,63.14,,924.15,,,0,Gasolina,,,0.0,0.8,87.0,0.0,0,29.41,0.99,18410.0,3.13,749.0,-1.56
F666D60A-75B1-428D-A08C-B318AA253AFC,9BWAH5BZ6KP538191,App2Car,2026-08-12T16:49:40.919836,2026-08-12T16:45:15.909169,13.66,15.0,,45.0,1579.0,44.0,1.3320799255371094,4.323758697509766,9.860445098876953,10.84885725550285,-5.835690806075178,-35.2116310161538,,15.0,43.0,,16.0,63.14,,964.945,,,0,Gasolina,,,0.0,0.8,87.0,0.0,0,29.41,0.99,18410.0,3.13,749.0,-1.56
F666D60A-75B1-428D-A08C-B318AA253AFC,9BWAH5BZ6KP538191,App2Car,2026-08-12T16:49:41.920130,2026-08-12T16:45:15.909169,13.66,22.0,,76.0,1570.0,45.0,1.1442205810546875,0.6735992431640625,12.372221832275391,12.443265236485646,-5.835600555983473,-35.21169581044886,,14.0,43.0,,19.0,63.14,,1148.07,,,0,Gasolina,,,0.0,0.8666666666666667,87.0,0.0,0,29.41,1.0,18410.0,3.13,749.0,-1.56
F666D60A-75B1-428D-A08C-B318AA253AFC,9BWAH5BZ6KP538191,App2Car,2026-08-12T16:49:42.920016,2026-08-12T16:45:15.909169,13.66,29.0,,88.0,1736.0,45.0,-0.09190887451171875,3.4958303833007816,11.183543701171876,11.717547824781603,-5.83550078421933,-35.21174454718151,,14.0,43.0,,23.0,63.14,,1431.9,,,0,Gasolina,,,0.0,0.9333333333333333,87.0,0.0,0,29.41,1.0,18410.0,3.13,749.0,-1.56
F666D60A-75B1-428D-A08C-B318AA253AFC,9BWAH5BZ6KP538191,App2Car,2026-08-12T16:49:43.920260,2026-08-12T16:45:15.909169,13.66,30.0,,88.0,1705.0,45.0,-1.316063232421875,2.9484187316894532,9.853709106445313,10.369222661489783,-5.835394055512474,-35.21178103984077,,14.0,44.0,,25.0,63.14,,1588.5,,,0,Gasolina,,,0.0,0.9333333333333333,87.0,0.0,0,29.41,1.0,18410.0,3.13,749.0,-1.56
F666D60A-75B1-428D-A08C-B318AA253AFC,9BWAH5BZ6KP538191,App2Car,2026-08-12T16:49:44.920408,2026-08-12T16:45:15.909169,13.66,30.0,,88.0,1705.0,47.0,0.6782395935058594,3.071612548828125,10.239606628417969,10.711879223603047,-5.835281065755239,-35.21180937671293,,14.0,43.0,,24.0,63.14,,1618.925,,,0,Gasolina,,,0.0,0.9333333333333333,87.0,0.0,0,29.41,1.0,18410.0,3.13,749.0,-1.56
F666D60A-75B1-428D-A08C-B318AA253AFC,9BWAH5BZ6KP538191,App2Car,2026-08-12T16:49:45.920077,2026-08-12T16:45:15.909169,13.66,30.0,,88.0,1726.0,47.0,-0.27647506713867187,3.349285125732422,8.983119506835937,9.591172263612936,-5.83516732488971,-35.21183869648136,,15.0,43.0,,24.0,63.14,,1618.925,,,0,Gasolina,,,0.0,0.9333333333333333,87.0,0.0,0,29.41,1.0,18410.0,3.13,749.0,-1.56
F666D60A-75B1-428D-A08C-B318AA253AFC,9BWAH5BZ6KP538191,App2Car,2026-08-12T16:49:46.919528,2026-08-12T16:45:15.909169,13.66,30.0,,88.0,1737.0,48.0,-0.8690927124023438,4.208348693847657,9.650282135009766,10.563780864683288,-5.835050819301607,-35.211866385647596,,15.0,43.0,,24.0,63.14,,1613.43,,,0,Gasolina,,,0.0,0.8333333333333334,87.0,0.0,0,29.41,1.0,18410.0,3.13,749.0,-1.56
F666D60A-75B1-428D-A08C-B318AA253AFC,9BWAH5BZ6KP538191,App2Car,2026-08-12T16:49:47.920749,2026-08-12T16:45:15.909169,13.66,30.0,,87.0,1750.0,49.0,-2.4577391052246096,1.5223342895507814,6.239924011230469,6.877109484690708,-5.834932673904182,-35.21189293046714,,15.5,43.0,,24.0,63.14,,1613.43,,,0,Gasolina,,,0.0,0.8,87.0,0.0,0,29.41,1.0,18410.0,3.13,749.0,-1.56
F666D60A-75B1-428D-A08C-B318AA253AFC,9BWAH5BZ6KP538191,App2Car,2026-08-12T16:49:48.919796,2026-08-12T16:45:15.909169,13.66,27.0,,83.0,1787.0,50.0,-2.4840843200683596,3.633394317626953,8.078101501464845,9.199345250861166,-5.834810141454911,-35.211916012521066,,16.5,43.0,,22.0,63.14,,1501.0,,,0,Gasolina,,,0.0,0.7333333333333333,87.0,0.0,0,29.41,1.0,18410.0,3.13,749.0,-1.56
F666D60A-75B1-428D-A08C-B318AA253AFC,9BWAH5BZ6KP538191,App2Car,2026-08-12T16:49:49.919788,2026-08-12T16:45:15.909169,13.66,27.0,,80.0,1831.0,51.0,-1.68369873046875,2.2776635742187503,7.375312957763672,7.900495807052981,-5.834685027803118,-35.211937995500385,,16.5,43.0,,22.0,63.14,,1501.0,,,0,Gasolina,,,0.0,0.7333333333333333,87.0,0.0,0,29.41,1.0,18410.0,3.13,749.0,-1.56
F666D60A-75B1-428D-A08C-B318AA253AFC,9BWAH5BZ6KP538191,App2Car,2026-08-12T16:49:50.920103,2026-08-12T16:45:15.909169,13.66,26.0,,80.0,1849.0,51.0,1.9306851196289063,3.024460601806641,8.972341918945313,9.663220295196645,-5.834557784340839,-35.21195829429812,,16.5,43.0,,22.0,63.14,,1551.935,,,0,Gasolina,,,0.0,0.7333333333333333,87.0,0.0,0,29.41,1.0,18410.0,3.13,749.0,-1.56
F666D60A-75B1-428D-A08C-B318AA253AFC,9BWAH5BZ6KP538191,App2Car,2026-08-12T16:49:51.920473,2026-08-12T16:45:15.909169,13.66,26.0,,83.0,1849.0,52.0,-0.7438032531738281,2.352807312011719,4.271068267822266,4.932643274684079,-5.834428555190338,-35.211976025816334,,17.0,43.0,,22.0,63.14,,1551.935,,,0,Gasolina,,,0.0,0.7333333333333333,87.0,0.0,0,29.41,1.0,18410.0,3.13,749.0,-1.56
F666D60A-75B1-428D-A08C-B318AA253AFC,9BWAH5BZ6KP538191,App2Car,2026-08-12T16:49:52.919539,2026-08-12T16:45:15.909169,13.66,29.0,,83.0,1488.0,53.0,-1.3262420654296876,1.171014862060547,7.2916369628906255,7.503210207762722,-5.834298430838559,-35.211990147355785,,13.5,43.0,,22.0,63.14,,1512.08,,,0,Gasolina,,,0.0,0.8333333333333334,87.0,0.0,0,29.41,1.0,18410.0,3.13,749.0,-1.56
F666D60A-75B1-428D-A08C-B318AA253AFC,9BWAH5BZ6KP538191,App2Car,2026-08-12T16:49:53.920176,2026-08-12T16:45:15.909169,13.66,29.0,,87.0,1477.0,53.0,-1.7018110656738281,2.7987300109863282,6.738387451171875,7.492323806387176,-5.834166134190251,-35.212004804876344,,13.5,43.0,,22.0,63.14,,1512.08,,,0,Gasolina,,,0.0,0.8,87.0,0.0,0,29.41,1.0,18410.0,3.13,749.0,-1.56
F666D60A-75B1-428D-A08C-B318AA253AFC,9BWAH5BZ6KP538191,App2Car,2026-08-12T16:49:54.920144,2026-08-12T16:45:15.909169,13.66,28.0,,87.0,1487.0,54.0,-1.1481124877929687,3.0636790466308597,9.463919677734376,10.013494257850207,-5.834032462021812,-35.2120156815199,,14.0,43.0,,22.0,63.14,,1489.185,,,0,Gasolina,,,0.0,0.9,87.0,0.0,0,29.41,1.0,18410.0,3.13,749.0,-1.56
F666D60A-75B1-428D-A08C-B318AA253AFC,9BWAH5BZ6KP538191,App2Car,2026-08-12T16:49:55.919972,2026-08-12T16:45:15.909169,13.66,19.0,,51.0,1430.0,55.0,-1.323098602294922,2.182910614013672,9.801018676757813,10.127964048234167,-5.833895700994533,-35.21202397885497,,1.5,43.0,,19.0,63.14,,1236.255,,,0,Gasolina,,,0.0,0.7333333333333333,87.0,0.0,0,29.41,0.99,18410.0,3.13,749.0,-1.56
F666D60A-75B1-428D-A08C-B318AA253AFC,9BWAH5BZ6KP538191,App2Car,2026-08-12T16:49:56.920010,2026-08-12T16:45:15.909169,13.66,7.0,,27.0,1432.0,54.0,-0.32482452392578126,3.010838928222656,10.351573791503906,10.785441204883329,-5.833757941747153,-35.21202872533337,,1.5,43.0,,13.0,63.14,,846.3,,,0,Gasolina,,,0.0,0.8666666666666667,87.0,0.0,0,29.41,0.99,18410.0,3.13,749.0,-1.56
F666D60A-75B1-428D-A08C-B318AA253AFC,9BWAH5BZ6KP538191,App2Car,2026-08-12T16:49:57.920464,2026-08-12T16:45:15.909169,13.66,7.0,,27.0,1400.0,54.0,-0.5646258544921875,2.824626159667969,8.226742401123047,8.716456036249909,-5.8336226802077205,-35.21203079429121,,-7.0,43.0,,13.0,63.14,,846.3,,,0,Gasolina,,,0.0,0.9666666666666667,87.0,0.0,0,29.41,0.98,18410.0,3.13,749.0,-1.56
F666D60A-75B1-428D-A08C-B318AA253AFC,9BWAH5BZ6KP538191,App2Car,2026-08-12T16:49:58.919757,2026-08-12T16:45:15.909169,13.66,7.0,,27.0,1400.0,53.0,-0.5644761657714844,2.209106140136719,9.882449340820314,10.14207021539457,-5.833488832747556,-35.21203040493629,,-8.5,43.0,,13.0,63.14,,846.3,,,0,Gasolina,,,0.0,0.9666666666666667,87.0,0.0,0,29.41,0.98,18410.0,3.13,749.0,-1.56
F666D60A-75B1-428D-A08C-B318AA253AFC,9BWAH5BZ6KP538191,App2Car,2026-08-12T16:49:59.919718,2026-08-12T16:45:15.909169,13.66,7.0,,27.0,1398.0,53.0,-0.7664062500000001,2.272574157714844,9.177864532470704,9.486051297496555,-5.8333563831684705,-35.212028319083444,,-9.0,43.0,,13.0,63.14,,846.3,,,0,Gasolina,,,0.0,0.9666666666666667,87.0,0.0,0,29.41,0.98,18410.0,3.13,749.0,-1.56
F666D60A-75B1-428D-A08C-B318AA253AFC,9BWAH5BZ6KP538191,App2Car,2026-08-12T16:50:00.920089,2026-08-12T16:45:15.909169,13.66,7.0,,26.0,1387.0,52.0,-0.05358856201171875,2.657124481201172,9.382638702392578,9.75177374953973,-5.833224483615687,-35.21202385508499,,-9.0,43.0,,13.0,63.14,,846.3,,,0,Gasolina,,,0.0,0.9666666666666667,87.0,0.0,0,29.41,0.98,18410.0,3.13,749.0,-1.56
F666D60A-75B1-428D-A08C-B318AA253AFC,9BWAH5BZ6KP538191,App2Car,2026-08-12T16:50:01.920076,2026-08-12T16:45:15.909169,13.66,7.0,,27.0,1376.0,52.0,-1.3561798095703126,2.152224426269531,9.40374481201172,9.741750876837013,-5.833093257358246,-35.21201735820864,,-9.0,43.0,,13.0,63.14,,846.3,,,0,Gasolina,,,0.0,0.9666666666666667,87.0,0.0,0,29.41,0.98,18410.0,3.13,749.0,-1.56
F666D60A-75B1-428D-A08C-B318AA253AFC,9BWAH5BZ6KP538191,App2Car,2026-08-12T16:50:02.920287,2026-08-12T16:45:15.909169,13.66,7.0,,27.0,1282.0,48.0,-0.7906558227539063,2.5503964233398437,9.929451599121094,10.282201496057533,-5.832963403396822,-35.212008769241564,,-7.5,43.0,,13.0,63.14,,846.3,,,0,Gasolina,,,0.0,0.9333333333333333,87.0,0.0,0,29.41,0.98,18410.0,3.13,749.0,-1.56
F666D60A-75B1-428D-A08C-B318AA253AFC,9BWAH5BZ6KP538191,App2Car,2026-08-12T16:50:03.919666,2026-08-12T16:45:15.909169,13.66,7.0,,26.0,1465.0,46.0,-0.5134323120117188,1.5361056518554688,9.701775054931641,9.836039473750288,-5.8328418341614405,-35.211999083066466,,-7.5,43.0,,13.0,63.14,,846.3,,,0,Gasolina,,,0.0,0.9666666666666667,87.0,0.0,0,29.41,0.98,18410.0,3.13,749.0,-1.56
F666D60A-75B1-428D-A08C-B318AA253AFC,9BWAH5BZ6KP538191,App2Car,2026-08-12T16:50:04.920197,2026-08-12T16:45:15.909169,13.66,7.0,,34.0,1595.0,46.0,-0.7746391296386719,2.8101063537597657,8.155340881347657,8.660620554647846,-5.832726437187313,-35.21198860953807,,-5.5,43.0,,13.0,63.14,,846.3,,,0,Gasolina,,,0.0,0.9333333333333333,87.0,0.0,0,29.41,0.98,18410.0,3.13,749.0,-1.56
F666D60A-75B1-428D-A08C-B318AA253AFC,9BWAH5BZ6KP538191,App2Car,2026-08-12T16:50:05.919757,2026-08-12T16:45:15.909169,13.66,15.0,,38.0,1595.0,44.0,-0.7590715026855469,2.976709899902344,10.07958938598633,10.537320037108781,-5.832614058135169,-35.21197652532825,,-3.0,43.0,,17.0,63.14,,972.025,,,0,Gasolina,,,0.0,0.6666666666666666,87.0,0.0,0,29.41,1.0,18410.0,3.13,749.0,-1.56
F666D60A-75B1-428D-A08C-B318AA253AFC,9BWAH5BZ6KP538191,App2Car,2026-08-12T16:50:06.919075,2026-08-12T16:45:15.909169,13.66,12.0,,38.0,1590.0,44.0,-1.5661930847167969,2.251168670654297,7.851173400878906,8.316348052662214,-5.832502875092439,-35.21196269967018,,18.5,43.0,,16.0,63.14,,893.1999999999999,,,0,Gasolina,,,0.0,0.8,87.0,0.0,0,29.41,0.99,18410.0,3.13,749.0,-1.56
F666D60A-75B1-428D-A08C-B318AA253AFC,9BWAH5BZ6KP538191,App2Car,2026-08-12T16:50:07.920244,2026-08-12T16:45:15.909169,13.66,12.0,,38.0,1584.0,44.0,-0.5730084228515625,2.397264862060547,12.206217041015625,12.45258816165978,-5.8323919389389225,-35.211945447773324,,24.0,43.0,,14.0,63.14,,893.1999999999999,,,0,Gasolina,,,0.0,0.8666666666666667,87.0,0.0,0,29.41,1.0,18410.0,3.13,749.0,-1.56
F666D60A-75B1-428D-A08C-B318AA253AFC,9BWAH5BZ6KP538191,App2Car,2026-08-12T16:50:08.920079,2026-08-12T16:45:15.909169,13.66,7.0,,27.0,1552.0,43.0,-0.16450790405273438,2.005828857421875,11.358529815673828,11.535450222219916,-5.832283436264113,-35.211926548814624,,-5.5,43.0,,14.0,63.14,,738.0000000000001,,,0,Gasolina,,,0.0,0.9666666666666667,87.0,0.0,0,29.41,1.0,18410.0,3.13,749.0,-1.56
F666D60A-75B1-428D-A08C-B318AA253AFC,9BWAH5BZ6KP538191,App2Car,2026-08-12T16:50:09.919581,2026-08-12T16:45:15.909169,13.66,7.0,,26.0,1508.0,41.0,-0.6491999816894531,1.977986755371094,10.228529663085938,10.43823314978536,-5.832176599892458,-35.2119065914821,,-8.5,43.0,,13.0,63.14,,673.92,,,0,Gasolina,,,0.0,0.9666666666666667,87.0,0.0,0,29.41,0.98,18410.0,3.13,749.0,-1.56
F666D60A-75B1-428D-A08C-B318AA253AFC,9BWAH5BZ6KP538191,App2Car,2026-08-12T16:50:10.919983,2026-08-12T16:45:15.909169,13.66,9.0,,47.0,1465.0,41.0,-1.2832814025878907,2.2252725219726566,8.930578765869141,9.292679164195183,-5.832072559713605,-35.21188627794654,,-8.5,43.0,,13.0,63.14,,702.0,,,0,Gasolina,,,0.0,0.9666666666666667,87.0,0.0,0,29.41,0.98,18410.0,3.13,749.0,-1.56
F666D60A-75B1-428D-A08C-B318AA253AFC,9BWAH5BZ6KP538191,App2Car,2026-08-12T16:50:11.920139,2026-08-12T16:45:15.909169,13.66,9.0,,32.0,1465.0,41.0,-0.5632786560058594,2.4342379760742188,8.233029327392579,8.603811322558158,-5.831971887263135,-35.21186456956774,,1.5,43.0,,14.0,63.14,,702.0,,,0,Gasolina,,,0.0,0.9666666666666667,87.0,0.0,0,29.41,1.0,18410.0,3.13,749.0,-1.56
F666D60A-75B1-428D-A08C-B318AA253AFC,9BWAH5BZ6KP538191,App2Car,2026-08-12T16:50:12.919994,2026-08-12T16:45:15.909169,13.66,9.0,,30.0,1440.0,40.0,-0.7217990112304687,2.6816734313964847,9.604178009033204,9.997629790828828,-5.8318726492821185,-35.211841666417044,,26.0,43.0,,14.0,63.14,,695.8,,,0,Gasolina,,,0.0,1.0,87.0,0.0,0,29.41,1.0,18410.0,3.13,749.0,-1.56
F666D60A-75B1-428D-A08C-B318AA253AFC,9BWAH5BZ6KP538191,App2Car,2026-08-12T16:50:13.920132,2026-08-12T16:45:15.909169,13.66,9.0,,30.0,1397.0,39.0,-1.3467494201660157,2.4974066162109376,9.300459594726563,9.723647591339017,-5.831775724566655,-35.21181674834953,,3.5,43.0,,13.0,63.14,,647.28,,,0,Gasolina,,,0.0,1.0,87.0,0.0,0,29.41,0.99,18410.0,3.13,749.0,-1.56
F666D60A-75B1-428D-A08C-B318AA253AFC,9BWAH5BZ6KP538191,App2Car,2026-08-12T16:50:14.919701,2026-08-12T16:45:15.909169,13.66,7.0,,27.0,1359.0,37.0,-0.7746391296386719,2.218835906982422,9.998458099365235,10.270952386611679,-5.831681126301051,-35.21179209417378,,-9.0,43.0,,13.0,63.14,,620.31,,,0,Gasolina,,,0.0,0.9333333333333333,87.0,0.0,0,29.41,0.98,18410.0,3.13,749.0,-1.56
F666D60A-75B1-428D-A08C-B318AA253AFC,9BWAH5BZ6KP538191,App2Car,2026-08-12T16:50:15.919285,2026-08-12T16:45:15.909169,13.66,7.0,,27.0,1312.0,36.0,-0.6810836791992188,2.2707778930664064,8.310268707275391,8.641809602440407,-5.831589847233873,-35.21176908504925,,-5.5,43.0,,13.0,63.14,,620.31,,,0,Gasolina,,,0.0,0.9333333333333333,87.0,0.0,0,29.41,0.98,18410.0,3.13,749.0,-1.56
F666D60A-75B1-428D-A08C-B318AA253AFC,9BWAH5BZ6KP538191,App2Car,2026-08-12T16:50:16.920412,2026-08-12T16:45:15.909169,13.66,7.0,,27.0,1312.0,36.0,-0.7390132141113281,2.5399182128906252,9.386829986572266,9.752430581942994,-5.8315019555304985,-35.2117450428575,,-5.5,43.0,,13.0,63.14,,620.31,,,0,Gasolina,,,0.0,0.9333333333333333,87.0,0.0,0,29.41,0.98,18410.0,5.47,809.0,-6.25
F666D60A-75B1-428D-A08C-B318AA253AFC,9BWAH5BZ6KP538191,App2Car,2026-08-12T16:50:17.918566,2026-08-12T16:45:15.909169,13.68,7.0,,27.0,1312.0,36.0,-0.26794281005859377,2.057172088623047,9.88274871826172,10.0981420360369,-5.831418695275521,-35.21171870409928,,-5.5,43.0,,13.0,63.14,,620.31,,,0,Gasolina,,,0.0,0.9333333333333333,87.0,0.0,0,29.41,0.98,10680.0,5.47,809.0,-6.25
F666D60A-75B1-428D-A08C-B318AA253AFC,9BWAH5BZ6KP538191,App2Car,2026-08-12T16:50:18.919623,2026-08-12T16:45:15.909169,13.68,18.0,,27.0,1267.0,32.0,-1.1282038879394531,1.9263441467285156,10.500963134765625,10.735635637543947,-5.831337625437466,-35.21169222410249,,7.5,43.0,,18.0,63.14,,766.75,,,0,Gasolina,,,0.0,0.7666666666666667,87.0,0.0,0,29.41,0.99,10680.0,5.47,809.0,-6.25
F666D60A-75B1-428D-A08C-B318AA253AFC,9BWAH5BZ6KP538191,App2Car,2026-08-12T16:50:19.920312,2026-08-12T16:45:15.909169,13.68,18.0,,56.0,1590.0,32.0,-0.9324110412597657,3.107088775634766,12.325369262695313,12.745121359615728,-5.8312613528425805,-35.21166723979379,,12.5,43.0,,18.0,63.14,,766.75,,,0,Gasolina,,,0.0,0.8666666666666667,87.0,0.0,0,29.41,1.0,10680.0,5.47,809.0,-6.25
F666D60A-75B1-428D-A08C-B318AA253AFC,9BWAH5BZ6KP538191,App2Car,2026-08-12T16:50:20.920181,2026-08-12T16:45:15.909169,13.68,22.0,,61.0,1572.0,32.0,-1.3599220275878907,2.9264144897460938,8.13633041381836,8.752894509231806,-5.831186002305147,-35.211641045715,,16.5,43.0,,18.0,63.14,,915.3,,,0,Gasolina,,,0.0,0.8333333333333334,87.0,0.0,0,29.41,1.0,10680.0,5.47,809.0,-6.25
F666D60A-75B1-428D-A08C-B318AA253AFC,9BWAH5BZ6KP538191,App2Car,2026-08-12T16:50:21.919943,2026-08-12T16:45:15.909169,13.68,15.0,,39.0,1591.0,32.0,-1.2461585998535156,2.4638763427734376,9.591155090332032,9.980674018084628,-5.831108745510071,-35.21161483534024,,15.5,43.0,,17.0,63.14,,768.92,,,0,Gasolina,,,0.0,0.7666666666666667,87.0,0.0,0,29.41,0.99,10680.0,5.47,809.0,-6.25
F666D60A-75B1-428D-A08C-B318AA253AFC,9BWAH5BZ6KP538191,App2Car,2026-08-12T16:50:22.919478,2026-08-12T16:45:15.909169,13.68,12.0,,44.0,1591.0,32.0,-1.154249725341797,2.7292744445800783,9.893975372314454,10.328212821696425,-5.831029812934295,-35.21158951208886,,15.5,43.0,,16.0,63.14,,702.02,,,0,Gasolina,,,0.0,0.7333333333333333,87.0,0.0,0,29.41,0.99,10680.0,5.47,809.0,-6.25
F666D60A-75B1-428D-A08C-B318AA253AFC,9BWAH5BZ6KP538191,App2Car,2026-08-12T16:50:23.919463,2026-08-12T16:45:15.909169,13.68,18.0,,51.0,1617.0,32.0,-1.0755134582519532,2.527643737792969,10.74450668334961,11.09009179099206,-5.8309520233367875,-35.211563857703936,,13.5,43.0,,18.0,63.14,,847.75,,,0,Gasolina,,,0.0,0.8666666666666667,87.0,0.0,0,29.41,1.0,10680.0,5.47,809.0,-6.25
F666D60A-75B1-428D-A08C-B318AA253AFC,9BWAH5BZ6KP538191,App2Car,2026-08-12T16:50:24.919758,2026-08-12T16:45:15.909169,13.68,16.0,,49.0,1617.0,33.0,-1.0313552856445314,2.4673191833496095,10.473121032714845,10.809145287377998,-5.830873851275633,-35.2115381772289,,16.5,43.0,,17.0,63.14,,812.6650000000001,,,0,Gasolina,,,0.0,0.8,87.0,0.0,0,29.41,0.99,10680.0,5.47,809.0,-6.25
F666D60A-75B1-428D-A08C-B318AA253AFC,9BWAH5BZ6KP538191,App2Car,2026-08-12T16:50:25.919448,2026-08-12T16:45:15.909169,13.68,15.0,,49.0,1636.0,33.0,-0.5863307189941407,2.481090545654297,10.713072052001953,11.012243495271827,-5.830793802262763,-35.2115130184274,,15.0,43.0,,16.0,63.14,,776.6400000000001,,,0,Gasolina,,,0.0,0.7666666666666667,87.0,0.0,0,29.41,0.99,10680.0,5.47,809.0,-6.25
F666D60A-75B1-428D-A08C-B318AA253AFC,9BWAH5BZ6KP538191,App2Car,2026-08-12T16:50:26.919224,2026-08-12T16:45:15.909169,13.68,15.0,,45.0,1659.0,34.0,-1.2710069274902345,2.569556579589844,8.719817047119141,9.17895903469839,-5.830714569667524,-35.21148450122994,,14.0,43.0,,16.0,63.14,,798.4549999999999,,,0,Gasolina,,,0.0,0.8,87.0,0.0,0,29.41,0.99,10680.0,5.47,809.0,-6.25
F666D60A-75B1-428D-A08C-B318AA253AFC,9BWAH5BZ6KP538191,App2Car,2026-08-12T16:50:27.919698,2026-08-12T16:45:15.909169,13.68,15.0,,43.0,1660.0,34.0,-1.3760884094238282,2.8169920349121096,8.113278350830079,8.697950852548944,-5.830633564179827,-35.21145246966536,,1.5,43.0,,16.0,63.14,,798.4549999999999,,,0,Gasolina,,,0.0,0.7666666666666667,87.0,0.0,0,29.41,1.0,10680.0,5.47,809.0,-6.25
F666D60A-75B1-428D-A08C-B318AA253AFC,9BWAH5BZ6KP538191,App2Car,2026-08-12T16:50:28.920093,2026-08-12T16:45:15.909169,13.68,7.0,,26.0,1658.0,34.0,-0.8279283142089844,2.3471191406250003,11.47064666748047,11.737553770864608,-5.830553363381327,-35.211418155255366,,8.0,43.0,,14.0,63.14,,627.3000000000001,,,0,Gasolina,,,0.0,1.0,87.0,0.0,0,29.41,1.0,10680.0,5.47,809.0,-6.25
F666D60A-75B1-428D-A08C-B318AA253AFC,9BWAH5BZ6KP538191,App2Car,2026-08-12T16:50:29.919988,2026-08-12T16:45:15.909169,13.68,11.0,,35.0,1670.0,34.0,-1.4864089965820313,2.394720153808594,9.943522338867188,10.335266461186565,-5.8304744498417955,-35.21138506420738,,8.0,43.0,,15.0,63.14,,710.55,,,0,Gasolina,,,0.0,0.8666666666666667,87.0,0.0,0,29.41,1.0,10680.0,5.47,809.0,-6.25
F666D60A-75B1-428D-A08C-B318AA253AFC,9BWAH5BZ6KP538191,App2Car,2026-08-12T16:50:30.920258,2026-08-12T16:45:15.909169,13.68,7.0,,26.0,1692.0,34.0,-1.1057505798339844,2.18186279296875,10.734327850341797,11.009496082508415,-5.830395023415533,-35.21135151721881,,14.0,43.0,,15.0,63.14,,649.85,,,0,Gasolina,,,0.0,1.0,87.0,0.0,0,29.41,1.0,10680.0,5.47,809.0,-6.25
F666D60A-75B1-428D-A08C-B318AA253AFC,9BWAH5BZ6KP538191,App2Car,2026-08-12T16:50:31.919951,2026-08-12T16:45:15.909169,13.68,7.0,,28.0,1692.0,34.0,-1.6579522705078127,1.8586848449707032,8.522976379394532,8.879450514976863,-5.830314851823959,-35.21131866841568,,-4.5,43.0,,14.0,63.14,,649.85,,,0,Gasolina,,,0.0,0.9666666666666667,87.0,0.0,0,29.41,1.0,10680.0,5.47,809.0,-6.25
F666D60A-75B1-428D-A08C-B318AA253AFC,9BWAH5BZ6KP538191,App2Car,2026-08-12T16:50:32.919923,2026-08-12T16:45:15.909169,13.68,8.0,,28.0,1650.0,34.0,-0.5499563598632813,2.7916946411132812,10.175090789794922,10.565438161644984,-5.830234886307868,-35.21128611431454,,23.0,43.0,,14.0,63.14,,640.5,,,0,Gasolina,,,0.0,0.9666666666666667,87.0,0.0,0,29.41,0.99,10680.0,5.47,809.0,-6.25
F666D60A-75B1-428D-A08C-B318AA253AFC,9BWAH5BZ6KP538191,App2Car,2026-08-12T16:50:33.919476,2026-08-12T16:45:15.909169,13.68,8.0,,29.0,1664.0,34.0,-1.3150154113769532,2.195933532714844,10.436147918701172,10.745444290175778,-5.83015428497898,-35.21125736711226,,21.0,43.0,,14.0,63.14,,640.5,,,0,Gasolina,,,0.0,0.9666666666666667,87.0,0.0,0,29.41,0.99,10680.0,5.47,809.0,-6.25
F666D60A-75B1-428D-A08C-B318AA253AFC,9BWAH5BZ6KP538191,App2Car,2026-08-12T16:50:34.919202,2026-08-12T16:45:15.909169,13.68,7.0,,26.0,1660.0,33.0,-1.2166699218750001,2.5521926879882812,9.030421142578126,9.462688794826668,-5.8300740634336154,-35.211226192941844,,-5.5,43.0,,14.0,63.14,,612.0000000000001,,,0,Gasolina,,,0.0,0.9666666666666667,87.0,0.0,0,29.41,0.99,10680.0,5.47,809.0,-6.25
F666D60A-75B1-428D-A08C-B318AA253AFC,9BWAH5BZ6KP538191,App2Car,2026-08-12T16:50:35.920131,2026-08-12T16:45:15.909169,13.68,8.0,,28.0,1609.0,33.0,-1.0240205383300782,2.6298811340332033,8.624315643310547,9.074343676405286,-5.829994900760547,-35.21119692160094,,-6.0,43.0,,13.0,63.14,,606.8000000000001,,,0,Gasolina,,,0.0,0.9333333333333333,87.0,0.0,0,29.41,0.98,10680.0,5.47,809.0,-6.25
F666D60A-75B1-428D-A08C-B318AA253AFC,9BWAH5BZ6KP538191,App2Car,2026-08-12T16:50:36.920318,2026-08-12T16:45:15.909169,13.68,7.0,,27.0,1559.0,31.0,-1.0870394897460938,2.616259460449219,8.03813461303711,8.522797455880477,-5.82991594853412,-35.21116885872333,,-6.0,43.0,,13.0,63.14,,543.21,,,0,Gasolina,,,0.0,0.9666666666666667,87.0,0.0,0,29.41,0.98,10680.0,5.47,809.0,-6.25
F666D60A-75B1-428D-A08C-B318AA253AFC,9BWAH5BZ6KP538191,App2Car,2026-08-12T16:50:37.920762,2026-08-12T16:45:15.909169,13.68,7.0,,27.0,1489.0,31.0,-0.07738906860351563,2.432142333984375,11.218421173095704,11.479297845149775,-5.829839510085398,-35.21114037871644,,-7.5,43.0,,13.0,63.14,,543.21,,,0,Gasolina,,,0.0,0.9666666666666667,87.0,0.0,0,29.41,0.98,10680.0,5.47,809.0,-6.25
F666D60A-75B1-428D-A08C-B318AA253AFC,9BWAH5BZ6KP538191,App2Car,2026-08-12T16:50:38.920126,2026-08-12T16:45:15.909169,13.68,7.0,,27.0,1489.0,30.0,0.023351440429687502,2.8262727355957034,10.001002807617189,10.392709946097247,-5.829767478112082,-35.2111097187444,,-8.5,43.0,,13.0,63.14,,543.21,,,0,Gasolina,,,0.0,0.9666666666666667,87.0,0.0,0,29.41,0.98,10680.0,5.47,809.0,-6.25
F666D60A-75B1-428D-A08C-B318AA253AFC,9BWAH5BZ6KP538191,App2Car,2026-08-12T16:50:39.921153,2026-08-12T16:45:15.909169,13.68,6.0,,27.0,1373.0,28.0,1.3748908996582032,3.6265086364746097,8.357570343017578,9.21362425513841,-5.8297047399504685,-35.21107278462285,,-5.5,43.0,,13.0,63.14,,454.41,,,0,Gasolina,,,0.0,0.8666666666666667,87.0,0.0,0,29.41,0.98,10680.0,5.47,809.0,-6.25
F666D60A-75B1-428D-A08C-B318AA253AFC,9BWAH5BZ6KP538191,App2Car,2026-08-12T16:50:40.920412,2026-08-12T16:45:15.909169,13.68,6.0,,25.0,1296.0,26.0,2.1119581604003907,4.111649780273438,9.603130187988281,10.65767988796606,-5.829644347564186,-35.21104754010402,,3.0,43.0,,19.0,63.14,,511.36,,,0,Gasolina,,,0.0,0.9666666666666667,87.0,0.0,0,29.41,0.98,10680.0,5.47,809.0,-6.25
F666D60A-75B1-428D-A08C-B318AA253AFC,9BWAH5BZ6KP538191,App2Car,2026-08-12T16:50:41.921276,2026-08-12T16:45:15.909169,13.68,22.0,,61.0,1452.0,26.0,1.6119978332519531,3.92543701171875,7.148534545898438,8.313190657099343,-5.82959343676006,-35.2110213565503,,12.0,43.0,,19.0,63.14,,767.04,,,0,Gasolina,,,0.0,0.8666666666666667,87.0,0.0,0,29.41,1.0,10680.0,5.47,809.0,-6.25
F666D60A-75B1-428D-A08C-B318AA253AFC,9BWAH5BZ6KP538191,App2Car,2026-08-12T16:50:42.920855,2026-08-12T16:45:15.909169,13.68,25.0,,74.0,1520.0,27.0,1.009650421142578,4.555327148437501,9.875713348388672,10.922459134359226,-5.829605427397656,-35.210902342329,,14.0,43.0,,20.0,63.14,,915.2,,,0,Gasolina,,,0.0,0.9,87.0,0.0,0,29.41,1.0,10680.0,5.47,809.0,-6.25
F666D60A-75B1-428D-A08C-B318AA253AFC,9BWAH5BZ6KP538191,App2Car,2026-08-12T16:50:43.922298,2026-08-12T16:45:15.909169,13.68,28.0,,85.0,1595.0,27.0,-0.5575904846191406,3.2394136047363284,9.583820343017578,10.131846821696733,-5.829618230445671,-35.21082729629946,,14.0,43.0,,22.0,63.14,,1023.0,,,0,Gasolina,,,0.0,0.9333333333333333,87.0,0.0,0,29.41,1.0,10680.0,5.47,809.0,-6.25
F666D60A-75B1-428D-A08C-B318AA253AFC,9BWAH5BZ6KP538191,App2Car,2026-08-12T16:50:44.920320,2026-08-12T16:45:15.909169,13.68,27.0,,80.0,1595.0,28.0,-1.0828482055664064,2.8297155761718753,10.079888763427736,10.525398232912845,-5.829641262921341,-35.210756965623496,,15.0,43.0,,22.0,63.14,,1043.625,,,0,Gasolina,,,0.0,0.9333333333333333,87.0,0.0,0,29.41,0.99,10680.0,5.47,809.0,-6.25
F666D60A-75B1-428D-A08C-B318AA253AFC,9BWAH5BZ6KP538191,App2Car,2026-08-12T16:50:45.920435,2026-08-12T16:45:15.909169,13.68,21.0,,77.0,1455.0,30.0,-1.393751678466797,2.7331663513183595,7.554490356445313,8.153714895115794,-5.829666820644733,-35.2106833402855,,14.0,43.0,,18.0,63.14,,830.025,,,0,Gasolina,,,0.0,0.8333333333333334,87.0,0.0,0,29.41,1.0,10680.0,5.47,809.0,-6.25
F666D60A-75B1-428D-A08C-B318AA253AFC,9BWAH5BZ6KP538191,App2Car,2026-08-12T16:50:46.920556,2026-08-12T16:45:15.909169,13.68,21.0,,77.0,1491.0,30.0,-2.341131591796875,3.7149746704101565,6.629264373779297,7.9516715267519595,-5.829693233410684,-35.210612333738105,,12.5,43.0,,21.0,63.14,,830.025,,,0,Gasolina,,,0.0,0.8666666666666667,87.0,0.0,0,29.41,1.0,10680.0,5.47,809.0,-6.25
F666D60A-75B1-428D-A08C-B318AA253AFC,9BWAH5BZ6KP538191,App2Car,2026-08-12T16:50:47.922419,2026-08-12T16:45:15.909169,13.68,26.0,,82.0,1568.0,31.0,-1.9630178833007814,2.7628047180175783,6.800059204101563,7.597850636814681,-5.8297309916304005,-35.21054483166492,,14.0,43.0,,21.0,63.14,,1045.3799999999999,,,0,Gasolina,,,0.0,0.9,87.0,0.0,0,29.41,0.99,10680.0,5.47,809.0,-6.25
F666D60A-75B1-428D-A08C-B318AA253AFC,9BWAH5BZ6KP538191,App2Car,2026-08-12T16:50:48.920222,2026-08-12T16:45:15.909169,13.68,34.0,,92.0,1646.0,33.0,-1.1081455993652345,4.7644422912597655,10.909164276123047,11.955658167561351,-5.829762798838651,-35.210471589333366,,12.5,43.0,,25.0,63.14,,1388.91,,,0,Gasolina,,,0.0,1.0,87.0,0.0,0,29.41,1.0,10680.0,5.47,809.0,-6.25
F666D60A-75B1-428D-A08C-B318AA253AFC,9BWAH5BZ6KP538191,App2Car,2026-08-12T16:50:49.919766,2026-08-12T16:45:15.909169,13.68,38.0,,94.0,1747.0,35.0,0.8854087829589844,4.152215423583985,8.553812255859375,9.54947882061004,-5.829795510268783,-35.21039479901329,,12.5,43.0,,27.0,63.14,,1623.1549999999997,,,0,Gasolina,,,0.0,1.0,87.0,0.0,0,29.41,1.0,10680.0,5.47,809.0,-6.25
F666D60A-75B1-428D-A08C-B318AA253AFC,9BWAH5BZ6KP538191,App2Car,2026-08-12T16:50:50.920206,2026-08-12T16:45:15.909169,13.68,36.0,,94.0,1822.0,35.0,-1.3133688354492188,2.442470855712891,10.028246154785156,10.40462985982199,-5.829828086047242,-35.210313208307795,,11.0,43.0,,30.0,63.14,,1685.185,,,1,Gasolina,,,0.0,0.9,87.0,0.0,0,29.41,1.0,10680.0,5.47,809.0,-6.25
F666D60A-75B1-428D-A08C-B318AA253AFC,9BWAH5BZ6KP538191,App2Car,2026-08-12T16:50:51.919755,2026-08-12T16:45:15.909169,13.68,33.0,,88.0,1822.0,37.0,-2.245330810546875,2.2580543518066407,7.611671447753906,8.25093098583766,-5.829863369612253,-35.2102257790086,,13.5,43.0,,26.0,63.14,,1547.6999999999998,,,0,Gasolina,,,0.0,0.8,87.0,0.0,0,29.41,1.0,10680.0,5.47,809.0,-6.25
F666D60A-75B1-428D-A08C-B318AA253AFC,9BWAH5BZ6KP538191,App2Car,2026-08-12T16:50:52.919396,2026-08-12T16:45:15.909169,13.68,34.0,,88.0,1880.0,39.0,-1.0732681274414062,3.711980895996094,8.94539794921875,9.74427273404786,-5.82989969354376,-35.210136895533,,-2.5,43.0,,25.0,63.14,,1598.6999999999998,,,0,Gasolina,,,0.0,0.9,87.0,0.0,0,29.41,0.98,10680.0,5.47,809.0,-6.25
F666D60A-75B1-428D-A08C-B318AA253AFC,9BWAH5BZ6KP538191,App2Car,2026-08-12T16:50:53.919962,2026-08-12T16:45:15.909169,13.68,34.0,,91.0,1480.0,40.0,-2.2350022888183596,1.854942626953125,10.846893768310547,11.229031650205874,-5.8299354376904535,-35.2100433246425,,12.5,43.0,,24.0,63.14,,1472.6,,,0,Gasolina,,,0.0,1.0,87.0,0.0,0,29.41,1.0,10680.0,5.47,809.0,-6.25
F666D60A-75B1-428D-A08C-B318AA253AFC,9BWAH5BZ6KP538191,App2Car,2026-08-12T16:50:54.920038,2026-08-12T16:45:15.909169,13.68,31.0,,90.0,1505.0,40.0,-1.6899856567382814,2.2845492553710938,9.644893341064453,10.054809017614764,-5.829969928302161,-35.209948432608115,,14.0,43.0,,24.0,63.14,,1377.4,,,0,Gasolina,,,0.0,1.0,87.0,0.0,0,29.41,1.0,10680.0,5.47,809.0,-6.25
F666D60A-75B1-428D-A08C-B318AA253AFC,9BWAH5BZ6KP538191,App2Car,2026-08-12T16:50:55.919298,2026-08-12T16:45:15.909169,13.68,24.0,,53.0,1450.0,40.0,-1.1924203491210938,2.4792942810058594,10.067614288330079,10.436743930911325,-5.830006869146973,-35.209851669433554,,1.5,43.0,,22.0,63.14,,1185.6,,,0,Gasolina,,,0.0,0.8333333333333334,87.0,0.0,0,29.41,1.0,10680.0,5.47,809.0,-6.25
F666D60A-75B1-428D-A08C-B318AA253AFC,9BWAH5BZ6KP538191,App2Car,2026-08-12T16:50:56.919302,2026-08-12T16:45:15.909169,13.68,7.0,,28.0,1388.0,38.0,-1.4720388793945314,2.3543041992187503,9.981094207763672,10.360110439042707,-5.830046400855841,-35.2097560074943,,1.5,43.0,,13.0,63.14,,604.8000000000001,,,0,Gasolina,,,0.0,0.9666666666666667,87.0,0.0,0,29.41,0.99,10680.0,5.47,809.0,-6.25
F666D60A-75B1-428D-A08C-B318AA253AFC,9BWAH5BZ6KP538191,App2Car,2026-08-12T16:50:57.919440,2026-08-12T16:45:15.909169,13.68,7.0,,28.0,1288.0,38.0,-2.912194061279297,1.7919236755371095,9.603728942871093,10.194286356466586,-5.830081665166407,-35.20966496843906,,-7.5,43.0,,13.0,63.14,,604.8000000000001,,,0,Gasolina,,,0.0,0.9333333333333333,87.0,0.0,0,29.41,0.98,10680.0,5.47,809.0,-6.25
F666D60A-75B1-428D-A08C-B318AA253AFC,9BWAH5BZ6KP538191,App2Car,2026-08-12T16:50:58.919212,2026-08-12T16:45:15.909169,13.68,7.0,,28.0,1288.0,35.0,-2.146087188720703,2.668201446533203,9.765692138671875,10.348610154421253,-5.830114107772871,-35.20957800170802,,-5.5,43.0,,13.0,63.14,,604.8000000000001,,,0,Gasolina,,,0.0,0.9333333333333333,87.0,0.0,0,29.41,0.98,10680.0,5.47,809.0,-6.25
F666D60A-75B1-428D-A08C-B318AA253AFC,9BWAH5BZ6KP538191,App2Car,2026-08-12T16:50:59.919774,2026-08-12T16:45:15.909169,13.68,22.0,,28.0,1240.0,32.0,-2.6876609802246096,2.08606201171875,10.88820785522461,11.407376848335156,-5.83014353649789,-35.20949751158226,,-7.0,43.0,,15.0,63.14,,739.8,,,0,Gasolina,,,1.0,0.5666666666666667,87.0,0.0,0,29.41,0.98,10680.0,5.47,809.0,-6.25
F666D60A-75B1-428D-A08C-B318AA253AFC,9BWAH5BZ6KP538191,App2Car,2026-08-12T16:51:00.918854,2026-08-12T16:45:15.909169,13.68,22.0,,66.0,1566.0,32.0,-3.2876133728027344,4.601880340576172,8.752598876953126,10.420829691481094,-5.830171032115406,-35.209420329415984,,13.5,43.0,,20.0,63.14,,739.8,,,0,Gasolina,,,0.0,0.8333333333333334,87.0,0.0,0,29.41,1.0,10680.0,5.47,809.0,-6.25
F666D60A-75B1-428D-A08C-B318AA253AFC,9BWAH5BZ6KP538191,App2Car,2026-08-12T16:51:01.919838,2026-08-12T16:45:15.909169,13.68,25.0,,73.0,1668.0,33.0,0.47451324462890626,4.5708947753906255,9.01575164794922,10.119388303870972,-5.830194085530202,-35.209345497132624,,13.5,43.0,,20.0,63.14,,1063.72,,,0,Gasolina,,,0.0,0.9,87.0,0.0,0,29.41,1.0,10680.0,5.47,809.0,-6.25
F666D60A-75B1-428D-A08C-B318AA253AFC,9BWAH5BZ6KP538191,App2Car,2026-08-12T16:51:02.918204,2026-08-12T16:45:15.909169,13.68,32.0,,89.0,1716.0,34.0,-1.6143928527832032,2.7027795410156252,8.674461364746094,9.228085473104526,-5.830216585297244,-35.209265080495136,,-1.5,43.0,,25.0,63.14,,1391.28,,,0,Gasolina,,,0.0,0.9,87.0,0.0,0,29.41,0.99,10680.0,5.47,809.0,-6.25
F666D60A-75B1-428D-A08C-B318AA253AFC,9BWAH5BZ6KP538191,App2Car,2026-08-12T16:51:03.920101,2026-08-12T16:45:15.909169,13.68,14.0,,32.0,1695.0,34.0,-1.1796968078613281,2.5893154907226563,8.804241485595703,9.252616246535839,-5.830245377933111,-35.20918297996858,,-1.5,43.0,,18.0,63.14,,843.84,,,0,Gasolina,,,0.0,0.7333333333333333,87.0,0.0,0,29.41,0.99,10680.0,5.47,809.0,-6.25
F666D60A-75B1-428D-A08C-B318AA253AFC,9BWAH5BZ6KP538191,App2Car,2026-08-12T16:51:04.919122,2026-08-12T16:45:15.909169,13.68,7.0,,27.0,1639.0,34.0,-0.42706192016601563,2.5367747497558595,10.058183898925781,10.381939672299422,-5.830275395364656,-35.20909959983609,,0.5,43.0,,14.0,63.14,,634.475,,,0,Gasolina,,,0.0,0.9666666666666667,87.0,0.0,0,29.41,1.0,10680.0,5.47,809.0,-6.25
F666D60A-75B1-428D-A08C-B318AA253AFC,9BWAH5BZ6KP538191,App2Car,2026-08-12T16:51:05.920100,2026-08-12T16:45:15.909169,13.68,7.0,,28.0,1639.0,33.0,-1.2467573547363282,2.0842657470703125,8.261170806884767,8.610778751455923,-5.830304902344982,-35.20902086354623,,-6.0,43.0,,13.0,63.14,,607.8,,,0,Gasolina,,,0.0,0.9,87.0,0.0,0,29.41,0.98,10680.0,5.47,809.0,-6.25
F666D60A-75B1-428D-A08C-B318AA253AFC,9BWAH5BZ6KP538191,App2Car,2026-08-12T16:51:06.919332,2026-08-12T16:45:15.909169,13.68,7.0,,28.0,1552.0,31.0,-1.4498849487304688,1.939666442871094,10.74540481567383,11.014907940008472,-5.83033289172586,-35.20894494469983,,-7.5,43.0,,13.0,63.14,,541.88,,,0,Gasolina,,,0.0,0.9666666666666667,87.0,0.0,0,29.41,0.98,10680.0,5.47,809.0,-6.25
F666D60A-75B1-428D-A08C-B318AA253AFC,9BWAH5BZ6KP538191,App2Car,2026-08-12T16:51:07.919997,2026-08-12T16:45:15.909169,13.68,7.0,,28.0,1483.0,30.0,-2.4837849426269534,0.34982254028320314,10.51697982788086,10.811957646557977,-5.830361290982385,-35.20887014012832,,-8.5,43.0,,13.0,63.14,,541.88,,,0,Gasolina,,,0.0,0.9666666666666667,87.0,0.0,0,29.41,0.98,10680.0,5.47,809.0,-6.25
F666D60A-75B1-428D-A08C-B318AA253AFC,9BWAH5BZ6KP538191,App2Car,2026-08-12T16:51:08.919295,2026-08-12T16:45:15.909169,13.68,7.0,,27.0,1273.0,25.0,-1.1133847045898437,1.1391311645507813,6.987768859863282,7.167018832774225,-5.830388038777356,-35.20880103661198,,3.0,43.0,,13.0,63.14,,541.88,,,0,Gasolina,,,0.0,0.9666666666666667,87.0,0.0,0,29.41,1.0,10680.0,5.47,809.0,-6.25
F666D60A-75B1-428D-A08C-B318AA253AFC,9BWAH5BZ6KP538191,App2Car,2026-08-12T16:51:09.919515,2026-08-12T16:45:15.909169,13.68,9.0,,31.0,1165.0,19.0,-0.5788462829589844,0.5125341796875,9.404193878173828,9.435921619159704,-5.830410524439845,-35.208741098922765,,-4.0,43.0,,13.0,63.14,,437.41,,,0,Gasolina,,,0.0,0.9333333333333333,87.0,0.0,0,29.41,0.98,10680.0,5.47,809.0,-6.25
F666D60A-75B1-428D-A08C-B318AA253AFC,9BWAH5BZ6KP538191,App2Car,2026-08-12T16:51:10.919161,2026-08-12T16:45:15.909169,13.68,12.0,,67.0,1500.0,18.0,-2.0113673400878906,0.9978250122070313,7.9626914978027346,8.273192202586506,-5.830428573833179,-35.20869500586953,,-4.0,43.0,,15.0,63.14,,413.07500000000005,,,0,Gasolina,,,0.0,0.7666666666666667,87.0,0.0,0,29.41,1.0,10680.0,5.47,809.0,-6.25
F666D60A-75B1-428D-A08C-B318AA253AFC,9BWAH5BZ6KP538191,App2Car,2026-08-12T16:51:11.919381,2026-08-12T16:45:15.909169,13.68,34.0,,85.0,1892.0,18.0,-0.23441253662109376,3.403472442626953,9.49625244140625,10.09046006562438,-5.830443884901286,-35.20865371678749,,-4.0,43.0,,24.0,63.14,,1014.0,,,0,Gasolina,,,0.0,0.8666666666666667,87.0,0.0,0,29.41,1.0,10680.0,5.47,809.0,-6.25
F666D60A-75B1-428D-A08C-B318AA253AFC,9BWAH5BZ6KP538191,App2Car,2026-08-12T16:51:12.919960,2026-08-12T16:45:15.909169,13.68,33.0,,87.0,1892.0,21.0,-3.212918701171875,2.4867787170410156,8.883875885009767,9.76883645620737,-5.830462288482095,-35.20860166944921,,12.5,43.0,,26.0,63.14,,1212.8400000000001,,,0,Gasolina,,,0.0,1.0,87.0,0.0,0,29.41,1.0,10680.0,5.47,809.0,-6.25
F666D60A-75B1-428D-A08C-B318AA253AFC,9BWAH5BZ6KP538191,App2Car,2026-08-12T16:51:13.920024,2026-08-12T16:45:15.909169,13.68,29.0,,87.0,2147.0,25.0,-1.9164646911621095,2.169588317871094,8.709338836669922,9.177828357157306,-5.830485485710244,-35.20854489543701,,15.5,43.0,,25.0,63.14,,1254.69,,,0,Gasolina,,,0.0,0.8666666666666667,87.0,0.0,0,29.41,1.0,10680.0,5.47,809.0,-6.25
F666D60A-75B1-428D-A08C-B318AA253AFC,9BWAH5BZ6KP538191,App2Car,2026-08-12T16:51:14.919493,2026-08-12T16:45:15.909169,13.68,29.0,,83.0,2356.0,28.0,-2.368524627685547,3.933669891357422,8.951535186767579,10.060499486907345,-5.830512426731783,-35.20848122635139,,18.0,43.0,,24.0,63.14,,1355.46,,,0,Gasolina,,,0.0,0.9333333333333333,87.0,0.0,0,29.41,1.0,10680.0,5.47,809.0,-6.25
F666D60A-75B1-428D-A08C-B318AA253AFC,9BWAH5BZ6KP538191,App2Car,2026-08-12T16:51:15.919471,2026-08-12T16:45:15.909169,13.68,27.0,,87.0,1690.0,31.0,-1.5575111389160157,3.264112243652344,8.159681854248047,8.925283057111043,-5.8305368768491945,-35.20841421502697,,15.0,43.0,,24.0,63.14,,1307.8999999999999,,,0,Gasolina,,,0.0,0.9,87.0,0.0,0,29.41,0.99,10680.0,5.47,809.0,-6.25
F666D60A-75B1-428D-A08C-B318AA253AFC,9BWAH5BZ6KP538191,App2Car,2026-08-12T16:51:16.919252,2026-08-12T16:45:15.909169,13.68,27.0,,87.0,1690.0,31.0,-0.7382647705078126,3.350332946777344,7.005731506347656,7.8006435417000635,-5.830565863552384,-35.20834259603511,,15.0,43.0,,24.0,63.14,,1307.8999999999999,,,0,Gasolina,,,0.0,0.9,87.0,0.0,0,29.41,0.99,10680.0,3.13,869.0,4.69
F666D60A-75B1-428D-A08C-B318AA253AFC,9BWAH5BZ6KP538191,App2Car,2026-08-12T16:51:17.919335,2026-08-12T16:45:15.909169,13.73,27.0,,81.0,1690.0,31.0,-1.5447875976562502,3.1615754699707033,7.086413726806641,7.911964843303251,-5.8305942426647785,-35.20826495349999,,15.0,43.0,,24.0,63.14,,1307.8999999999999,,,0,Gasolina,,,0.0,0.9,87.0,0.0,0,29.41,0.99,19120.0,3.13,869.0,4.69
F666D60A-75B1-428D-A08C-B318AA253AFC,9BWAH5BZ6KP538191,App2Car,2026-08-12T16:51:18.919072,2026-08-12T16:45:15.909169,13.73,23.0,,81.0,1692.0,35.0,-1.7353413391113282,1.7527052307128907,11.437415771484375,11.700336094266547,-5.830624298710502,-35.20818415942011,,16.5,43.0,,20.0,63.14,,1070.68,,,0,Gasolina,,,0.0,0.8333333333333334,87.0,0.0,0,29.41,1.0,19120.0,3.13,869.0,4.69
F666D60A-75B1-428D-A08C-B318AA253AFC,9BWAH5BZ6KP538191,App2Car,2026-08-12T16:51:19.920105,2026-08-12T16:45:15.909169,13.73,23.0,,65.0,1725.0,35.0,-0.43888732910156253,2.12917236328125,7.980803833007813,8.271591555508454,-5.830654164129484,-35.20810036631098,,17.0,43.0,,19.0,63.14,,1070.68,,,0,Gasolina,,,0.0,0.8,87.0,0.0,0,29.41,1.0,19120.0,3.13,869.0,4.69
F666D60A-75B1-428D-A08C-B318AA253AFC,9BWAH5BZ6KP538191,App2Car,2026-08-12T16:51:20.919690,2026-08-12T16:45:15.909169,13.73,20.0,,63.0,1737.0,36.0,-0.5306465148925782,3.141068115234375,9.071435852050781,9.61451210650764,-5.830684088741147,-35.20801730235445,,18.0,43.0,,19.0,63.14,,1018.3600000000001,,,0,Gasolina,,,0.0,0.8,87.0,0.0,0,29.41,1.0,19120.0,3.13,869.0,4.69
F666D60A-75B1-428D-A08C-B318AA253AFC,9BWAH5BZ6KP538191,App2Car,2026-08-12T16:51:21.919906,2026-08-12T16:45:15.909169,13.73,20.0,,61.0,1780.0,36.0,-1.478924560546875,2.9032127380371096,9.282047882080079,9.837290020291004,-5.8307127176696785,-35.20793270835497,,18.0,43.0,,18.0,63.14,,1018.3600000000001,,,0,Gasolina,,,0.0,0.8,87.0,0.0,0,29.41,1.0,19120.0,3.13,869.0,4.69
F666D60A-75B1-428D-A08C-B318AA253AFC,9BWAH5BZ6KP538191,App2Car,2026-08-12T16:51:22.919142,2026-08-12T16:45:15.909169,13.73,20.0,,61.0,1810.0,37.0,-0.6960525512695312,3.4337095642089848,8.985514526367188,9.644393284651184,-5.830744405396509,-35.207845941645076,,18.0,43.0,,18.0,63.14,,1028.85,,,0,Gasolina,,,0.0,0.8,87.0,0.0,0,29.41,1.0,19120.0,3.13,869.0,4.69
F666D60A-75B1-428D-A08C-B318AA253AFC,9BWAH5BZ6KP538191,App2Car,2026-08-12T16:51:23.919604,2026-08-12T16:45:15.909169,13.73,21.0,,64.0,1847.0,37.0,-1.8998492431640626,3.2859667968750004,9.648934936523437,10.368652291700139,-5.830777953803239,-35.20775620096378,,18.0,43.0,,19.0,63.14,,1075.9,,,0,Gasolina,,,0.0,0.8,87.0,0.0,0,29.41,1.0,19120.0,3.13,869.0,4.69
F666D60A-75B1-428D-A08C-B318AA253AFC,9BWAH5BZ6KP538191,App2Car,2026-08-12T16:51:24.919271,2026-08-12T16:45:15.909169,13.73,21.0,,66.0,1847.0,38.0,-2.1547691345214846,2.444865875244141,9.790989532470704,10.319102441393373,-5.830810194103314,-35.20766809859173,,18.5,43.0,,19.0,63.14,,1105.365,,,0,Gasolina,,,0.0,0.8,87.0,0.0,0,29.41,1.0,19120.0,3.13,869.0,4.69
F666D60A-75B1-428D-A08C-B318AA253AFC,9BWAH5BZ6KP538191,App2Car,2026-08-12T16:51:25.918536,2026-08-12T16:45:15.909169,13.73,20.0,,66.0,1860.0,38.0,-1.0404862976074218,3.2539334106445312,10.028096466064454,10.594027237510387,-5.830845189198923,-35.2075760080466,,18.5,43.0,,18.0,63.14,,1061.4,,,0,Gasolina,,,0.0,0.8,87.0,0.0,0,29.41,1.0,19120.0,3.13,869.0,4.69
F666D60A-75B1-428D-A08C-B318AA253AFC,9BWAH5BZ6KP538191,App2Car,2026-08-12T16:51:26.919457,2026-08-12T16:45:15.909169,13.73,20.0,,65.0,1876.0,38.0,-1.1549981689453126,2.3905288696289064,10.033335571289063,10.37865462056093,-5.830879407587438,-35.20748479819977,,18.5,43.0,,18.0,63.14,,1061.4,,,0,Gasolina,,,0.0,0.8,87.0,0.0,0,29.41,1.0,19120.0,3.13,869.0,4.69
F666D60A-75B1-428D-A08C-B318AA253AFC,9BWAH5BZ6KP538191,App2Car,2026-08-12T16:51:27.919444,2026-08-12T16:45:15.909169,13.73,20.0,,65.0,1870.0,38.0,-1.9359242248535158,2.0609143066406252,9.785001983642578,10.185353906643591,-5.830913232156896,-35.207394120895984,,18.0,43.0,,18.0,63.14,,1061.4,,,0,Gasolina,,,0.0,0.8,87.0,0.0,0,29.41,1.0,19120.0,3.13,869.0,4.69
F666D60A-75B1-428D-A08C-B318AA253AFC,9BWAH5BZ6KP538191,App2Car,2026-08-12T16:51:28.919277,2026-08-12T16:45:15.909169,13.73,23.0,,77.0,1881.0,38.0,-1.9778370666503908,4.379143524169922,8.888516235351563,10.1041802405541,-5.830947289442517,-35.20730389795629,,17.0,43.0,,20.0,63.14,,1180.35,,,0,Gasolina,,,0.0,0.8,87.0,0.0,0,29.41,1.0,19120.0,3.13,869.0,4.69
F666D60A-75B1-428D-A08C-B318AA253AFC,9BWAH5BZ6KP538191,App2Car,2026-08-12T16:51:29.919457,2026-08-12T16:45:15.909169,13.73,27.0,,83.0,1891.0,39.0,-2.621199188232422,2.901266784667969,7.732619934082032,8.664955001912631,-5.830984164209993,-35.20721292653607,,17.0,43.0,,22.0,63.14,,1350.03,,,0,Gasolina,,,0.0,0.8333333333333334,87.0,0.0,0,29.41,1.0,19120.0,3.13,869.0,4.69
F666D60A-75B1-428D-A08C-B318AA253AFC,9BWAH5BZ6KP538191,App2Car,2026-08-12T16:51:30.919923,2026-08-12T16:45:15.909169,13.73,27.0,,84.0,1906.0,39.0,0.00029937744140625,3.6643798828125003,9.19537811279297,9.898619027542166,-5.831019989692153,-35.20712061198664,,16.5,43.0,,23.0,63.14,,1350.03,,,0,Gasolina,,,0.0,0.8666666666666667,87.0,0.0,0,29.41,1.0,19120.0,3.13,869.0,4.69
F666D60A-75B1-428D-A08C-B318AA253AFC,9BWAH5BZ6KP538191,App2Car,2026-08-12T16:51:31.919257,2026-08-12T16:45:15.909169,13.73,27.0,,84.0,1906.0,39.0,-1.0072554016113282,3.6543507385253906,9.855355682373048,10.559208227434432,-5.83105349768866,-35.20702763712887,,16.5,43.0,,23.0,63.14,,1350.03,,,0,Gasolina,,,0.0,0.8333333333333334,87.0,0.0,0,29.41,1.0,19120.0,3.13,869.0,4.69
F666D60A-75B1-428D-A08C-B318AA253AFC,9BWAH5BZ6KP538191,App2Car,2026-08-12T16:51:32.919394,2026-08-12T16:45:15.909169,13.73,28.0,,84.0,1921.0,39.0,-0.9467811584472656,3.297642517089844,8.796906738281251,9.442267148017336,-5.8310872123233874,-35.206934059190715,,16.5,43.0,,23.0,63.14,,1414.035,,,0,Gasolina,,,0.0,0.8666666666666667,87.0,0.0,0,29.41,1.0,19120.0,3.13,869.0,4.69
F666D60A-75B1-428D-A08C-B318AA253AFC,9BWAH5BZ6KP538191,App2Car,2026-08-12T16:51:33.919861,2026-08-12T16:45:15.909169,13.73,28.0,,84.0,1919.0,39.0,-1.3286370849609375,3.254681854248047,9.623787231445313,10.24575576285297,-5.831119141769295,-35.20684150594382,,16.5,43.0,,23.0,63.14,,1414.035,,,0,Gasolina,,,0.0,0.8666666666666667,87.0,0.0,0,29.41,1.0,19120.0,3.13,869.0,4.69
F666D60A-75B1-428D-A08C-B318AA253AFC,9BWAH5BZ6KP538191,App2Car,2026-08-12T16:51:34.919691,2026-08-12T16:45:15.909169,13.73,27.0,,84.0,1909.0,39.0,-1.1373348999023438,3.536545715332031,8.858129425048828,9.60557875310411,-5.831152779523657,-35.20674876536908,,16.5,43.0,,23.0,63.14,,1392.27,,,0,Gasolina,,,0.0,0.8666666666666667,87.0,0.0,0,29.41,1.0,19120.0,3.13,869.0,4.69
F666D60A-75B1-428D-A08C-B318AA253AFC,9BWAH5BZ6KP538191,App2Car,2026-08-12T16:51:35.919338,2026-08-12T16:45:15.909169,13.73,27.0,,83.0,1897.0,39.0,-0.6471043395996094,3.4046699523925783,10.660231933593751,11.209418646346718,-5.831187822551316,-35.20665825588278,,16.5,43.0,,22.0,63.14,,1392.27,,,0,Gasolina,,,0.0,0.8666666666666667,87.0,0.0,0,29.41,1.0,19120.0,3.13,869.0,4.69
F666D60A-75B1-428D-A08C-B318AA253AFC,9BWAH5BZ6KP538191,App2Car,2026-08-12T16:51:36.919411,2026-08-12T16:45:15.909169,13.73,27.0,,83.0,1883.0,38.0,-1.2708572387695314,2.5129742431640625,8.321495361328125,8.785067029724042,-5.8312222300457215,-35.20656656580488,,16.5,43.0,,22.0,63.14,,1326.975,,,0,Gasolina,,,0.0,0.8666666666666667,87.0,0.0,0,29.41,1.0,19120.0,3.13,869.0,4.69
F666D60A-75B1-428D-A08C-B318AA253AFC,9BWAH5BZ6KP538191,App2Car,2026-08-12T16:51:37.919097,2026-08-12T16:45:15.909169,13.73,26.0,,81.0,1862.0,38.0,-1.6982185363769533,2.9557534790039064,8.331674194335937,9.002067523991439,-5.831256666386205,-35.20647648108371,,16.5,42.0,,22.0,63.14,,1306.56,,,0,Gasolina,,,0.0,0.8666666666666667,87.0,0.0,0,29.41,1.0,19120.0,3.13,869.0,4.69
F666D60A-75B1-428D-A08C-B318AA253AFC,9BWAH5BZ6KP538191,App2Car,2026-08-12T16:51:38.919926,2026-08-12T16:45:15.909169,13.73,23.0,,58.0,1862.0,38.0,-0.5441184997558594,3.1400202941894535,8.802445220947266,9.361561528798257,-5.8312922575802615,-35.20638736859439,,16.5,42.0,,22.0,63.14,,1238.91,,,0,Gasolina,,,0.0,0.7666666666666667,87.0,0.0,0,29.41,1.0,19120.0,3.13,869.0,4.69
F666D60A-75B1-428D-A08C-B318AA253AFC,9BWAH5BZ6KP538191,App2Car,2026-08-12T16:51:39.919039,2026-08-12T16:45:15.909169,13.73,8.0,,58.0,1808.0,36.0,-0.6261479187011719,1.4353651428222658,11.535012817382814,11.640827075706811,-5.831327638572675,-35.20629966302881,,10.5,42.0,,14.0,63.14,,705.76,,,0,Gasolina,,,0.0,1.0,87.0,0.0,0,29.41,1.0,19120.0,3.13,869.0,4.69
F666D60A-75B1-428D-A08C-B318AA253AFC,9BWAH5BZ6KP538191,App2Car,2026-08-12T16:51:40.919316,2026-08-12T16:45:15.909169,13.73,8.0,,27.0,1677.0,33.0,-0.9259744262695313,2.7833120727539065,8.834179229736328,9.308435818951946,-5.83136162321686,-35.20621728252772,,-4.5,42.0,,13.0,63.14,,610.285,,,0,Gasolina,,,0.0,0.9333333333333333,87.0,0.0,0,29.41,0.98,19120.0,3.13,869.0,4.69
F666D60A-75B1-428D-A08C-B318AA253AFC,9BWAH5BZ6KP538191,App2Car,2026-08-12T16:51:41.919610,2026-08-12T16:45:15.909169,13.73,8.0,,29.0,1497.0,30.0,-1.7922230529785157,2.9430299377441407,9.213939514160156,9.837183034623672,-5.8313932654174305,-35.206141538283426,,19.5,42.0,,13.0,63.14,,610.285,,,0,Gasolina,,,0.0,1.0,87.0,0.0,0,29.41,0.99,19120.0,3.13,869.0,4.69
F666D60A-75B1-428D-A08C-B318AA253AFC,9BWAH5BZ6KP538191,App2Car,2026-08-12T16:51:42.919597,2026-08-12T16:45:15.909169,13.73,27.0,,74.0,1623.0,28.0,-1.807042236328125,3.189866638183594,7.675588531494141,8.506192457149957,-5.831421354192876,-35.20607300016033,,12.0,42.0,,21.0,63.14,,1025.145,,,0,Gasolina,,,0.0,0.8666666666666667,87.0,0.0,0,29.41,0.99,19120.0,3.13,869.0,4.69
F666D60A-75B1-428D-A08C-B318AA253AFC,9BWAH5BZ6KP538191,App2Car,2026-08-12T16:51:43.919360,2026-08-12T16:45:15.909169,13.73,31.0,,86.0,1642.0,28.0,-2.8506719970703127,2.4313938903808596,7.775430908203125,8.631067888349778,-5.831449441420655,-35.206007580164105,,12.0,42.0,,23.0,63.14,,1157.285,,,0,Gasolina,,,0.0,0.9,87.0,0.0,0,29.41,0.99,19120.0,3.13,869.0,4.69
F666D60A-75B1-428D-A08C-B318AA253AFC,9BWAH5BZ6KP538191,App2Car,2026-08-12T16:51:44.919815,2026-08-12T16:45:15.909169,13.73,37.0,,97.0,1642.0,28.0,-3.7511993408203126,3.858077087402344,7.671996002197266,9.371007307896015,-5.831481620429026,-35.20594310227043,,13.5,42.0,,26.0,63.14,,1378.65,,,0,Gasolina,,,0.0,0.9666666666666667,87.0,0.0,0,29.41,0.99,19120.0,3.13,869.0,4.69
F666D60A-75B1-428D-A08C-B318AA253AFC,9BWAH5BZ6KP538191,App2Car,2026-08-12T16:51:45.919400,2026-08-12T16:45:15.909169,13.73,39.0,,102.0,1758.0,29.0,-2.9451255798339844,2.4830364990234375,7.329059143066407,8.279754999940538,-5.831509860917381,-35.205876755129474,,9.5,42.0,,31.0,63.14,,1651.7199999999998,,,0,Gasolina,,,0.0,0.9,87.0,0.0,0,29.41,1.0,19120.0,3.13,869.0,4.69
F666D60A-75B1-428D-A08C-B318AA253AFC,9BWAH5BZ6KP538191,App2Car,2026-08-12T16:51:46.919462,2026-08-12T16:45:15.909169,13.73,39.0,,102.0,1865.0,31.0,-2.024839324951172,3.3081207275390625,9.545350341796876,10.303268907850752,-5.831536063185088,-35.205808421614115,,9.0,42.0,,33.0,63.14,,1737.75,,,1,Gasolina,,,0.0,0.9666666666666667,87.0,0.0,0,29.41,0.99,19120.0,3.13,869.0,4.69
F666D60A-75B1-428D-A08C-B318AA253AFC,9BWAH5BZ6KP538191,App2Car,2026-08-12T16:51:47.919591,2026-08-12T16:45:15.909169,13.73,41.0,,104.0,1904.0,32.0,-1.0746153259277345,3.613635406494141,8.981023864746094,9.740223231986302,-5.831563145294955,-35.205735677819646,,9.0,42.0,,33.0,63.14,,1899.4599999999998,,,1,Gasolina,,,0.0,0.9666666666666667,87.0,0.0,0,29.41,0.99,19120.0,3.13,869.0,4.69
F666D60A-75B1-428D-A08C-B318AA253AFC,9BWAH5BZ6KP538191,App2Car,2026-08-12T16:51:48.918971,2026-08-12T16:45:15.909169,13.73,40.0,,102.0,1920.0,33.0,-1.9712507629394531,2.701731719970703,8.352480926513673,8.997172971820646,-5.831592171992479,-35.20566108108546,,9.5,42.0,,34.0,63.14,,1941.8,,,1,Gasolina,,,0.0,0.9666666666666667,87.0,0.0,0,29.41,0.99,19120.0,3.13,869.0,4.69
F666D60A-75B1-428D-A08C-B318AA253AFC,9BWAH5BZ6KP538191,App2Car,2026-08-12T16:51:49.919306,2026-08-12T16:45:15.909169,13.73,39.0,,100.0,1910.0,35.0,-2.3382875061035158,3.4816099548339845,8.138426055908203,9.155499713630297,-5.831624330094053,-35.20558288204995,,9.5,42.0,,34.0,63.14,,1915.1999999999998,,,1,Gasolina,,,0.0,0.9666666666666667,87.0,0.0,0,29.41,0.99,19120.0,3.13,869.0,4.69
F666D60A-75B1-428D-A08C-B318AA253AFC,9BWAH5BZ6KP538191,App2Car,2026-08-12T16:51:50.919647,2026-08-12T16:45:15.909169,13.73,40.0,,101.0,1789.0,35.0,-1.56394775390625,3.057841186523438,10.164762268066406,10.72933908799857,-5.831655227491167,-35.2055018353131,,9.0,42.0,,33.0,63.14,,1953.75,,,1,Gasolina,,,0.0,0.9666666666666667,87.0,0.0,0,29.41,1.0,19120.0,3.13,869.0,4.69
F666D60A-75B1-428D-A08C-B318AA253AFC,9BWAH5BZ6KP538191,App2Car,2026-08-12T16:51:51.919729,2026-08-12T16:45:15.909169,13.73,41.0,,102.0,1789.0,36.0,-1.421294403076172,3.9806721496582034,9.470655670166016,10.371072623703288,-5.83168826227982,-35.20541744175944,,9.0,42.0,,33.0,63.14,,1959.2649999999999,,,1,Gasolina,,,0.0,0.9666666666666667,87.0,0.0,0,29.41,1.0,19120.0,3.13,869.0,4.69
F666D60A-75B1-428D-A08C-B318AA253AFC,9BWAH5BZ6KP538191,App2Car,2026-08-12T16:51:52.919829,2026-08-12T16:45:15.909169,13.73,39.0,,102.0,1836.0,38.0,-1.5471826171875,2.9436286926269535,9.53457275390625,10.097861235455518,-5.831719200817576,-35.2053308769285,,9.0,42.0,,33.0,63.14,,1977.36,,,1,Gasolina,,,0.0,0.9666666666666667,87.0,0.0,0,29.41,0.99,19120.0,3.13,869.0,4.69
F666D60A-75B1-428D-A08C-B318AA253AFC,9BWAH5BZ6KP538191,App2Car,2026-08-12T16:51:53.919543,2026-08-12T16:45:15.909169,13.73,39.0,,98.0,1890.0,39.0,-0.7444020080566407,3.758833465576172,8.901090087890626,9.690839392141369,-5.831751743002629,-35.205241376246114,,9.5,42.0,,33.0,63.14,,1977.36,,,1,Gasolina,,,0.0,0.9666666666666667,87.0,0.0,0,29.41,1.0,19120.0,3.13,869.0,4.69
F666D60A-75B1-428D-A08C-B318AA253AFC,9BWAH5BZ6KP538191,App2Car,2026-08-12T16:51:54.919761,2026-08-12T16:45:15.909169,13.73,37.0,,98.0,1945.0,40.0,-1.2858261108398439,3.1031968688964846,9.96657440185547,10.517403905059803,-5.831786260783286,-35.205149928649774,,9.5,42.0,,33.0,63.14,,1972.1999999999998,,,1,Gasolina,,,0.0,0.8666666666666667,87.0,0.0,0,29.41,1.0,19120.0,3.13,869.0,4.69
F666D60A-75B1-428D-A08C-B318AA253AFC,9BWAH5BZ6KP538191,App2Car,2026-08-12T16:51:55.919666,2026-08-12T16:45:15.909169,13.73,38.0,,98.0,2010.0,41.0,-1.803150329589844,3.0392797851562503,9.595046997070312,10.225140566248829,-5.831821946724765,-35.205056127097635,,9.5,42.0,,40.0,63.14,,2318.55,,,1,Gasolina,,,0.0,0.6,87.0,0.0,0,29.41,1.0,19120.0,3.13,869.0,4.69
F666D60A-75B1-428D-A08C-B318AA253AFC,9BWAH5BZ6KP538191,App2Car,2026-08-12T16:51:56.919549,2026-08-12T16:45:15.909169,13.73,37.0,,98.0,2072.0,41.0,-1.2723541259765625,3.4036221313476562,9.75865676879883,10.413208466467593,-5.831858418378004,-35.20495970971378,,9.5,42.0,,33.0,63.14,,2070.9,,,1,Gasolina,,,0.0,0.8666666666666667,87.0,0.0,0,29.41,1.0,19120.0,3.13,869.0,4.69
F666D60A-75B1-428D-A08C-B318AA253AFC,9BWAH5BZ6KP538191,App2Car,2026-08-12T16:51:57.919002,2026-08-12T16:45:15.909169,13.73,36.0,,96.0,2072.0,42.0,-1.5868501281738283,2.950514373779297,9.552086334228516,10.12254818391687,-5.83189612535602,-35.20486097974169,,10.5,42.0,,32.0,63.14,,2056.08,,,1,Gasolina,,,0.0,0.8666666666666667,87.0,0.0,0,29.41,1.0,19120.0,3.13,869.0,4.69
F666D60A-75B1-428D-A08C-B318AA253AFC,9BWAH5BZ6KP538191,App2Car,2026-08-12T16:51:58.919431,2026-08-12T16:45:15.909169,13.73,36.0,,96.0,2127.0,44.0,-1.1729608154296876,3.2254925537109376,8.299042053222657,8.980742635758823,-5.831933948605135,-35.204759287069194,,11.0,42.0,,31.0,63.14,,2090.8,,,1,Gasolina,,,0.0,0.8666666666666667,87.0,0.0,0,29.41,1.0,19120.0,3.13,869.0,4.69
F666D60A-75B1-428D-A08C-B318AA253AFC,9BWAH5BZ6KP538191,App2Car,2026-08-12T16:51:59.919059,2026-08-12T16:45:15.909169,13.73,36.0,,94.0,2210.0,45.0,-1.0961705017089844,3.1808853149414062,8.98850830078125,9.597546698445404,-5.83197356841906,-35.204654775450294,,12.5,42.0,,27.0,63.14,,1988.55,,,1,Gasolina,,,0.0,0.9666666666666667,87.0,0.0,0,29.41,1.0,19120.0,3.13,869.0,4.69
F666D60A-75B1-428D-A08C-B318AA253AFC,9BWAH5BZ6KP538191,App2Car,2026-08-12T16:52:00.919385,2026-08-12T16:45:15.909169,13.73,31.0,,89.0,2266.0,47.0,-0.6327342224121094,3.763324127197266,10.7632177734375,11.419711814270858,-5.832014281218237,-35.20454641405898,,12.5,42.0,,27.0,63.14,,1865.8,,,1,Gasolina,,,0.0,0.9333333333333333,87.0,0.0,0,29.41,1.0,19120.0,3.13,869.0,4.69
F666D60A-75B1-428D-A08C-B318AA253AFC,9BWAH5BZ6KP538191,App2Car,2026-08-12T16:52:01.919193,2026-08-12T16:45:15.909169,13.73,35.0,,93.0,1762.0,48.0,-0.5022056579589844,3.5049613952636722,10.011331329345703,10.61902631558626,-5.832056908486131,-35.20443586494976,,12.5,42.0,,27.0,63.14,,2036.06,,,1,Gasolina,,,0.0,0.9333333333333333,87.0,0.0,0,29.41,1.0,19120.0,3.13,869.0,4.69
F666D60A-75B1-428D-A08C-B318AA253AFC,9BWAH5BZ6KP538191,App2Car,2026-08-12T16:52:02.919713,2026-08-12T16:45:15.909169,13.73,35.0,,88.0,1749.0,49.0,-1.031205596923828,2.8337571716308596,9.876012725830078,10.326141198514284,-5.832101643871971,-35.20432296255576,,12.5,42.0,,28.0,63.14,,1893.23,,,1,Gasolina,,,0.0,0.9,87.0,0.0,0,29.41,1.0,19120.0,3.13,869.0,4.69
F666D60A-75B1-428D-A08C-B318AA253AFC,9BWAH5BZ6KP538191,App2Car,2026-08-12T16:52:03.919719,2026-08-12T16:45:15.909169,13.73,28.0,,82.0,1791.0,49.0,-1.7034576416015625,3.1729518127441407,8.507558441162109,9.23839497816129,-5.832149212120034,-35.204208399707426,,15.5,42.0,,23.0,63.14,,1558.8649999999998,,,0,Gasolina,,,0.0,0.8333333333333334,87.0,0.0,0,29.41,1.0,19120.0,3.13,869.0,4.69
F666D60A-75B1-428D-A08C-B318AA253AFC,9BWAH5BZ6KP538191,App2Car,2026-08-12T16:52:04.918851,2026-08-12T16:45:15.909169,13.73,23.0,,63.0,1791.0,50.0,-2.5893154907226563,2.2999671936035155,8.054001617431641,8.76706027444435,-5.83219852027388,-35.204093119035804,,17.0,42.0,,21.0,63.14,,1420.215,,,0,Gasolina,,,0.0,0.7,87.0,0.0,0,29.41,1.0,19120.0,3.13,869.0,4.69
F666D60A-75B1-428D-A08C-B318AA253AFC,9BWAH5BZ6KP538191,App2Car,2026-08-12T16:52:05.918894,2026-08-12T16:45:15.909169,13.73,16.0,,63.0,1821.0,51.0,-0.8719367980957031,1.8013540649414064,9.36213134765625,9.573643695997996,-5.8322495890933626,-35.20397599951376,,12.5,42.0,,17.0,63.14,,1179.535,,,0,Gasolina,,,0.0,0.6666666666666666,87.0,0.0,0,29.41,0.99,19120.0,3.13,869.0,4.69
F666D60A-75B1-428D-A08C-B318AA253AFC,9BWAH5BZ6KP538191,App2Car,2026-08-12T16:52:06.919512,2026-08-12T16:45:15.909169,13.73,16.0,,51.0,1847.0,51.0,-1.3599220275878907,2.9057574462890625,7.927215270996094,8.55181595981209,-5.832299989385273,-35.20385677099307,,16.5,42.0,,18.0,63.14,,1179.535,,,0,Gasolina,,,0.0,0.6333333333333333,87.0,0.0,0,29.41,0.99,19120.0,3.13,869.0,4.69
F666D60A-75B1-428D-A08C-B318AA253AFC,9BWAH5BZ6KP538191,App2Car,2026-08-12T16:52:07.919231,2026-08-12T16:45:15.909169,13.73,16.0,,51.0,1865.0,52.0,-1.0473719787597657,2.7714866638183597,10.978470153808594,11.371232708360175,-5.832347534519233,-35.20373544002242,,-10.0,42.0,,18.0,63.14,,1246.1000000000001,,,0,Gasolina,,,0.0,0.7666666666666667,87.0,0.0,0,29.41,0.97,19120.0,3.13,869.0,4.69
F666D60A-75B1-428D-A08C-B318AA253AFC,9BWAH5BZ6KP538191,App2Car,2026-08-12T16:52:08.918805,2026-08-12T16:45:15.909169,13.73,19.0,,68.0,1425.0,53.0,-1.0132429504394531,2.504891052246094,8.923543395996095,9.323667046847142,-5.832395886199154,-35.203612506622235,,15.5,42.0,,17.0,63.14,,1125.0,,,0,Gasolina,,,0.0,0.7,87.0,0.0,0,29.41,1.0,19120.0,3.13,869.0,4.69
F666D60A-75B1-428D-A08C-B318AA253AFC,9BWAH5BZ6KP538191,App2Car,2026-08-12T16:52:09.919672,2026-08-12T16:45:15.909169,13.73,20.0,,66.0,1459.0,55.0,-1.2100836181640626,2.575244750976563,9.957593078613282,10.356150240781007,-5.832442118698993,-35.203486384056724,,15.5,42.0,,18.0,63.14,,1222.125,,,0,Gasolina,,,0.0,0.7666666666666667,87.0,0.0,0,29.41,0.99,19120.0,3.13,869.0,4.69
F666D60A-75B1-428D-A08C-B318AA253AFC,9BWAH5BZ6KP538191,App2Car,2026-08-12T16:52:10.919471,2026-08-12T16:45:15.909169,13.73,20.0,,63.0,1505.0,55.0,-0.3183879089355469,2.880759429931641,7.52320541381836,8.062181184530791,-5.832492372223855,-35.20335924384276,,15.5,42.0,,18.0,63.14,,1222.125,,,0,Gasolina,,,0.0,0.8,87.0,0.0,0,29.41,1.0,19120.0,3.13,869.0,4.69
F666D60A-75B1-428D-A08C-B318AA253AFC,9BWAH5BZ6KP538191,App2Car,2026-08-12T16:52:11.919819,2026-08-12T16:45:15.909169,13.73,19.0,,60.0,1505.0,56.0,0.3165916442871094,2.9524603271484375,7.713160400390626,8.26499217269877,-5.8325452723586215,-35.203228059226056,,16.5,42.0,,17.0,63.14,,1201.875,,,0,Gasolina,,,0.0,0.7333333333333333,87.0,0.0,0,29.41,1.0,19120.0,3.13,869.0,4.69
F666D60A-75B1-428D-A08C-B318AA253AFC,9BWAH5BZ6KP538191,App2Car,2026-08-12T16:52:12.919388,2026-08-12T16:45:15.909169,13.73,20.0,,60.0,1544.0,58.0,-0.34667907714843754,3.501069488525391,7.818092193603516,8.573228067285985,-5.832606971687523,-35.203098134713684,,16.5,42.0,,17.0,63.14,,1265.16,,,0,Gasolina,,,0.0,0.7333333333333333,87.0,0.0,0,29.41,1.0,19120.0,3.13,869.0,4.69
F666D60A-75B1-428D-A08C-B318AA253AFC,9BWAH5BZ6KP538191,App2Car,2026-08-12T16:52:13.919439,2026-08-12T16:45:15.909169,13.73,20.0,,65.0,1570.0,59.0,-0.35326538085937503,3.3685949707031253,6.850504302978516,7.642096421211085,-5.832678598791485,-35.202969320108494,,16.5,42.0,,18.0,63.14,,1331.15,,,0,Gasolina,,,0.0,0.6666666666666666,87.0,0.0,0,29.41,1.0,19120.0,3.13,869.0,4.69
F666D60A-75B1-428D-A08C-B318AA253AFC,9BWAH5BZ6KP538191,App2Car,2026-08-12T16:52:14.919668,2026-08-12T16:45:15.909169,13.73,20.0,,63.0,1588.0,59.0,-0.6231541442871094,2.7036776733398438,11.998299407958985,12.31492520204193,-5.832761307947577,-35.202844997710834,,16.5,42.0,,18.0,63.14,,1331.15,,,0,Gasolina,,,0.0,0.7,87.0,0.0,0,29.41,1.0,19120.0,3.13,869.0,4.69
F666D60A-75B1-428D-A08C-B318AA253AFC,9BWAH5BZ6KP538191,App2Car,2026-08-12T16:52:15.918979,2026-08-12T16:45:15.909169,13.73,19.0,,62.0,1604.0,60.0,-1.7121395874023437,3.146905975341797,7.418273620605469,8.2380351234116,-5.832850745420645,-35.202725787353074,,17.0,42.0,,17.0,63.14,,1305.08,,,0,Gasolina,,,0.0,0.6666666666666666,87.0,0.0,0,29.41,1.0,19120.0,3.13,869.0,4.69
F666D60A-75B1-428D-A08C-B318AA253AFC,9BWAH5BZ6KP538191,App2Car,2026-08-12T16:52:16.919728,2026-08-12T16:45:15.909169,13.73,19.0,,62.0,1604.0,60.0,-1.0223739624023438,2.732567596435547,10.795101470947266,11.18241431695927,-5.832942394010156,-35.20260449819558,,17.0,42.0,,17.0,63.14,,1305.08,,,0,Gasolina,,,0.0,0.6666666666666666,88.0,0.0,0,29.41,1.0,19120.0,3.91,929.0,-2.34
F666D60A-75B1-428D-A08C-B318AA253AFC,9BWAH5BZ6KP538191,App2Car,2026-08-12T16:52:17.918800,2026-08-12T16:45:15.909169,13.75,7.0,,62.0,1604.0,60.0,-1.7200730895996095,2.0206480407714844,7.749085693359375,8.19084849214447,-5.833035787891019,-35.202484802173586,,17.0,42.0,,13.0,63.14,,972.84,,,0,Gasolina,,,0.0,0.7666666666666667,88.0,0.0,0,29.41,1.0,15470.0,3.91,929.0,-2.34
F666D60A-75B1-428D-A08C-B318AA253AFC,9BWAH5BZ6KP538191,App2Car,2026-08-12T16:52:18.919275,2026-08-12T16:45:15.909169,13.75,7.0,,26.0,1580.0,59.0,-0.91729248046875,2.143392791748047,10.990145874023439,11.234716929533935,-5.833127182576304,-35.20236625396575,,-5.5,42.0,,13.0,63.14,,950.4,,,0,Gasolina,,,0.0,0.9,88.0,0.0,0,29.41,0.98,15470.0,3.91,929.0,-2.34
F666D60A-75B1-428D-A08C-B318AA253AFC,9BWAH5BZ6KP538191,App2Car,2026-08-12T16:52:19.919391,2026-08-12T16:45:15.909169,13.75,7.0,,27.0,1545.0,58.0,-1.0906320190429688,1.9736457824707032,10.422825622558594,10.663960325971308,-5.833216753829653,-35.20224957091639,,-7.5,42.0,,13.0,63.14,,950.4,,,0,Gasolina,,,0.0,0.9333333333333333,88.0,0.0,0,29.41,0.98,15470.0,3.91,929.0,-2.34
F666D60A-75B1-428D-A08C-B318AA253AFC,9BWAH5BZ6KP538191,App2Car,2026-08-12T16:52:20.918175,2026-08-12T16:45:15.909169,13.75,7.0,,27.0,1527.0,58.0,-1.4302757263183594,2.6575735473632816,10.449021148681641,10.876140343823115,-5.833305965174291,-35.20213436764442,,-8.5,42.0,,13.0,63.14,,950.4,,,0,Gasolina,,,0.0,0.9333333333333333,88.0,0.0,0,29.41,0.98,15470.0,3.91,929.0,-2.34
F666D60A-75B1-428D-A08C-B318AA253AFC,9BWAH5BZ6KP538191,App2Car,2026-08-12T16:52:21.919595,2026-08-12T16:45:15.909169,13.75,7.0,,27.0,1498.0,56.0,-0.8187973022460938,2.5036935424804687,10.135722656250001,10.472429715268728,-5.833392816338223,-35.202020694341,,-8.5,42.0,,13.0,63.14,,950.4,,,0,Gasolina,,,0.0,0.9666666666666667,88.0,0.0,0,29.41,0.98,15470.0,3.91,929.0,-2.34
F666D60A-75B1-428D-A08C-B318AA253AFC,9BWAH5BZ6KP538191,App2Car,2026-08-12T16:52:22.918690,2026-08-12T16:45:15.909169,13.75,7.0,,27.0,1466.0,56.0,-1.2012519836425781,2.4674688720703126,8.87444549560547,9.289089934827489,-5.8334779160247345,-35.201908110322584,,-8.5,42.0,,13.0,63.14,,950.4,,,0,Gasolina,,,0.0,0.9666666666666667,88.0,0.0,0,29.41,0.98,15470.0,3.91,929.0,-2.34
F666D60A-75B1-428D-A08C-B318AA253AFC,9BWAH5BZ6KP538191,App2Car,2026-08-12T16:52:23.918481,2026-08-12T16:45:15.909169,13.75,7.0,,27.0,1466.0,55.0,-0.9470805358886719,2.1514759826660157,8.872798919677734,9.178909037270293,-5.833561581392065,-35.20179775586352,,-8.5,42.0,,13.0,63.14,,950.4,,,0,Gasolina,,,0.0,0.9666666666666667,88.0,0.0,0,29.41,0.98,15470.0,3.91,929.0,-2.34
F666D60A-75B1-428D-A08C-B318AA253AFC,9BWAH5BZ6KP538191,App2Car,2026-08-12T16:52:24.919112,2026-08-12T16:45:15.909169,13.75,7.0,,27.0,1429.0,53.0,-1.287472686767578,2.2174887084960937,9.715396728515625,10.048073232412884,-5.833644576152336,-35.20168939238007,,-7.0,42.0,,13.0,63.14,,950.4,,,0,Gasolina,,,0.0,0.9666666666666667,88.0,0.0,0,29.41,0.98,15470.0,3.91,929.0,-2.34
F666D60A-75B1-428D-A08C-B318AA253AFC,9BWAH5BZ6KP538191,App2Car,2026-08-12T16:52:25.918618,2026-08-12T16:45:15.909169,13.75,7.0,,27.0,1396.0,52.0,-0.9994715881347657,2.091750183105469,10.624905395507813,10.874878249778313,-5.8337259840016324,-35.20158403658693,,-7.0,42.0,,13.0,63.14,,950.4,,,0,Gasolina,,,0.0,0.9666666666666667,88.0,0.0,0,29.41,0.98,15470.0,3.91,929.0,-2.34
F666D60A-75B1-428D-A08C-B318AA253AFC,9BWAH5BZ6KP538191,App2Car,2026-08-12T16:52:26.918943,2026-08-12T16:45:15.909169,13.75,7.0,,27.0,1354.0,50.0,-0.1215472412109375,1.701661376953125,10.072703704833986,10.216153145829223,-5.8338067160062295,-35.20148129829164,,-3.0,42.0,,13.0,63.14,,950.4,,,0,Gasolina,,,0.0,0.9666666666666667,88.0,0.0,0,29.41,0.99,15470.0,3.91,929.0,-2.34
F666D60A-75B1-428D-A08C-B318AA253AFC,9BWAH5BZ6KP538191,App2Car,2026-08-12T16:52:27.918692,2026-08-12T16:45:15.909169,13.75,7.0,,27.0,1216.0,44.0,0.11780502319335938,0.6917115783691407,9.743837585449219,9.769069240349992,-5.833883732365553,-35.20138258752116,,2.0,42.0,,13.0,63.14,,950.4,,,0,Gasolina,,,0.0,0.9333333333333333,88.0,0.0,0,29.41,1.0,15470.0,3.91,929.0,-2.34
F666D60A-75B1-428D-A08C-B318AA253AFC,9BWAH5BZ6KP538191,App2Car,2026-08-12T16:52:28.918830,2026-08-12T16:45:15.909169,13.75,7.0,,27.0,1294.0,34.0,-0.513731689453125,0.49052993774414066,9.508526916503907,9.535020922391881,-5.833952974411027,-35.201291204166665,,2.0,42.0,,14.0,63.14,,667.0799999999999,,,0,Gasolina,,,0.0,0.9333333333333333,88.0,0.0,0,29.41,1.0,15470.0,3.91,929.0,-2.34
F666D60A-75B1-428D-A08C-B318AA253AFC,9BWAH5BZ6KP538191,App2Car,2026-08-12T16:52:29.918890,2026-08-12T16:45:15.909169,13.75,6.0,,34.0,1023.0,34.0,0.7939489746093751,-0.2743794250488281,10.228529663085938,10.262965366393981,-5.8340081827767145,-35.20121818001806,,-10.0,42.0,,13.0,63.14,,518.8000000000001,,,0,Gasolina,,,0.0,0.8666666666666667,88.0,0.0,0,29.41,0.99,15470.0,3.91,929.0,-2.34
F666D60A-75B1-428D-A08C-B318AA253AFC,9BWAH5BZ6KP538191,App2Car,2026-08-12T16:52:30.919589,2026-08-12T16:45:15.909169,13.75,13.0,,44.0,1023.0,23.0,-0.7670050048828125,1.9974462890625,9.119186553955078,9.366837874172903,-5.8340509526310305,-35.20116199320028,,9.5,42.0,,15.0,63.14,,454.14,,,0,Gasolina,,,0.0,0.9333333333333333,88.0,0.0,0,29.41,1.0,15470.0,3.91,929.0,-2.34
F666D60A-75B1-428D-A08C-B318AA253AFC,9BWAH5BZ6KP538191,App2Car,2026-08-12T16:52:31.919008,2026-08-12T16:45:15.909169,13.75,15.0,,44.0,997.0,16.0,-1.389111328125,2.6173072814941407,10.158475341796876,10.581802727209698,-5.834080077741289,-35.20112450921079,,-10.5,42.0,,13.0,63.14,,356.03499999999997,,,0,Gasolina,,,0.0,0.8,88.0,0.0,0,29.41,0.99,15470.0,3.91,929.0,-2.34
F666D60A-75B1-428D-A08C-B318AA253AFC,9BWAH5BZ6KP538191,App2Car,2026-08-12T16:52:32.920098,2026-08-12T16:45:15.909169,13.75,15.0,,87.0,1476.0,16.0,-1.120719451904297,3.3307237243652343,9.736502838134767,10.351290747290042,-5.834103863367308,-35.201095505131114,,-4.5,42.0,,24.0,63.14,,356.03499999999997,,,0,Gasolina,,,0.0,0.8,88.0,0.0,0,29.41,0.99,15470.0,3.91,929.0,-2.34
F666D60A-75B1-428D-A08C-B318AA253AFC,9BWAH5BZ6KP538191,App2Car,2026-08-12T16:52:33.919415,2026-08-12T16:45:15.909169,13.75,33.0,,85.0,1717.0,19.0,-1.6384927368164064,3.288212127685547,9.876910858154297,10.538043724770963,-5.834130595339296,-35.20106128386409,,12.0,42.0,,24.0,63.14,,1070.42,,,0,Gasolina,,,0.0,0.9666666666666667,88.0,0.0,0,29.41,1.0,15470.0,3.91,929.0,-2.34
F666D60A-75B1-428D-A08C-B318AA253AFC,9BWAH5BZ6KP538191,App2Car,2026-08-12T16:52:34.918660,2026-08-12T16:45:15.909169,13.75,35.0,,89.0,2022.0,23.0,-2.0926483154296878,3.5317556762695315,9.081614685058595,9.966353416210199,-5.834160657992846,-35.20102244593101,,13.5,42.0,,26.0,63.14,,1340.3799999999999,,,0,Gasolina,,,0.0,1.0,88.0,0.0,0,29.41,1.0,15470.0,3.91,929.0,-2.34
F666D60A-75B1-428D-A08C-B318AA253AFC,9BWAH5BZ6KP538191,App2Car,2026-08-12T16:52:35.918754,2026-08-12T16:45:15.909169,13.75,34.0,,88.0,2290.0,27.0,-1.6554075622558595,3.290906524658203,8.668174438476562,9.418475887693841,-5.834195986662359,-35.20097570871548,,13.5,42.0,,27.0,63.14,,1521.95,,,0,Gasolina,,,0.0,1.0,88.0,0.0,0,29.41,0.99,15470.0,3.91,929.0,-2.34
F666D60A-75B1-428D-A08C-B318AA253AFC,9BWAH5BZ6KP538191,App2Car,2026-08-12T16:52:36.919411,2026-08-12T16:45:15.909169,13.75,30.0,,84.0,2032.0,27.0,-1.564995574951172,5.359454956054687,7.8796142578125,9.657188484622113,-5.834237280072275,-35.20092409474554,,15.5,42.0,,26.0,63.14,,1393.65,,,0,Gasolina,,,0.0,0.8333333333333334,88.0,0.0,0,29.41,1.0,15470.0,3.91,929.0,-2.34
F666D60A-75B1-428D-A08C-B318AA253AFC,9BWAH5BZ6KP538191,App2Car,2026-08-12T16:52:37.918794,2026-08-12T16:45:15.909169,13.75,34.0,,91.0,2032.0,30.0,-1.9603234863281251,3.0852342224121094,8.558452606201172,9.306376813281533,-5.834282426284379,-35.200865544182044,,13.5,42.0,,25.0,63.14,,1450.24,,,0,Gasolina,,,0.0,0.9666666666666667,88.0,0.0,0,29.41,1.0,15470.0,3.91,929.0,-2.34
F666D60A-75B1-428D-A08C-B318AA253AFC,9BWAH5BZ6KP538191,App2Car,2026-08-12T16:52:38.919164,2026-08-12T16:45:15.909169,13.75,33.0,,91.0,1781.0,,-1.4888040161132814,3.123853912353516,10.16161880493164,10.73468664660789,-5.834330082189274,-35.20080238927592,,13.5,42.0,,26.0,63.14,,722.865,,,0,Gasolina,,,0.0,0.9666666666666667,88.0,0.0,0,29.41,1.0,15470.0,3.91,929.0,-2.34
F666D60A-75B1-428D-A08C-B318AA253AFC,9BWAH5BZ6KP538191,App2Car,2026-08-12T16:52:39.918694,2026-08-12T16:45:15.909169,13.75,33.0,,91.0,1758.0,35.0,-1.6091537475585938,3.369493103027344,9.139693908691406,9.87303723781094,-5.834383301753265,-35.20073702984934,,13.5,42.0,,25.0,63.14,,1481.72,,,0,Gasolina,,,0.0,0.9666666666666667,88.0,0.0,0,29.41,1.0,15470.0,3.91,929.0,-2.34
F666D60A-75B1-428D-A08C-B318AA253AFC,9BWAH5BZ6KP538191,App2Car,2026-08-12T16:52:40.919012,2026-08-12T16:45:15.909169,13.75,33.0,,90.0,1810.0,37.0,-2.085612945556641,2.7928921508789064,8.968000946044922,9.621593885286215,-5.83443890020358,-35.20066767770955,,14.0,42.0,,25.0,63.14,,1508.5,,,0,Gasolina,,,0.0,0.9333333333333333,88.0,0.0,0,29.41,1.0,15470.0,3.91,929.0,-2.34
F666D60A-75B1-428D-A08C-B318AA253AFC,9BWAH5BZ6KP538191,App2Car,2026-08-12T16:52:41.919560,2026-08-12T16:45:15.909169,13.75,33.0,,89.0,1701.0,39.0,-1.4962884521484376,2.907853088378906,9.944869537353517,10.468759182950455,-5.834497807022809,-35.20059358191739,,12.5,42.0,,25.0,63.14,,1508.5,,,0,Gasolina,,,0.0,1.0,88.0,0.0,0,29.41,1.0,15470.0,3.91,929.0,-2.34
F666D60A-75B1-428D-A08C-B318AA253AFC,9BWAH5BZ6KP538191,App2Car,2026-08-12T16:52:42.919400,2026-08-12T16:45:15.909169,13.75,34.0,,91.0,1543.0,41.0,-1.6365467834472658,2.900518341064453,9.402846679687501,9.975210158336171,-5.834558766468907,-35.20051505688038,,12.5,42.0,,25.0,63.14,,1533.3650000000002,,,0,Gasolina,,,0.0,1.0,88.0,0.0,0,29.41,1.0,15470.0,3.91,929.0,-2.34
F666D60A-75B1-428D-A08C-B318AA253AFC,9BWAH5BZ6KP538191,App2Car,2026-08-12T16:52:43.918994,2026-08-12T16:45:15.909169,13.75,33.0,,91.0,1586.0,41.0,-1.7510586547851563,3.2192056274414065,8.693771209716797,9.434572016321093,-5.834622396566737,-35.20043355978535,,13.5,42.0,,25.0,63.14,,1495.91,,,0,Gasolina,,,0.0,1.0,88.0,0.0,0,29.41,1.0,15470.0,3.91,929.0,-2.34
F666D60A-75B1-428D-A08C-B318AA253AFC,9BWAH5BZ6KP538191,App2Car,2026-08-12T16:52:44.918856,2026-08-12T16:45:15.909169,13.75,33.0,,90.0,1586.0,43.0,-1.4509327697753907,3.0313462829589843,9.658515014648438,10.226493948455975,-5.834686885658298,-35.20034977190632,,13.5,42.0,,25.0,63.14,,1495.91,,,0,Gasolina,,,0.0,1.0,88.0,0.0,0,29.41,1.0,15470.0,3.91,929.0,-2.34
F666D60A-75B1-428D-A08C-B318AA253AFC,9BWAH5BZ6KP538191,App2Car,2026-08-12T16:52:45.919468,2026-08-12T16:45:15.909169,13.75,32.0,,90.0,1647.0,45.0,-1.6518150329589845,2.7954368591308594,10.665920104980469,11.149206779960773,-5.8347540509157,-35.20026097094663,,13.5,42.0,,25.0,63.14,,1596.595,,,0,Gasolina,,,0.0,0.9666666666666667,88.0,0.0,0,29.41,1.0,15470.0,3.91,929.0,-2.34
F666D60A-75B1-428D-A08C-B318AA253AFC,9BWAH5BZ6KP538191,App2Car,2026-08-12T16:52:46.918490,2026-08-12T16:45:15.909169,13.75,32.0,,90.0,1705.0,46.0,-1.8232086181640625,2.6364674377441406,7.976313171386719,8.596314444206314,-5.834824573201969,-35.2001713467836,,14.0,42.0,,25.0,63.14,,1596.595,,,0,Gasolina,,,0.0,0.9,88.0,0.0,0,29.41,1.0,15470.0,3.91,929.0,-2.34
F666D60A-75B1-428D-A08C-B318AA253AFC,9BWAH5BZ6KP538191,App2Car,2026-08-12T16:52:47.919534,2026-08-12T16:45:15.909169,13.75,32.0,,90.0,1758.0,49.0,-2.048939208984375,2.50758544921875,8.467890930175782,9.06594250327016,-5.83489534549479,-35.20007703569011,,14.0,42.0,,25.0,63.14,,1596.595,,,0,Gasolina,,,0.0,0.8333333333333334,88.0,0.0,0,29.41,1.0,15470.0,3.91,929.0,-2.34
F666D60A-75B1-428D-A08C-B318AA253AFC,9BWAH5BZ6KP538191,App2Car,2026-08-12T16:52:48.919454,2026-08-12T16:45:15.909169,13.75,32.0,,90.0,1819.0,51.0,-2.0378622436523437,2.521656188964844,8.781788177490235,9.361166383189422,-5.834970552082865,-35.199980666752246,,15.0,42.0,,25.0,63.14,,1596.595,,,0,Gasolina,,,0.0,0.7333333333333333,88.0,0.0,0,29.41,1.0,15470.0,3.91,929.0,-2.34
F666D60A-75B1-428D-A08C-B318AA253AFC,9BWAH5BZ6KP538191,App2Car,2026-08-12T16:52:49.918615,2026-08-12T16:45:15.909169,13.75,30.0,,84.0,1889.0,53.0,-2.1968316650390625,1.8745518493652344,8.465645599365235,8.9446726834764,-5.83504815221755,-35.19987918131328,,15.0,42.0,,24.0,63.14,,1708.6950000000002,,,0,Gasolina,,,0.0,0.7666666666666667,88.0,0.0,0,29.41,1.0,15470.0,3.91,929.0,-2.34
F666D60A-75B1-428D-A08C-B318AA253AFC,9BWAH5BZ6KP538191,App2Car,2026-08-12T16:52:50.918929,2026-08-12T16:45:15.909169,13.75,25.0,,84.0,1512.0,53.0,-1.1853849792480469,2.2770648193359375,10.844798126220704,11.144496764724927,-5.835129910929865,-35.199776166021536,,-4.0,42.0,,21.0,63.14,,1555.71,,,0,Gasolina,,,0.0,0.7666666666666667,88.0,0.0,0,29.41,0.99,15470.0,3.91,929.0,-2.34
F666D60A-75B1-428D-A08C-B318AA253AFC,9BWAH5BZ6KP538191,App2Car,2026-08-12T16:52:51.918560,2026-08-12T16:45:15.909169,13.75,27.0,,85.0,1512.0,55.0,-1.4783258056640625,2.9957203674316406,11.261082458496094,11.746138337538236,-5.835212388935375,-35.1996678701533,,15.0,42.0,,22.0,63.14,,1521.9199999999998,,,0,Gasolina,,,0.0,0.9,88.0,0.0,0,29.41,1.0,15470.0,3.91,929.0,-2.34
F666D60A-75B1-428D-A08C-B318AA253AFC,9BWAH5BZ6KP538191,App2Car,2026-08-12T16:52:52.918609,2026-08-12T16:45:15.909169,13.75,27.0,,85.0,1513.0,56.0,-1.2355307006835938,3.203488311767578,9.335337066650391,9.946727684215544,-5.835297885812161,-35.19955739735892,,15.0,42.0,,22.0,63.14,,1521.9199999999998,,,0,Gasolina,,,0.0,0.8666666666666667,88.0,0.0,0,29.41,1.0,15470.0,3.91,929.0,-2.34
F666D60A-75B1-428D-A08C-B318AA253AFC,9BWAH5BZ6KP538191,App2Car,2026-08-12T16:52:53.918576,2026-08-12T16:45:15.909169,13.75,27.0,,84.0,1561.0,58.0,-1.0376422119140625,3.0728100585937503,8.389603729248048,8.994682526357092,-5.835385378763122,-35.19944349564002,,15.0,42.0,,21.0,63.14,,1555.925,,,0,Gasolina,,,0.0,0.8333333333333334,88.0,0.0,0,29.41,1.0,15470.0,3.91,929.0,-2.34
F666D60A-75B1-428D-A08C-B318AA253AFC,9BWAH5BZ6KP538191,App2Car,2026-08-12T16:52:54.918744,2026-08-12T16:45:15.909169,13.75,25.0,,79.0,1611.0,60.0,-1.2255015563964844,2.465672607421875,11.464359741210938,11.790374877314923,-5.835476819166945,-35.19932478198987,,15.5,42.0,,21.0,63.14,,1519.315,,,0,Gasolina,,,0.0,0.7666666666666667,88.0,0.0,0,29.41,1.0,15470.0,3.91,929.0,-2.34
F666D60A-75B1-428D-A08C-B318AA253AFC,9BWAH5BZ6KP538191,App2Car,2026-08-12T16:52:55.918560,2026-08-12T16:45:15.909169,13.75,24.0,,75.0,1659.0,62.0,-1.2014016723632812,2.6460475158691406,7.415728912353516,7.964795586586664,-5.8355704216900115,-35.1992029426408,,16.5,42.0,,20.0,63.14,,1516.62,,,0,Gasolina,,,0.0,0.6666666666666666,88.0,0.0,0,29.41,1.0,15470.0,3.91,929.0,-2.34
F666D60A-75B1-428D-A08C-B318AA253AFC,9BWAH5BZ6KP538191,App2Car,2026-08-12T16:52:56.918931,2026-08-12T16:45:15.909169,13.75,24.0,,64.0,1690.0,63.0,-1.2036470031738282,2.5417144775390628,8.370742950439453,8.830538836102406,-5.835664751865688,-35.199079187887065,,16.5,42.0,,20.0,63.14,,1516.62,,,0,Gasolina,,,0.0,0.7,88.0,0.0,0,29.41,1.0,15470.0,3.91,929.0,-2.34
F666D60A-75B1-428D-A08C-B318AA253AFC,9BWAH5BZ6KP538191,App2Car,2026-08-12T16:52:57.919393,2026-08-12T16:45:15.909169,13.75,14.0,,34.0,1668.0,63.0,-0.14534774780273438,3.1581326293945313,9.446106719970704,9.961117399052851,-5.835762398760113,-35.1989542939656,,15.5,42.0,,17.0,63.14,,1305.1499999999999,,,0,Gasolina,,,0.0,0.6,88.0,0.0,0,29.41,1.0,15470.0,3.91,929.0,-2.34
F666D60A-75B1-428D-A08C-B318AA253AFC,9BWAH5BZ6KP538191,App2Car,2026-08-12T16:52:58.918276,2026-08-12T16:45:15.909169,13.75,7.0,,26.0,1668.0,63.0,-0.858614501953125,2.353106689453125,10.073152770996094,10.379919879398855,-5.835857662847993,-35.19882959017837,,3.0,42.0,,13.0,63.14,,1038.8,,,0,Gasolina,,,0.0,0.8,88.0,0.0,0,29.41,0.99,15470.0,3.91,929.0,-2.34
F666D60A-75B1-428D-A08C-B318AA253AFC,9BWAH5BZ6KP538191,App2Car,2026-08-12T16:52:59.919107,2026-08-12T16:45:15.909169,13.75,7.0,,26.0,1666.0,62.0,-1.4117143249511719,2.0505857849121094,8.865464172363282,9.208381746431504,-5.83595422605568,-35.19870476510582,,-3.0,42.0,,13.0,63.14,,1023.27,,,0,Gasolina,,,0.0,0.8333333333333334,88.0,0.0,0,29.41,0.98,15470.0,3.91,929.0,-2.34
F666D60A-75B1-428D-A08C-B318AA253AFC,9BWAH5BZ6KP538191,App2Car,2026-08-12T16:53:00.919355,2026-08-12T16:45:15.909169,13.75,7.0,,26.0,1637.0,61.0,-1.0469229125976562,2.362237701416016,9.744586029052735,10.081327859985654,-5.8360486004442,-35.19858148340394,,-5.5,42.0,,13.0,63.14,,1023.27,,,0,Gasolina,,,0.0,0.9,88.0,0.0,0,29.41,0.98,15470.0,3.91,929.0,-2.34
F666D60A-75B1-428D-A08C-B318AA253AFC,9BWAH5BZ6KP538191,App2Car,2026-08-12T16:53:01.918766,2026-08-12T16:45:15.909169,13.75,7.0,,26.0,1607.0,60.0,-1.5248789978027344,2.1905447387695314,6.450086975097657,6.980498850140668,-5.83614297540666,-35.198461019419824,,-6.0,42.0,,13.0,63.14,,1023.27,,,0,Gasolina,,,0.0,0.8,88.0,0.0,0,29.41,0.98,15470.0,3.91,929.0,-2.34
F666D60A-75B1-428D-A08C-B318AA253AFC,9BWAH5BZ6KP538191,App2Car,2026-08-12T16:53:02.917511,2026-08-12T16:45:15.909169,13.75,7.0,,27.0,1568.0,59.0,-1.2614268493652345,1.911075897216797,7.1578152465820315,7.515166524131363,-5.836234252099312,-35.198339950806904,,-7.0,42.0,,13.0,63.14,,1023.27,,,0,Gasolina,,,0.0,0.8666666666666667,88.0,0.0,0,29.41,0.98,15470.0,3.91,929.0,-2.34
F666D60A-75B1-428D-A08C-B318AA253AFC,9BWAH5BZ6KP538191,App2Car,2026-08-12T16:53:03.918712,2026-08-12T16:45:15.909169,13.75,7.0,,26.0,1525.0,57.0,-1.2924124145507814,2.783910827636719,9.153914337158204,9.654772759498199,-5.8363245298141955,-35.19822223268601,,-7.0,42.0,,13.0,63.14,,1023.27,,,0,Gasolina,,,0.0,0.9666666666666667,88.0,0.0,0,29.41,0.98,15470.0,3.91,929.0,-2.34
F666D60A-75B1-428D-A08C-B318AA253AFC,9BWAH5BZ6KP538191,App2Car,2026-08-12T16:53:04.918208,2026-08-12T16:45:15.909169,13.75,7.0,,27.0,1478.0,57.0,-0.9030720520019532,2.7328669738769533,10.135273590087891,10.53602732408888,-5.836413176626878,-35.19810794399444,,-8.5,42.0,,13.0,63.14,,1023.27,,,0,Gasolina,,,0.0,0.9666666666666667,88.0,0.0,0,29.41,0.98,15470.0,3.91,929.0,-2.34
F666D60A-75B1-428D-A08C-B318AA253AFC,9BWAH5BZ6KP538191,App2Car,2026-08-12T16:53:05.918715,2026-08-12T16:45:15.909169,13.75,7.0,,26.0,1478.0,55.0,-0.9717791748046876,2.392474822998047,7.870333557128907,8.283141966894746,-5.836499641251396,-35.19799593318953,,-8.5,42.0,,13.0,63.14,,1023.27,,,0,Gasolina,,,0.0,0.9666666666666667,88.0,0.0,0,29.41,0.98,15470.0,3.91,929.0,-2.34
F666D60A-75B1-428D-A08C-B318AA253AFC,9BWAH5BZ6KP538191,App2Car,2026-08-12T16:53:06.919284,2026-08-12T16:45:15.909169,13.75,7.0,,26.0,1436.0,54.0,-1.1666738891601562,2.7798692321777345,9.321416015625001,9.796815678985023,-5.836584147776592,-35.19788664643912,,-9.0,42.0,,13.0,63.14,,1023.27,,,0,Gasolina,,,0.0,0.9666666666666667,88.0,0.0,0,29.41,0.98,15470.0,3.91,929.0,-2.34
F666D60A-75B1-428D-A08C-B318AA253AFC,9BWAH5BZ6KP538191,App2Car,2026-08-12T16:53:07.918243,2026-08-12T16:45:15.909169,13.75,7.0,,27.0,1383.0,51.0,-0.8357121276855469,1.4305751037597656,10.050400085449219,10.186044461195703,-5.836667884634624,-35.19778179636238,,-9.0,42.0,,13.0,63.14,,1023.27,,,0,Gasolina,,,0.0,0.9666666666666667,88.0,0.0,0,29.41,0.98,15470.0,3.91,929.0,-2.34
F666D60A-75B1-428D-A08C-B318AA253AFC,9BWAH5BZ6KP538191,App2Car,2026-08-12T16:53:08.919218,2026-08-12T16:45:15.909169,13.75,7.0,,27.0,1264.0,46.0,-0.34862503051757815,1.7356407165527346,9.960586853027344,10.116683180052652,-5.836749289320433,-35.19768280399061,,-6.0,42.0,,13.0,63.14,,1023.27,,,0,Gasolina,,,0.0,0.9333333333333333,88.0,0.0,0,29.41,0.98,15470.0,3.91,929.0,-2.34
F666D60A-75B1-428D-A08C-B318AA253AFC,9BWAH5BZ6KP538191,App2Car,2026-08-12T16:53:09.917666,2026-08-12T16:45:15.909169,13.75,7.0,,27.0,1318.0,38.0,-0.22588027954101564,1.2151730346679688,9.759105834960938,9.8370632865118,-5.836827063915936,-35.19759547269969,,-9.0,42.0,,13.0,63.14,,1023.27,,,0,Gasolina,,,0.0,0.9333333333333333,88.0,0.0,0,29.41,0.98,15470.0,3.91,929.0,-2.34
F666D60A-75B1-428D-A08C-B318AA253AFC,9BWAH5BZ6KP538191,App2Car,2026-08-12T16:53:10.919123,2026-08-12T16:45:15.909169,13.75,7.0,,27.0,1169.0,30.0,-0.0814306640625,1.0440788269042969,10.096055145263673,10.150224679584417,-5.8368978971891625,-35.1975233664869,,-9.0,42.0,,13.0,63.14,,1023.27,,,0,Gasolina,,,0.0,0.9333333333333333,88.0,0.0,0,29.41,0.99,15470.0,3.91,929.0,-2.34
F666D60A-75B1-428D-A08C-B318AA253AFC,9BWAH5BZ6KP538191,App2Car,2026-08-12T16:53:11.919258,2026-08-12T16:45:15.909169,13.75,6.0,,28.0,1085.0,30.0,-0.540076904296875,1.0174342346191407,8.938212890625,9.012131000072339,-5.836959168497432,-35.19746443818006,,-10.0,42.0,,12.0,63.14,,426.42,,,0,Gasolina,,,0.0,0.9,88.0,0.0,0,29.41,0.98,15470.0,3.91,929.0,-2.34
F666D60A-75B1-428D-A08C-B318AA253AFC,9BWAH5BZ6KP538191,App2Car,2026-08-12T16:53:12.919267,2026-08-12T16:45:15.909169,13.75,8.0,,33.0,1085.0,21.0,-0.670455780029297,2.3670277404785156,9.923164672851563,10.223577084450373,-5.837008658215707,-35.19742285705837,,-7.0,42.0,,13.0,63.14,,345.825,,,0,Gasolina,,,0.0,0.9333333333333333,88.0,0.0,0,29.41,0.98,15470.0,3.91,929.0,-2.34
F666D60A-75B1-428D-A08C-B318AA253AFC,9BWAH5BZ6KP538191,App2Car,2026-08-12T16:53:13.918829,2026-08-12T16:45:15.909169,13.75,29.0,,33.0,950.0,16.0,-0.7616162109375001,2.737207946777344,10.366392974853516,10.748696195620946,-5.837043265721825,-35.19739435767095,,-8.5,42.0,,14.0,63.14,,528.75,,,0,Gasolina,,,1.0,0.5666666666666667,88.0,0.0,0,29.41,1.0,15470.0,3.91,929.0,-2.34
F666D60A-75B1-428D-A08C-B318AA253AFC,9BWAH5BZ6KP538191,App2Car,2026-08-12T16:53:14.919074,2026-08-12T16:45:15.909169,13.75,29.0,,82.0,1405.0,16.0,-1.447639617919922,2.867586822509766,7.956404571533204,8.580389755361784,-5.837072052491518,-35.197373271359126,,-3.0,42.0,,22.0,63.14,,528.75,,,0,Gasolina,,,0.0,0.7333333333333333,88.0,0.0,0,29.41,1.0,15470.0,3.91,929.0,-2.34
F666D60A-75B1-428D-A08C-B318AA253AFC,9BWAH5BZ6KP538191,App2Car,2026-08-12T16:53:15.918449,2026-08-12T16:45:15.909169,13.75,28.0,,77.0,1620.0,18.0,-1.7116905212402345,3.672912139892578,8.205336914062501,9.15137814217895,-5.837107014572177,-35.19734685171995,,14.0,42.0,,22.0,63.14,,878.5999999999999,,,0,Gasolina,,,0.0,0.9,88.0,0.0,0,29.41,0.99,15470.0,3.91,929.0,-2.34
F666D60A-75B1-428D-A08C-B318AA253AFC,9BWAH5BZ6KP538191,App2Car,2026-08-12T16:53:16.919148,2026-08-12T16:45:15.909169,13.75,28.0,,77.0,1620.0,18.0,-1.8479072570800783,3.241359558105469,8.505313110351564,9.287708227588176,-5.837146706109632,-35.19731830534784,,14.0,42.0,,23.0,63.14,,878.5999999999999,,,0,Gasolina,,,0.0,0.9,87.0,0.0,0,29.41,0.99,15470.0,3.13,989.0,-2.34
F666D60A-75B1-428D-A08C-B318AA253AFC,9BWAH5BZ6KP538191,App2Car,2026-08-12T16:53:17.918738,2026-08-12T16:45:15.909169,13.62,30.0,,86.0,1620.0,18.0,-1.55197265625,3.1510972595214843,8.7609814453125,9.438899774328648,-5.837189728083376,-35.197289633338514,,14.0,42.0,,23.0,63.14,,940.8,,,0,Gasolina,,,0.0,0.9,87.0,0.0,0,29.41,0.99,18710.0,3.13,989.0,-2.34
F666D60A-75B1-428D-A08C-B318AA253AFC,9BWAH5BZ6KP538191,App2Car,2026-08-12T16:53:18.919135,2026-08-12T16:45:15.909169,13.62,28.0,,86.0,2108.0,25.0,-1.1557466125488283,3.660637664794922,9.64040267944336,10.376578538571952,-5.837238260793087,-35.19725622998096,,16.5,42.0,,24.0,63.14,,1194.62,,,0,Gasolina,,,0.0,0.9,87.0,0.0,0,29.41,1.0,18710.0,3.13,989.0,-2.34
F666D60A-75B1-428D-A08C-B318AA253AFC,9BWAH5BZ6KP538191,App2Car,2026-08-12T16:53:19.918721,2026-08-12T16:45:15.909169,13.62,28.0,,83.0,2279.0,27.0,-2.1619541931152346,3.4395474243164066,9.435329132080078,10.272778019987056,-5.837291765981346,-35.19721863007884,,17.0,42.0,,24.0,63.14,,1286.725,,,0,Gasolina,,,0.0,0.9333333333333333,87.0,0.0,0,29.41,1.0,18710.0,3.13,989.0,-2.34
F666D60A-75B1-428D-A08C-B318AA253AFC,9BWAH5BZ6KP538191,App2Car,2026-08-12T16:53:20.919051,2026-08-12T16:45:15.909169,13.62,27.0,,77.0,2499.0,30.0,-1.2653187561035157,3.523223419189453,9.255852355957032,9.984234454946844,-5.837351715457909,-35.197178782850706,,18.5,42.0,,24.0,63.14,,1263.33,,,0,Gasolina,,,0.0,0.9333333333333333,87.0,0.0,0,29.41,1.0,18710.0,3.13,989.0,-2.34
F666D60A-75B1-428D-A08C-B318AA253AFC,9BWAH5BZ6KP538191,App2Car,2026-08-12T16:53:21.918425,2026-08-12T16:45:15.909169,13.62,27.0,,86.0,1745.0,32.0,-1.2307406616210939,2.9123437500000002,10.251432037353515,10.727922795714445,-5.837415225599406,-35.19713569025947,,15.0,42.0,,23.0,63.14,,1367.715,,,0,Gasolina,,,0.0,0.9333333333333333,87.0,0.0,0,29.41,0.99,18710.0,3.13,989.0,-2.34
F666D60A-75B1-428D-A08C-B318AA253AFC,9BWAH5BZ6KP538191,App2Car,2026-08-12T16:53:22.919018,2026-08-12T16:45:15.909169,13.62,29.0,,86.0,1761.0,33.0,-2.000739440917969,2.964884490966797,7.626790008544922,8.423860408961016,-5.837481448181247,-35.19709055273366,,15.0,42.0,,23.0,63.14,,1233.725,,,0,Gasolina,,,0.0,0.9,87.0,0.0,0,29.41,1.0,18710.0,3.13,989.0,-2.34
F666D60A-75B1-428D-A08C-B318AA253AFC,9BWAH5BZ6KP538191,App2Car,2026-08-12T16:53:23.918678,2026-08-12T16:45:15.909169,13.62,29.0,,86.0,1728.0,33.0,-1.0939251708984377,3.013683013916016,9.159602508544923,9.7044977047982,-5.8375510625579805,-35.19704326469637,,15.0,42.0,,23.0,63.14,,1233.725,,,0,Gasolina,,,0.0,0.9333333333333333,87.0,0.0,0,29.41,1.0,18710.0,3.13,989.0,-2.34
F666D60A-75B1-428D-A08C-B318AA253AFC,9BWAH5BZ6KP538191,App2Car,2026-08-12T16:53:24.918915,2026-08-12T16:45:15.909169,13.62,29.0,,85.0,1728.0,35.0,-1.17116455078125,3.2650103759765625,7.920628967285157,8.646865466609157,-5.837622600675459,-35.19699329030706,,15.0,42.0,,23.0,63.14,,1233.725,,,0,Gasolina,,,0.0,0.9,87.0,0.0,0,29.41,1.0,18710.0,3.13,989.0,-2.34
F666D60A-75B1-428D-A08C-B318AA253AFC,9BWAH5BZ6KP538191,App2Car,2026-08-12T16:53:25.918861,2026-08-12T16:45:15.909169,13.62,27.0,,85.0,1804.0,,-1.7729132080078125,2.701731719970703,9.394913177490235,9.93513810384154,-5.837697395707227,-35.196940274706364,,16.5,42.0,,22.0,63.14,,540.54,,,0,Gasolina,,,0.0,0.8666666666666667,87.0,0.0,0,29.41,1.0,18710.0,3.13,989.0,-2.34
F666D60A-75B1-428D-A08C-B318AA253AFC,9BWAH5BZ6KP538191,App2Car,2026-08-12T16:53:26.918806,2026-08-12T16:45:15.909169,13.62,27.0,,82.0,1894.0,39.0,-1.212927703857422,2.657274169921875,10.356214141845703,10.760272811629068,-5.837774969010183,-35.19688480258764,,6.5,42.0,,22.0,63.14,,540.54,,,0,Gasolina,,,0.0,0.9666666666666667,87.0,0.0,0,29.41,1.0,18710.0,3.13,989.0,-2.34
F666D60A-75B1-428D-A08C-B318AA253AFC,9BWAH5BZ6KP538191,App2Car,2026-08-12T16:53:27.918529,2026-08-12T16:45:15.909169,13.62,27.0,,88.0,1505.0,40.0,-1.089584197998047,2.7605593872070315,10.054591369628907,10.483448357531982,-5.837854866936468,-35.19682493295095,,14.0,42.0,,22.0,63.14,,540.54,,,0,Gasolina,,,0.0,0.9666666666666667,87.0,0.0,0,29.41,1.0,18710.0,3.13,989.0,-2.34
F666D60A-75B1-428D-A08C-B318AA253AFC,9BWAH5BZ6KP538191,App2Car,2026-08-12T16:53:28.918924,2026-08-12T16:45:15.909169,13.62,29.0,,87.0,1555.0,42.0,-1.6054115295410156,2.719245300292969,7.825277252197266,8.438400633775611,-5.83793777914464,-35.19676550990383,,14.0,42.0,,23.0,63.14,,1312.725,,,0,Gasolina,,,0.0,0.9666666666666667,87.0,0.0,0,29.41,1.0,18710.0,3.13,989.0,-2.34
F666D60A-75B1-428D-A08C-B318AA253AFC,9BWAH5BZ6KP538191,App2Car,2026-08-12T16:53:29.918749,2026-08-12T16:45:15.909169,13.62,29.0,,87.0,1607.0,43.0,-0.8722361755371094,3.0135333251953127,10.86470672607422,11.308582196348961,-5.838025294231004,-35.196705741819706,,14.0,42.0,,23.0,63.14,,1312.725,,,0,Gasolina,,,0.0,0.9333333333333333,87.0,0.0,0,29.41,1.0,18710.0,3.13,989.0,-2.34
F666D60A-75B1-428D-A08C-B318AA253AFC,9BWAH5BZ6KP538191,App2Car,2026-08-12T16:53:30.918766,2026-08-12T16:45:15.909169,13.62,29.0,,85.0,1656.0,43.0,-1.1038046264648438,3.1027478027343753,10.03363494873047,10.560267935292346,-5.838115858075189,-35.19664540460625,,14.0,42.0,,23.0,63.14,,1312.725,,,0,Gasolina,,,0.0,0.9333333333333333,87.0,0.0,0,29.41,1.0,18710.0,3.13,989.0,-2.34
F666D60A-75B1-428D-A08C-B318AA253AFC,9BWAH5BZ6KP538191,App2Car,2026-08-12T16:53:31.918288,2026-08-12T16:45:15.909169,13.62,28.0,,83.0,1656.0,45.0,-1.4904505920410156,2.552042999267578,10.719957733154297,11.119885801483786,-5.838209960228741,-35.196582611376186,,15.0,42.0,,22.0,63.14,,1407.4399999999998,,,0,Gasolina,,,0.0,0.9333333333333333,87.0,0.0,0,29.41,1.0,18710.0,3.13,989.0,-2.34
F666D60A-75B1-428D-A08C-B318AA253AFC,9BWAH5BZ6KP538191,App2Car,2026-08-12T16:53:32.918839,2026-08-12T16:45:15.909169,13.62,26.0,,83.0,1683.0,46.0,-1.8453625488281251,2.0049307250976565,10.083780670166016,10.445465176480742,-5.838303971911332,-35.19651718514436,,15.5,42.0,,21.0,63.14,,1361.8799999999999,,,0,Gasolina,,,0.0,0.8666666666666667,87.0,0.0,0,29.41,1.0,18710.0,3.13,989.0,-2.34
F666D60A-75B1-428D-A08C-B318AA253AFC,9BWAH5BZ6KP538191,App2Car,2026-08-12T16:53:33.918672,2026-08-12T16:45:15.909169,13.62,26.0,,76.0,1669.0,46.0,-1.5926879882812501,2.418670349121094,7.394473114013672,7.941338295249987,-5.838400320570971,-35.196452159842465,,17.0,42.0,,16.0,63.14,,1361.8799999999999,,,0,Gasolina,,,0.0,0.8,87.0,0.0,0,29.41,1.0,18710.0,3.13,989.0,-2.34
F666D60A-75B1-428D-A08C-B318AA253AFC,9BWAH5BZ6KP538191,App2Car,2026-08-12T16:53:34.918168,2026-08-12T16:45:15.909169,13.62,13.0,,29.0,1634.0,45.0,-0.839304656982422,2.0413050842285156,9.959688720703125,10.201311590547101,-5.838495954028714,-35.196384236562814,,-5.5,42.0,,16.0,63.14,,937.86,,,0,Gasolina,,,0.0,0.6333333333333333,87.0,0.0,0,29.41,1.0,18710.0,3.13,989.0,-2.34
F666D60A-75B1-428D-A08C-B318AA253AFC,9BWAH5BZ6KP538191,App2Car,2026-08-12T16:53:35.918994,2026-08-12T16:45:15.909169,13.62,7.0,,28.0,1586.0,44.0,-0.7156617736816406,3.203188934326172,8.659941558837891,9.26105711707829,-5.838587849319883,-35.19631759363861,,-7.0,42.0,,13.0,63.14,,735.93,,,0,Gasolina,,,0.0,0.9666666666666667,87.0,0.0,0,29.41,0.98,18710.0,3.13,989.0,-2.34
F666D60A-75B1-428D-A08C-B318AA253AFC,9BWAH5BZ6KP538191,App2Car,2026-08-12T16:53:36.919093,2026-08-12T16:45:15.909169,13.62,7.0,,28.0,1517.0,42.0,-1.0021659851074218,2.0969892883300782,10.79525115966797,11.042606048274568,-5.838679179360474,-35.19625312077893,,-7.0,42.0,,13.0,63.14,,735.93,,,0,Gasolina,,,0.0,0.9666666666666667,87.0,0.0,0,29.41,0.98,18710.0,3.13,989.0,-2.34
F666D60A-75B1-428D-A08C-B318AA253AFC,9BWAH5BZ6KP538191,App2Car,2026-08-12T16:53:37.918986,2026-08-12T16:45:15.909169,13.62,7.0,,28.0,1450.0,42.0,-0.926722869873047,2.1701870727539063,9.12068344116211,9.421008101163197,-5.838766716027183,-35.1961913103954,,-8.5,42.0,,13.0,63.14,,735.93,,,0,Gasolina,,,0.0,0.9666666666666667,87.0,0.0,0,29.41,0.98,18710.0,3.13,989.0,-2.34
F666D60A-75B1-428D-A08C-B318AA253AFC,9BWAH5BZ6KP538191,App2Car,2026-08-12T16:53:38.918316,2026-08-12T16:45:15.909169,13.62,6.0,,26.0,1450.0,40.0,-0.7045848083496095,1.3958473205566406,9.924811248779298,10.047223886146774,-5.838850728012507,-35.19613251725447,,-11.5,42.0,,13.0,63.14,,632.5,,,0,Gasolina,,,0.0,0.9333333333333333,87.0,0.0,0,29.41,0.98,18710.0,3.13,989.0,-2.34
F666D60A-75B1-428D-A08C-B318AA253AFC,9BWAH5BZ6KP538191,App2Car,2026-08-12T16:53:39.919214,2026-08-12T16:45:15.909169,13.62,9.0,,26.0,1260.0,34.0,-0.2871029663085938,0.901575164794922,9.330397338867188,9.378250390780686,-5.838929170102165,-35.19607690999258,,10.5,42.0,,14.0,63.14,,571.9000000000001,,,0,Gasolina,,,0.0,0.9666666666666667,87.0,0.0,0,29.41,1.0,18710.0,3.13,989.0,-2.34
F666D60A-75B1-428D-A08C-B318AA253AFC,9BWAH5BZ6KP538191,App2Car,2026-08-12T16:53:40.918786,2026-08-12T16:45:15.909169,13.62,9.0,,36.0,1255.0,25.0,-0.3704795837402344,0.710123291015625,10.081235961914063,10.113003941965045,-5.8389931969606526,-35.19603112294075,,-1.5,42.0,,13.0,63.14,,434.35,,,0,Gasolina,,,0.0,0.9333333333333333,87.0,0.0,0,29.41,0.99,18710.0,3.13,989.0,-2.34
F666D60A-75B1-428D-A08C-B318AA253AFC,9BWAH5BZ6KP538191,App2Car,2026-08-12T16:53:41.918845,2026-08-12T16:45:15.909169,13.62,9.0,,34.0,1027.0,17.0,-1.3305830383300783,2.1607566833496095,11.122321014404298,11.408126288483624,-5.839042679685499,-35.195994424906935,,-5.5,42.0,,13.0,63.14,,434.35,,,0,Gasolina,,,0.0,0.9333333333333333,87.0,0.0,0,29.41,0.99,18710.0,3.13,989.0,-2.34
F666D60A-75B1-428D-A08C-B318AA253AFC,9BWAH5BZ6KP538191,App2Car,2026-08-12T16:53:42.919041,2026-08-12T16:45:15.909169,13.62,7.0,,32.0,922.0,14.0,-0.8722361755371094,1.6455281066894532,7.6508898925781255,7.874304721318238,-5.839077288753855,-35.19596897521793,,-16.5,42.0,,12.0,63.14,,267.24,,,0,Gasolina,,,0.0,0.7,87.0,0.0,0,29.41,0.99,18710.0,3.13,989.0,-2.34
F666D60A-75B1-428D-A08C-B318AA253AFC,9BWAH5BZ6KP538191,App2Car,2026-08-12T16:53:43.918763,2026-08-12T16:45:15.909169,13.62,29.0,,75.0,1479.0,16.0,-2.0073257446289063,2.9497659301757815,10.368338928222657,10.965077647621705,-5.839109089743916,-35.19594658295183,,-16.5,42.0,,21.0,63.14,,649.73,,,0,Gasolina,,,0.0,0.6666666666666666,87.0,0.0,0,29.41,0.98,18710.0,3.13,989.0,-2.34
F666D60A-75B1-428D-A08C-B318AA253AFC,9BWAH5BZ6KP538191,App2Car,2026-08-12T16:53:44.918375,2026-08-12T16:45:15.909169,13.62,28.0,,83.0,1690.0,16.0,-2.040556640625,2.730172576904297,10.314750366210937,10.863323102095771,-5.8391408756950485,-35.19592322335458,,12.5,42.0,,22.0,63.14,,809.3799999999999,,,0,Gasolina,,,0.0,0.9,87.0,0.0,0,29.41,1.0,18710.0,3.13,989.0,-2.34
F666D60A-75B1-428D-A08C-B318AA253AFC,9BWAH5BZ6KP538191,App2Car,2026-08-12T16:53:45.918271,2026-08-12T16:45:15.909169,13.62,31.0,,88.0,1690.0,19.0,-1.417701873779297,3.5052607727050784,9.40763671875,10.139051253423844,-5.839177986942002,-35.1958966536326,,14.0,42.0,,24.0,63.14,,1022.5,,,0,Gasolina,,,0.0,0.9,87.0,0.0,0,29.41,0.99,18710.0,3.13,989.0,-2.34
F666D60A-75B1-428D-A08C-B318AA253AFC,9BWAH5BZ6KP538191,App2Car,2026-08-12T16:53:46.921191,2026-08-12T16:45:15.909169,13.62,31.0,,88.0,1911.0,22.0,-1.4952406311035158,3.2239956665039062,8.910221099853516,9.592806296950522,-5.83922035783808,-35.195866548317724,,15.0,42.0,,25.0,63.14,,1168.915,,,0,Gasolina,,,0.0,0.9333333333333333,87.0,0.0,0,29.41,1.0,18710.0,3.13,989.0,-2.34
F666D60A-75B1-428D-A08C-B318AA253AFC,9BWAH5BZ6KP538191,App2Car,2026-08-12T16:53:47.918823,2026-08-12T16:45:15.909169,13.62,31.0,,86.0,2125.0,25.0,-1.4696438598632813,3.0502070617675785,9.095984802246095,9.705697075284318,-5.8392680466979145,-35.19583432610531,,15.5,42.0,,25.0,63.14,,1168.915,,,0,Gasolina,,,0.0,0.8666666666666667,87.0,0.0,0,29.41,1.0,18710.0,3.13,989.0,-2.34
F666D60A-75B1-428D-A08C-B318AA253AFC,9BWAH5BZ6KP538191,App2Car,2026-08-12T16:53:48.917245,2026-08-12T16:45:15.909169,13.62,29.0,,84.0,2329.0,27.0,-1.8306930541992188,2.937192077636719,9.737400970458985,10.334191406158528,-5.839321642198827,-35.19579880395194,,17.0,42.0,,25.0,63.14,,1248.75,,,0,Gasolina,,,0.0,0.8666666666666667,87.0,0.0,0,29.41,1.0,18710.0,3.13,989.0,-2.34
F666D60A-75B1-428D-A08C-B318AA253AFC,9BWAH5BZ6KP538191,App2Car,2026-08-12T16:53:49.918214,2026-08-12T16:45:15.909169,13.62,28.0,,89.0,1678.0,30.0,-1.1799961853027345,2.9392877197265626,11.016940155029298,11.46319212419304,-5.8393800632568,-35.19576003700886,,14.0,42.0,,25.0,63.14,,1327.975,,,0,Gasolina,,,0.0,0.9666666666666667,87.0,0.0,0,29.41,1.0,18710.0,3.13,989.0,-2.34
F666D60A-75B1-428D-A08C-B318AA253AFC,9BWAH5BZ6KP538191,App2Car,2026-08-12T16:53:50.919055,2026-08-12T16:45:15.909169,13.62,31.0,,88.0,1713.0,31.0,-1.6435821533203125,3.397335205078125,8.548722839355468,9.34472637237143,-5.839442626449205,-35.195718052495934,,14.0,42.0,,24.0,63.14,,1243.79,,,0,Gasolina,,,0.0,0.9333333333333333,87.0,0.0,0,29.41,0.99,18710.0,3.13,989.0,-2.34
F666D60A-75B1-428D-A08C-B318AA253AFC,9BWAH5BZ6KP538191,App2Car,2026-08-12T16:53:51.918675,2026-08-12T16:45:15.909169,13.62,31.0,,90.0,1645.0,31.0,-1.7806970214843751,2.85486328125,11.192674713134766,11.687475923868218,-5.839508446927059,-35.195673798053896,,15.0,42.0,,24.0,63.14,,1243.79,,,0,Gasolina,,,0.0,0.9666666666666667,87.0,0.0,0,29.41,0.99,18710.0,3.13,989.0,-2.34
F666D60A-75B1-428D-A08C-B318AA253AFC,9BWAH5BZ6KP538191,App2Car,2026-08-12T16:53:52.919045,2026-08-12T16:45:15.909169,13.62,31.0,,90.0,1645.0,33.0,-1.9115249633789064,2.8261230468750003,9.785900115966797,10.363625825037188,-5.83957579935123,-35.19562814363313,,14.0,42.0,,25.0,63.14,,1326.3999999999999,,,0,Gasolina,,,0.0,0.9333333333333333,87.0,0.0,0,29.41,1.0,18710.0,3.13,989.0,-2.34
F666D60A-75B1-428D-A08C-B318AA253AFC,9BWAH5BZ6KP538191,App2Car,2026-08-12T16:53:53.919408,2026-08-12T16:45:15.909169,13.62,34.0,,90.0,1732.0,35.0,-2.181713104248047,3.197051696777344,8.503217468261719,9.342682641172491,-5.839646061374368,-35.19558287584279,,13.5,42.0,,25.0,63.14,,1460.04,,,0,Gasolina,,,0.0,0.9666666666666667,87.0,0.0,0,29.41,1.0,18710.0,3.13,989.0,-2.34
F666D60A-75B1-428D-A08C-B318AA253AFC,9BWAH5BZ6KP538191,App2Car,2026-08-12T16:53:54.918554,2026-08-12T16:45:15.909169,13.62,34.0,,91.0,1760.0,36.0,-1.2626243591308595,3.516936492919922,10.120753784179689,10.788545765184944,-5.839721065751155,-35.19553557698484,,12.5,42.0,,28.0,63.14,,1596.0,,,0,Gasolina,,,0.0,1.0,87.0,0.0,0,29.41,1.0,18710.0,3.13,989.0,-2.34
F666D60A-75B1-428D-A08C-B318AA253AFC,9BWAH5BZ6KP538191,App2Car,2026-08-12T16:53:55.919495,2026-08-12T16:45:15.909169,13.62,35.0,,94.0,1822.0,37.0,-1.4006373596191406,3.7426670837402347,9.24672134399414,10.073291295616857,-5.839799075001442,-35.19548790997207,,11.0,42.0,,28.0,63.14,,1618.8,,,0,Gasolina,,,0.0,1.0,87.0,0.0,0,29.41,1.0,18710.0,3.13,989.0,-2.34
F666D60A-75B1-428D-A08C-B318AA253AFC,9BWAH5BZ6KP538191,App2Car,2026-08-12T16:53:56.918925,2026-08-12T16:45:15.909169,13.62,36.0,,96.0,1882.0,38.0,-1.4861096191406251,3.389850769042969,8.54393280029297,9.311197438160441,-5.83987915459241,-35.1954387915717,,10.5,42.0,,31.0,63.14,,1796.53,,,0,Gasolina,,,0.0,0.9,87.0,0.0,0,29.41,0.99,18710.0,3.13,989.0,-2.34
F666D60A-75B1-428D-A08C-B318AA253AFC,9BWAH5BZ6KP538191,App2Car,2026-08-12T16:53:57.919867,2026-08-12T16:45:15.909169,13.62,36.0,,96.0,1925.0,39.0,-0.9157955932617188,3.8263430786132813,7.976313171386719,8.893882995178574,-5.839965280689502,-35.19539483451169,,10.5,42.0,,30.0,63.14,,1806.34,,,0,Gasolina,,,0.0,0.8333333333333334,87.0,0.0,0,29.41,1.0,18710.0,3.13,989.0,-2.34
F666D60A-75B1-428D-A08C-B318AA253AFC,9BWAH5BZ6KP538191,App2Car,2026-08-12T16:53:58.917903,2026-08-12T16:45:15.909169,13.62,36.0,,96.0,1949.0,39.0,-1.7848883056640625,3.2811767578125,9.341623992919923,10.060710014944394,-5.840054537509458,-35.195353603824856,,11.0,42.0,,31.0,63.14,,1884.375,,,1,Gasolina,,,0.0,0.9,87.0,0.0,0,29.41,1.0,18710.0,3.13,989.0,-2.34
F666D60A-75B1-428D-A08C-B318AA253AFC,9BWAH5BZ6KP538191,App2Car,2026-08-12T16:53:59.919443,2026-08-12T16:45:15.909169,13.62,35.0,,95.0,1949.0,40.0,-0.9966275024414063,3.6907250976562502,8.72311019897461,9.524041666674249,-5.840147237326323,-35.19531467420772,,11.0,42.0,,30.0,63.14,,1855.875,,,1,Gasolina,,,0.0,0.8666666666666667,87.0,0.0,0,29.41,1.0,18710.0,3.13,989.0,-2.34
F666D60A-75B1-428D-A08C-B318AA253AFC,9BWAH5BZ6KP538191,App2Car,2026-08-12T16:54:00.917696,2026-08-12T16:45:15.909169,13.62,35.0,,95.0,1962.0,40.0,-1.5094610595703126,3.9163059997558594,9.831854553222657,10.69024271613175,-5.840242327710017,-35.19528035040102,,12.0,42.0,,30.0,63.14,,1855.875,,,1,Gasolina,,,0.0,0.8666666666666667,87.0,0.0,0,29.41,1.0,18710.0,3.13,989.0,-2.34
F666D60A-75B1-428D-A08C-B318AA253AFC,9BWAH5BZ6KP538191,App2Car,2026-08-12T16:54:01.917837,2026-08-12T16:45:15.909169,13.62,35.0,,94.0,1978.0,40.0,-0.9922865295410157,3.63324462890625,9.222471771240235,9.961881582387319,-5.840339868321783,-35.195251140332154,,12.0,42.0,,29.0,63.14,,1855.875,,,1,Gasolina,,,0.0,0.8333333333333334,87.0,0.0,0,29.41,1.0,18710.0,3.13,989.0,-2.34
F666D60A-75B1-428D-A08C-B318AA253AFC,9BWAH5BZ6KP538191,App2Car,2026-08-12T16:54:02.918794,2026-08-12T16:45:15.909169,13.62,35.0,,94.0,1994.0,41.0,-0.8126600646972657,3.6564463806152347,8.616082763671875,9.395046498315565,-5.840437941702314,-35.195222640029606,,12.0,42.0,,29.0,63.14,,1859.72,,,1,Gasolina,,,0.0,0.8666666666666667,87.0,0.0,0,29.41,1.0,18710.0,3.13,989.0,-2.34
F666D60A-75B1-428D-A08C-B318AA253AFC,9BWAH5BZ6KP538191,App2Car,2026-08-12T16:54:03.918184,2026-08-12T16:45:15.909169,13.62,35.0,,94.0,2002.0,41.0,-1.3079800415039062,3.6253111267089846,8.584348754882813,9.409821257594144,-5.840537501494816,-35.195197063094476,,12.0,42.0,,29.0,63.14,,1859.72,,,1,Gasolina,,,0.0,0.8666666666666667,87.0,0.0,0,29.41,1.0,18710.0,3.13,989.0,-2.34
F666D60A-75B1-428D-A08C-B318AA253AFC,9BWAH5BZ6KP538191,App2Car,2026-08-12T16:54:04.920038,2026-08-12T16:45:15.909169,13.62,33.0,,91.0,2017.0,41.0,-1.469344482421875,3.449576568603516,9.714049530029298,10.412555401175277,-5.84064012409344,-35.19517392523695,,12.0,42.0,,29.0,63.14,,1813.7399999999998,,,0,Gasolina,,,0.0,0.8333333333333334,87.0,0.0,0,29.41,1.0,18710.0,3.13,989.0,-2.34
F666D60A-75B1-428D-A08C-B318AA253AFC,9BWAH5BZ6KP538191,App2Car,2026-08-12T16:54:05.918225,2026-08-12T16:45:15.909169,13.62,32.0,,85.0,1989.0,41.0,-0.5568420410156251,3.3920960998535157,9.551487579345704,10.151221797777799,-5.840742387251485,-35.1951539571242,,12.0,42.0,,26.0,63.14,,1685.2050000000002,,,0,Gasolina,,,0.0,1.0,87.0,0.0,0,29.41,1.0,18710.0,3.13,989.0,-2.34
F666D60A-75B1-428D-A08C-B318AA253AFC,9BWAH5BZ6KP538191,App2Car,2026-08-12T16:54:06.919910,2026-08-12T16:45:15.909169,13.62,9.0,,28.0,1989.0,40.0,-0.4984634399414063,3.0428723144531253,9.569300537109376,10.05380776087077,-5.840844539070563,-35.195139814821104,,-2.5,42.0,,16.0,63.14,,879.305,,,0,Gasolina,,,0.0,0.9333333333333333,87.0,0.0,0,29.41,1.0,18710.0,3.13,989.0,-2.34
F666D60A-75B1-428D-A08C-B318AA253AFC,9BWAH5BZ6KP538191,App2Car,2026-08-12T16:54:07.920510,2026-08-12T16:45:15.909169,13.62,7.0,,28.0,1842.0,37.0,-0.9752220153808594,1.7726138305664063,9.401050415039062,9.61628653263332,-5.8409428290677745,-35.19513089905574,,-3.0,42.0,,,63.14,,405.24,,,0,Gasolina,,,0.0,0.9666666666666667,87.0,0.0,0,29.41,1.0,18710.0,3.13,989.0,-2.34
F666D60A-75B1-428D-A08C-B318AA253AFC,9BWAH5BZ6KP538191,App2Car,2026-08-12T16:54:08.918405,2026-08-12T16:45:15.909169,13.62,7.0,,29.0,1596.0,31.0,-0.1682501220703125,1.6673826599121095,9.912836151123047,10.053496585624538,-5.841031989384498,-35.19512658459031,,-8.5,42.0,,13.0,63.14,,303.24,,,0,Gasolina,,,0.0,0.9333333333333333,87.0,0.0,0,29.41,0.98,18710.0,3.13,989.0,-2.34
F666D60A-75B1-428D-A08C-B318AA253AFC,9BWAH5BZ6KP538191,App2Car,2026-08-12T16:54:09.918365,2026-08-12T16:45:15.909169,13.62,7.0,,29.0,1153.0,23.0,-0.8357121276855469,1.737436981201172,9.491761779785156,9.685589486871535,-5.84110766995121,-35.195124658757166,,-7.0,42.0,,13.0,63.14,,367.95000000000005,,,0,Gasolina,,,0.0,0.9333333333333333,87.0,0.0,0,29.41,0.99,18710.0,3.13,989.0,-2.34
F666D60A-75B1-428D-A08C-B318AA253AFC,9BWAH5BZ6KP538191,App2Car,2026-08-12T16:54:10.918776,2026-08-12T16:45:15.909169,13.62,8.0,,30.0,1230.0,17.0,-1.1988569641113282,2.7237359619140626,8.812624053955078,9.301523441187998,-5.8411667357861905,-35.195124633801754,,-15.0,42.0,,13.0,63.14,,380.21500000000003,,,0,Gasolina,,,0.0,0.9333333333333333,87.0,0.0,0,29.41,0.97,18710.0,3.13,989.0,-2.34
F666D60A-75B1-428D-A08C-B318AA253AFC,9BWAH5BZ6KP538191,App2Car,2026-08-12T16:54:11.918383,2026-08-12T16:45:15.909169,13.62,19.0,,62.0,1331.0,14.0,-1.7419276428222656,3.224295043945313,9.1154443359375,9.8245465994525,-5.841210397543919,-35.19512506638903,,-15.0,42.0,,17.0,63.14,,527.4,,,0,Gasolina,,,1.0,0.5,87.0,0.0,0,29.41,0.98,18710.0,3.13,989.0,-2.34
F666D60A-75B1-428D-A08C-B318AA253AFC,9BWAH5BZ6KP538191,App2Car,2026-08-12T16:54:12.918130,2026-08-12T16:45:15.909169,13.62,29.0,,83.0,1455.0,14.0,-0.9113049316406251,3.62366455078125,9.030570831298828,9.773056379358835,-5.841246121479491,-35.19512765803111,,2.0,42.0,,21.0,63.14,,737.6650000000001,,,0,Gasolina,,,0.0,0.8,87.0,0.0,0,29.41,1.0,18710.0,3.13,989.0,-2.34
F666D60A-75B1-428D-A08C-B318AA253AFC,9BWAH5BZ6KP538191,App2Car,2026-08-12T16:54:13.918367,2026-08-12T16:45:15.909169,13.62,42.0,,99.0,1455.0,15.0,-1.8552420043945312,3.6946170043945314,9.959089965820313,10.7831159991597,-5.841288028292193,-35.19512916435484,,12.5,42.0,,29.0,63.14,,1241.175,,,0,Gasolina,,,0.0,1.0,87.0,0.0,0,29.41,1.0,18710.0,3.13,989.0,-2.34
F666D60A-75B1-428D-A08C-B318AA253AFC,9BWAH5BZ6KP538191,App2Car,2026-08-12T16:54:14.918929,2026-08-12T16:45:15.909169,13.62,42.0,,99.0,1774.0,18.0,-1.782942352294922,3.8037400817871094,9.93543914794922,10.787041907029131,-5.8413277825028675,-35.195131577504256,,9.5,42.0,,31.0,63.14,,1462.1999999999998,,,0,Gasolina,,,0.0,0.9666666666666667,87.0,0.0,0,29.41,1.0,18710.0,3.13,989.0,-2.34
F666D60A-75B1-428D-A08C-B318AA253AFC,9BWAH5BZ6KP538191,App2Car,2026-08-12T16:54:15.918804,2026-08-12T16:45:15.909169,13.62,42.0,,97.0,1929.0,21.0,-1.883533172607422,3.6051031494140626,9.107959899902344,9.974938569658306,-5.841376841587593,-35.19513307952554,,10.5,42.0,,31.0,63.14,,1462.1999999999998,,,0,Gasolina,,,0.0,0.9666666666666667,87.0,0.0,0,29.41,1.0,18710.0,3.13,989.0,-2.34
F666D60A-75B1-428D-A08C-B318AA253AFC,9BWAH5BZ6KP538191,App2Car,2026-08-12T16:54:16.918663,2026-08-12T16:45:15.909169,13.62,40.0,,97.0,1929.0,21.0,-1.1979588317871095,3.916755065917969,8.666228485107423,9.58538427842818,-5.841431805716838,-35.19513768899605,,10.5,42.0,,31.0,63.14,,1533.845,,,0,Gasolina,,,0.0,0.9666666666666667,88.0,0.0,0,29.41,1.0,18710.0,3.13,1049.0,-0.78
F666D60A-75B1-428D-A08C-B318AA253AFC,9BWAH5BZ6KP538191,App2Car,2026-08-12T16:54:17.918706,2026-08-12T16:45:15.909169,13.72,40.0,,89.0,2258.0,21.0,-1.5563136291503907,3.2528855895996096,8.294252014160156,9.044224303150816,-5.841492156823164,-35.19514306667515,,10.5,42.0,,31.0,63.14,,1533.845,,,0,Gasolina,,,0.0,0.9333333333333333,88.0,0.0,0,29.8,1.0,18690.0,3.13,1049.0,-0.78
F666D60A-75B1-428D-A08C-B318AA253AFC,9BWAH5BZ6KP538191,App2Car,2026-08-12T16:54:18.918574,2026-08-12T16:45:15.909169,13.72,35.0,,87.0,2258.0,26.0,-1.7703684997558595,3.2636631774902347,8.722361755371095,9.479730827011586,-5.841556103764281,-35.1951478689919,,14.0,42.0,,27.0,63.14,,1512.19,,,0,Gasolina,,,0.0,0.9666666666666667,88.0,0.0,0,29.8,1.0,18690.0,3.13,1049.0,-0.78
F666D60A-75B1-428D-A08C-B318AA253AFC,9BWAH5BZ6KP538191,App2Car,2026-08-12T16:54:19.917989,2026-08-12T16:45:15.909169,13.72,32.0,,87.0,2420.0,28.0,-2.3035597229003906,3.296594696044922,9.267528076171876,10.102524468151238,-5.8416263602891485,-35.19515291694785,,15.5,42.0,,27.0,63.14,,1536.0,,,0,Gasolina,,,0.0,0.8666666666666667,88.0,0.0,0,29.8,0.98,18690.0,3.13,1049.0,-0.78
F666D60A-75B1-428D-A08C-B318AA253AFC,9BWAH5BZ6KP538191,App2Car,2026-08-12T16:54:20.917933,2026-08-12T16:45:15.909169,13.72,32.0,,84.0,2620.0,31.0,-1.6576528930664063,2.7626550292968752,9.733958129882813,10.253292973435533,-5.84170141474136,-35.19515876340324,,18.5,42.0,,24.0,63.14,,1581.3,,,0,Gasolina,,,0.0,0.9,88.0,0.0,0,29.8,1.0,18690.0,3.13,1049.0,-0.78
F666D60A-75B1-428D-A08C-B318AA253AFC,9BWAH5BZ6KP538191,App2Car,2026-08-12T16:54:21.918029,2026-08-12T16:45:15.909169,13.72,26.0,,85.0,1815.0,33.0,-1.3245954895019532,2.8322602844238283,9.303303680419923,9.81466815025594,-5.841782070517668,-35.19516460446736,,16.5,42.0,,24.0,63.14,,1430.6999999999998,,,0,Gasolina,,,0.0,0.8666666666666667,88.0,0.0,0,29.8,1.0,18690.0,3.13,1049.0,-0.78
F666D60A-75B1-428D-A08C-B318AA253AFC,9BWAH5BZ6KP538191,App2Car,2026-08-12T16:54:22.918583,2026-08-12T16:45:15.909169,13.72,25.0,,75.0,1840.0,36.0,-1.435814208984375,2.8592042541503906,7.843539276123047,8.470992845337433,-5.841867260207489,-35.19516998407233,,18.5,42.0,,22.0,63.14,,1164.35,,,0,Gasolina,,,0.0,0.8333333333333334,88.0,0.0,0,29.8,1.0,18690.0,3.13,1049.0,-0.78
F666D60A-75B1-428D-A08C-B318AA253AFC,9BWAH5BZ6KP538191,App2Car,2026-08-12T16:54:23.918393,2026-08-12T16:45:15.909169,13.72,20.0,,63.0,1841.0,38.0,-1.1163784790039064,2.448757781982422,10.259515228271486,10.606619079722673,-5.841958107881611,-35.195175407974894,,18.5,42.0,,19.0,63.14,,1047.2,,,0,Gasolina,,,0.0,0.8,88.0,0.0,0,29.8,1.0,18690.0,3.13,1049.0,-0.78
F666D60A-75B1-428D-A08C-B318AA253AFC,9BWAH5BZ6KP538191,App2Car,2026-08-12T16:54:24.917774,2026-08-12T16:45:15.909169,13.72,14.0,,47.0,1443.0,38.0,-0.9128018188476563,2.535277862548828,9.55178695678711,9.924589415621691,-5.842053033963235,-35.19518218324847,,16.5,42.0,,17.0,63.14,,920.66,,,0,Gasolina,,,0.0,0.8666666666666667,88.0,0.0,0,29.8,0.99,18690.0,3.13,1049.0,-0.78
F666D60A-75B1-428D-A08C-B318AA253AFC,9BWAH5BZ6KP538191,App2Car,2026-08-12T16:54:25.918477,2026-08-12T16:45:15.909169,13.72,11.0,,30.0,1443.0,40.0,-1.1927197265625,2.341131591796875,8.837023315429688,9.219352393399909,-5.842151695098727,-35.19518931832359,,15.5,42.0,,13.0,63.14,,699.465,,,0,Gasolina,,,0.0,0.9666666666666667,88.0,0.0,0,29.8,1.0,18690.0,3.13,1049.0,-0.78
F666D60A-75B1-428D-A08C-B318AA253AFC,9BWAH5BZ6KP538191,App2Car,2026-08-12T16:54:26.918250,2026-08-12T16:45:15.909169,13.72,7.0,,30.0,1461.0,41.0,-1.0433303833007812,3.090623016357422,9.575437774658203,10.11580434242913,-5.842254378809453,-35.19519757802623,,0.0,42.0,,13.0,63.14,,662.64,,,0,Gasolina,,,0.0,0.9,88.0,0.0,0,29.8,0.99,18690.0,3.13,1049.0,-0.78
F666D60A-75B1-428D-A08C-B318AA253AFC,9BWAH5BZ6KP538191,App2Car,2026-08-12T16:54:27.918102,2026-08-12T16:45:15.909169,13.72,7.0,,26.0,1495.0,42.0,0.05194198608398438,2.8566595458984376,9.922416229248048,10.325577250572293,-5.84235861723822,-35.195206284970645,,-7.5,42.0,,13.0,63.14,,662.64,,,0,Gasolina,,,0.0,0.9666666666666667,88.0,0.0,0,29.8,0.98,18690.0,3.13,1049.0,-0.78
F666D60A-75B1-428D-A08C-B318AA253AFC,9BWAH5BZ6KP538191,App2Car,2026-08-12T16:54:28.918073,2026-08-12T16:45:15.909169,13.72,7.0,,26.0,1515.0,42.0,0.7170089721679688,3.7497024536132812,9.157806243896484,9.921682597097746,-5.84246284174353,-35.19522126297687,,-8.5,42.0,,13.0,63.14,,662.64,,,0,Gasolina,,,0.0,0.9666666666666667,88.0,0.0,0,29.8,0.98,18690.0,3.13,1049.0,-0.78
F666D60A-75B1-428D-A08C-B318AA253AFC,9BWAH5BZ6KP538191,App2Car,2026-08-12T16:54:29.918139,2026-08-12T16:45:15.909169,13.72,7.0,,26.0,1529.0,43.0,-0.3879931640625,2.199825439453125,9.46362030029297,9.723676251682877,-5.842567258829967,-35.195248728123495,,-7.5,42.0,,13.0,63.14,,662.64,,,0,Gasolina,,,0.0,0.9666666666666667,88.0,0.0,0,29.8,0.98,18690.0,3.13,1049.0,-0.78
F666D60A-75B1-428D-A08C-B318AA253AFC,9BWAH5BZ6KP538191,App2Car,2026-08-12T16:54:30.918087,2026-08-12T16:45:15.909169,13.72,7.0,,26.0,2010.0,42.0,-0.9469308471679688,2.2050645446777346,9.120234375,9.430676684652312,-5.842670694254116,-35.19529416223683,,-7.5,42.0,,13.0,63.14,,662.64,,,0,Gasolina,,,0.0,0.9333333333333333,88.0,0.0,0,29.8,0.98,18690.0,3.13,1049.0,-0.78
F666D60A-75B1-428D-A08C-B318AA253AFC,9BWAH5BZ6KP538191,App2Car,2026-08-12T16:54:31.917975,2026-08-12T16:45:15.909169,13.72,7.0,,28.0,2052.0,42.0,-1.1277548217773439,2.5126748657226563,8.621920623779298,9.051125960985583,-5.842766040826711,-35.19534541687848,,-4.5,42.0,,14.0,63.14,,835.45,,,0,Gasolina,,,0.0,0.9666666666666667,88.0,0.0,0,29.8,1.0,18690.0,3.13,1049.0,-0.78
F666D60A-75B1-428D-A08C-B318AA253AFC,9BWAH5BZ6KP538191,App2Car,2026-08-12T16:54:32.918183,2026-08-12T16:45:15.909169,13.72,7.0,,27.0,2052.0,42.0,-0.9801617431640626,2.3836431884765625,9.548493804931642,9.890207572925407,-5.842858193364797,-35.195396109218336,,-4.5,42.0,,14.0,63.14,,835.45,,,0,Gasolina,,,0.0,0.9666666666666667,88.0,0.0,0,29.8,1.0,18690.0,3.13,1049.0,-0.78
F666D60A-75B1-428D-A08C-B318AA253AFC,9BWAH5BZ6KP538191,App2Car,2026-08-12T16:54:33.918289,2026-08-12T16:45:15.909169,13.72,7.0,,27.0,2049.0,42.0,-1.2210108947753906,2.2608984375000003,9.31228500366211,9.660288884877117,-5.842949583635226,-35.195448391354994,,-4.5,42.0,,14.0,63.14,,835.45,,,0,Gasolina,,,0.0,0.9666666666666667,88.0,0.0,0,29.8,1.0,18690.0,3.13,1049.0,-0.78
F666D60A-75B1-428D-A08C-B318AA253AFC,9BWAH5BZ6KP538191,App2Car,2026-08-12T16:54:34.918175,2026-08-12T16:45:15.909169,13.72,7.0,,26.0,2041.0,42.0,-1.167721710205078,2.3474185180664064,8.82564697265625,9.206844854639497,-5.843039081639826,-35.1955026775375,,-4.5,42.0,,14.0,63.14,,835.45,,,0,Gasolina,,,0.0,0.9666666666666667,88.0,0.0,0,29.8,1.0,18690.0,3.13,1049.0,-0.78
F666D60A-75B1-428D-A08C-B318AA253AFC,9BWAH5BZ6KP538191,App2Car,2026-08-12T16:54:35.918356,2026-08-12T16:45:15.909169,13.72,7.0,,26.0,2041.0,42.0,-0.9595046997070313,2.415377197265625,8.952732696533204,9.322345145370091,-5.843127473365518,-35.195560598706976,,-4.5,42.0,,14.0,63.14,,835.45,,,0,Gasolina,,,0.0,0.9666666666666667,88.0,0.0,0,29.8,1.0,18690.0,3.13,1049.0,-0.78
F666D60A-75B1-428D-A08C-B318AA253AFC,9BWAH5BZ6KP538191,App2Car,2026-08-12T16:54:36.918764,2026-08-12T16:45:15.909169,13.72,7.0,,26.0,2037.0,41.0,-0.5034031677246094,2.682421875,9.295819244384766,9.688191641840486,-5.843213074272119,-35.19562054867152,,-4.5,42.0,,14.0,63.14,,835.45,,,0,Gasolina,,,0.0,0.9666666666666667,88.0,0.0,0,29.8,1.0,18690.0,3.13,1049.0,-0.78
F666D60A-75B1-428D-A08C-B318AA253AFC,9BWAH5BZ6KP538191,App2Car,2026-08-12T16:54:37.918157,2026-08-12T16:45:15.909169,13.72,7.0,,26.0,2024.0,41.0,-0.5745053100585937,2.5004003906250003,9.915530548095704,10.24206056001146,-5.843295596731339,-35.195684513219135,,-4.5,42.0,,14.0,63.14,,835.45,,,0,Gasolina,,,0.0,0.9666666666666667,88.0,0.0,0,29.8,1.0,18690.0,3.13,1049.0,-0.78
F666D60A-75B1-428D-A08C-B318AA253AFC,9BWAH5BZ6KP538191,App2Car,2026-08-12T16:54:38.918272,2026-08-12T16:45:15.909169,13.72,7.0,,26.0,1972.0,41.0,-0.024399261474609375,2.8228298950195314,9.794582061767578,10.193272374702625,-5.84337500685489,-35.195752302718006,,-4.5,42.0,,14.0,63.14,,835.45,,,0,Gasolina,,,0.0,0.9666666666666667,88.0,0.0,0,29.8,0.99,18690.0,3.13,1049.0,-0.78
F666D60A-75B1-428D-A08C-B318AA253AFC,9BWAH5BZ6KP538191,App2Car,2026-08-12T16:54:39.917892,2026-08-12T16:45:15.909169,13.72,11.0,,33.0,1972.0,40.0,-0.6942562866210937,2.5727000427246094,9.619895324707032,9.9821422229734,-5.843447564569203,-35.19582400942797,,9.0,42.0,,17.0,63.14,,936.36,,,0,Gasolina,,,0.0,0.8666666666666667,88.0,0.0,0,29.8,0.99,18690.0,3.13,1049.0,-0.78
F666D60A-75B1-428D-A08C-B318AA253AFC,9BWAH5BZ6KP538191,App2Car,2026-08-12T16:54:40.918289,2026-08-12T16:45:15.909169,13.72,10.0,,33.0,1930.0,40.0,-0.6659651184082032,3.0207183837890628,10.335108032226563,10.788081716917594,-5.8435147632439595,-35.19589901421958,,8.0,42.0,,16.0,63.14,,882.5,,,0,Gasolina,,,0.0,0.8333333333333334,88.0,0.0,0,29.8,0.99,18690.0,3.13,1049.0,-0.78
F666D60A-75B1-428D-A08C-B318AA253AFC,9BWAH5BZ6KP538191,App2Car,2026-08-12T16:54:41.918587,2026-08-12T16:45:15.909169,13.72,10.0,,34.0,1396.0,39.0,-0.6623725891113281,2.5006997680664065,9.314081268310547,9.666661608306502,-5.843576350238549,-35.19597686871824,,24.0,43.0,,15.0,63.14,,734.02,,,0,Gasolina,,,0.0,0.8666666666666667,88.0,0.0,0,29.8,1.0,18690.0,3.13,1049.0,-0.78
F666D60A-75B1-428D-A08C-B318AA253AFC,9BWAH5BZ6KP538191,App2Car,2026-08-12T16:54:42.918134,2026-08-12T16:45:15.909169,13.72,11.0,,37.0,1402.0,38.0,-0.9443861389160156,2.7345135498046877,9.33623519897461,9.77418626914868,-5.8436329268718605,-35.19605760506715,,22.5,43.0,,15.0,63.14,,710.99,,,0,Gasolina,,,0.0,0.8666666666666667,88.0,0.0,0,29.8,1.0,18690.0,3.13,1049.0,-0.78
F666D60A-75B1-428D-A08C-B318AA253AFC,9BWAH5BZ6KP538191,App2Car,2026-08-12T16:54:43.918542,2026-08-12T16:45:15.909169,13.72,11.0,,38.0,1356.0,38.0,-1.2422666931152344,2.4525,9.869127044677734,10.24488415799871,-5.843684009573284,-35.19613977190808,,21.5,43.0,,15.0,63.14,,710.99,,,0,Gasolina,,,0.0,0.8666666666666667,88.0,0.0,0,29.8,1.0,18690.0,3.13,1049.0,-0.78
F666D60A-75B1-428D-A08C-B318AA253AFC,9BWAH5BZ6KP538191,App2Car,2026-08-12T16:54:44.918519,2026-08-12T16:45:15.909169,13.72,11.0,,39.0,1333.0,37.0,-1.0651849365234376,2.8360025024414064,9.89996292114258,10.353105571897173,-5.843728971432167,-35.196223390758796,,21.5,43.0,,15.0,63.14,,710.99,,,0,Gasolina,,,0.0,0.8666666666666667,88.0,0.0,0,29.8,1.0,18690.0,3.13,1049.0,-0.78
F666D60A-75B1-428D-A08C-B318AA253AFC,9BWAH5BZ6KP538191,App2Car,2026-08-12T16:54:45.918745,2026-08-12T16:45:15.909169,13.72,12.0,,41.0,1287.0,37.0,-1.2829820251464845,2.5966502380371095,9.74249038696289,10.163894641111323,-5.843767839678791,-35.196308528449784,,21.0,43.0,,15.0,63.14,,694.085,,,0,Gasolina,,,0.0,0.8666666666666667,88.0,0.0,0,29.8,1.0,18690.0,3.13,1049.0,-0.78
F666D60A-75B1-428D-A08C-B318AA253AFC,9BWAH5BZ6KP538191,App2Car,2026-08-12T16:54:46.917955,2026-08-12T16:45:15.909169,13.72,13.0,,43.0,1287.0,36.0,-0.8707392883300782,2.6423052978515624,9.21079605102539,9.62178403877789,-5.843801268959387,-35.19639213886461,,18.5,43.0,,15.0,63.14,,682.8149999999999,,,0,Gasolina,,,0.0,0.8333333333333334,88.0,0.0,0,29.8,1.0,18690.0,3.13,1049.0,-0.78
F666D60A-75B1-428D-A08C-B318AA253AFC,9BWAH5BZ6KP538191,App2Car,2026-08-12T16:54:47.917466,2026-08-12T16:45:15.909169,13.72,13.0,,43.0,1249.0,35.0,-0.7713459777832031,2.4005580139160156,10.987152099609375,11.272762068613416,-5.843830325343793,-35.196476723744,,16.5,43.0,,,63.14,,299.76,,,0,Gasolina,,,0.0,0.9666666666666667,88.0,0.0,0,29.8,1.0,18690.0,3.13,1049.0,-0.78
F666D60A-75B1-428D-A08C-B318AA253AFC,9BWAH5BZ6KP538191,App2Car,2026-08-12T16:54:48.918333,2026-08-12T16:45:15.909169,13.72,13.0,,32.0,1615.0,33.0,-0.97716796875,2.5466542053222656,10.322683868408204,10.676989609797863,-5.843855271179353,-35.19655967855726,,20.0,43.0,,15.0,63.14,,716.4499999999999,,,0,Gasolina,,,0.0,0.8333333333333334,88.0,0.0,0,29.8,1.0,18690.0,3.13,1049.0,-0.78
F666D60A-75B1-428D-A08C-B318AA253AFC,9BWAH5BZ6KP538191,App2Car,2026-08-12T16:54:49.917460,2026-08-12T16:45:15.909169,13.72,10.0,,34.0,1570.0,32.0,-0.7813751220703126,2.212998046875,10.96050750732422,11.208953218520163,-5.843898475985052,-35.196630941827735,,-4.5,43.0,,15.0,63.14,,669.7249999999999,,,0,Gasolina,,,0.0,0.7333333333333333,88.0,0.0,0,29.8,0.99,18690.0,3.13,1049.0,-0.78
F666D60A-75B1-428D-A08C-B318AA253AFC,9BWAH5BZ6KP538191,App2Car,2026-08-12T16:54:50.918038,2026-08-12T16:45:15.909169,13.72,7.0,,28.0,1512.0,30.0,-0.7824229431152344,2.895428924560547,8.269703063964844,8.796799593331912,-5.843891904972527,-35.19671948230428,,-8.5,43.0,,13.0,63.14,,559.65,,,0,Gasolina,,,0.0,0.9666666666666667,88.0,0.0,0,29.8,0.98,18690.0,3.13,1049.0,-0.78
F666D60A-75B1-428D-A08C-B318AA253AFC,9BWAH5BZ6KP538191,App2Car,2026-08-12T16:54:51.918179,2026-08-12T16:45:15.909169,13.72,7.0,,28.0,1444.0,29.0,-0.9246272277832032,2.212548980712891,9.208251342773439,9.515366587478411,-5.8439036549662955,-35.1967964535126,,-8.5,43.0,,13.0,63.14,,559.65,,,0,Gasolina,,,0.0,0.9666666666666667,88.0,0.0,0,29.8,0.98,18690.0,3.13,1049.0,-0.78
F666D60A-75B1-428D-A08C-B318AA253AFC,9BWAH5BZ6KP538191,App2Car,2026-08-12T16:54:52.918201,2026-08-12T16:45:15.909169,13.72,7.0,,28.0,1378.0,29.0,-0.9443861389160156,2.165846099853516,9.566306762695312,9.853779964339443,-5.8439109264452265,-35.196870015053165,,-9.0,43.0,,13.0,63.14,,559.65,,,0,Gasolina,,,0.0,0.9333333333333333,88.0,0.0,0,29.8,0.98,18690.0,3.13,1049.0,-0.78
F666D60A-75B1-428D-A08C-B318AA253AFC,9BWAH5BZ6KP538191,App2Car,2026-08-12T16:54:53.918515,2026-08-12T16:45:15.909169,13.72,6.0,,25.0,1378.0,28.0,-0.8021818542480469,2.5300387573242187,9.6710888671875,10.028686440301417,-5.843912970695272,-35.19694169173883,,-9.0,43.0,,13.0,63.14,,455.25999999999993,,,0,Gasolina,,,0.0,0.8666666666666667,88.0,0.0,0,29.8,0.98,18690.0,3.13,1049.0,-0.78
F666D60A-75B1-428D-A08C-B318AA253AFC,9BWAH5BZ6KP538191,App2Car,2026-08-12T16:54:54.918529,2026-08-12T16:45:15.909169,13.72,6.0,,25.0,1386.0,28.0,-1.0291099548339844,2.40220458984375,9.431137847900391,9.786522124672484,-5.843912269044595,-35.19701236314166,,-5.5,43.0,,13.0,63.14,,455.25999999999993,,,0,Gasolina,,,0.0,0.8666666666666667,88.0,0.0,0,29.8,0.98,18690.0,3.13,1049.0,-0.78
F666D60A-75B1-428D-A08C-B318AA253AFC,9BWAH5BZ6KP538191,App2Car,2026-08-12T16:54:55.918193,2026-08-12T16:45:15.909169,13.72,6.0,,25.0,1384.0,28.0,-1.1061996459960939,2.1671932983398436,9.589209136962891,9.893095386257206,-5.8439080597300785,-35.197083407355294,,-7.0,43.0,,13.0,63.14,,455.25999999999993,,,0,Gasolina,,,0.0,0.8666666666666667,88.0,0.0,0,29.8,0.98,18690.0,3.13,1049.0,-0.78
F666D60A-75B1-428D-A08C-B318AA253AFC,9BWAH5BZ6KP538191,App2Car,2026-08-12T16:54:56.917657,2026-08-12T16:45:15.909169,13.72,7.0,,26.0,1390.0,28.0,-1.107696533203125,2.348915405273438,10.450817413330078,10.768657288518577,-5.843902707754282,-35.19715524409526,,-9.0,43.0,,13.0,63.14,,469.7,,,0,Gasolina,,,0.0,0.9666666666666667,88.0,0.0,0,29.8,0.98,18690.0,3.13,1049.0,-0.78
F666D60A-75B1-428D-A08C-B318AA253AFC,9BWAH5BZ6KP538191,App2Car,2026-08-12T16:54:57.917724,2026-08-12T16:45:15.909169,13.72,7.0,,27.0,1360.0,27.0,-0.5803431701660157,1.9128721618652345,9.24806854248047,9.461640971269949,-5.843898166511945,-35.19722771798453,,-3.0,43.0,,13.0,63.14,,469.7,,,0,Gasolina,,,0.0,0.9333333333333333,88.0,0.0,0,29.8,0.99,18690.0,3.13,1049.0,-0.78
F666D60A-75B1-428D-A08C-B318AA253AFC,9BWAH5BZ6KP538191,App2Car,2026-08-12T16:54:58.918414,2026-08-12T16:45:15.909169,13.72,7.0,,27.0,1325.0,27.0,-0.7981402587890626,2.247576141357422,10.132429504394532,10.409358964192934,-5.8438940577004725,-35.19729818083402,,-3.0,43.0,,13.0,63.14,,469.7,,,0,Gasolina,,,0.0,0.9333333333333333,88.0,0.0,0,29.8,0.99,18690.0,3.13,1049.0,-0.78
F666D60A-75B1-428D-A08C-B318AA253AFC,9BWAH5BZ6KP538191,App2Car,2026-08-12T16:54:59.918274,2026-08-12T16:45:15.909169,13.72,7.0,,27.0,1336.0,27.0,-0.4441264343261719,3.2251931762695314,10.996732177734376,11.468532508683989,-5.843889376062025,-35.19736584037564,,-4.5,43.0,,13.0,63.14,,469.7,,,0,Gasolina,,,0.0,0.9333333333333333,88.0,0.0,0,29.8,0.98,18690.0,3.13,1049.0,-0.78
F666D60A-75B1-428D-A08C-B318AA253AFC,9BWAH5BZ6KP538191,App2Car,2026-08-12T16:55:00.917451,2026-08-12T16:45:15.909169,13.72,6.0,,26.0,1336.0,27.0,-0.901724853515625,2.258802795410156,9.38892562866211,9.698825817620847,-5.843883654509017,-35.19743311399737,,-7.0,43.0,,13.0,63.14,,434.94,,,0,Gasolina,,,0.0,0.8666666666666667,88.0,0.0,0,29.8,0.98,18690.0,3.13,1049.0,-0.78
F666D60A-75B1-428D-A08C-B318AA253AFC,9BWAH5BZ6KP538191,App2Car,2026-08-12T16:55:01.918072,2026-08-12T16:45:15.909169,13.72,7.0,,26.0,1326.0,27.0,-0.41703277587890625,2.588117980957031,9.737550659179687,10.084253262369065,-5.843879818794267,-35.19750132712904,,-8.5,43.0,,13.0,63.14,,446.41999999999996,,,0,Gasolina,,,0.0,0.9333333333333333,88.0,0.0,0,29.8,0.98,18690.0,3.13,1049.0,-0.78
F666D60A-75B1-428D-A08C-B318AA253AFC,9BWAH5BZ6KP538191,App2Car,2026-08-12T16:55:02.918550,2026-08-12T16:45:15.909169,13.72,7.0,,26.0,1319.0,26.0,-0.9654922485351562,2.9065058898925784,10.184670867919923,10.635199690547353,-5.843873708905796,-35.19756992322944,,-7.0,43.0,,13.0,63.14,,446.41999999999996,,,0,Gasolina,,,0.0,0.9333333333333333,88.0,0.0,0,29.8,0.98,18690.0,3.13,1049.0,-0.78
F666D60A-75B1-428D-A08C-B318AA253AFC,9BWAH5BZ6KP538191,App2Car,2026-08-12T16:55:03.918510,2026-08-12T16:45:15.909169,13.72,7.0,,35.0,1314.0,27.0,-1.0922785949707032,2.7607090759277346,9.87945556640625,10.315921161948475,-5.843866137227779,-35.197636962418336,,27.5,44.0,,13.0,63.14,,446.41999999999996,,,0,Gasolina,,,0.0,0.9666666666666667,88.0,0.0,0,29.8,0.98,18690.0,3.13,1049.0,-0.78
F666D60A-75B1-428D-A08C-B318AA253AFC,9BWAH5BZ6KP538191,App2Car,2026-08-12T16:55:04.918643,2026-08-12T16:45:15.909169,13.72,9.0,,35.0,1343.0,27.0,-0.9812095642089844,2.814447326660156,9.367520141601563,9.8302756607712,-5.843859284977457,-35.19770504214308,,2.0,44.0,,14.0,63.14,,488.52,,,0,Gasolina,,,0.0,0.9333333333333333,88.0,0.0,0,29.8,1.0,18690.0,3.13,1049.0,-0.78
F666D60A-75B1-428D-A08C-B318AA253AFC,9BWAH5BZ6KP538191,App2Car,2026-08-12T16:55:05.918251,2026-08-12T16:45:15.909169,13.72,7.0,,27.0,1323.0,27.0,-0.8782237243652344,2.5999433898925783,8.829389190673828,9.246031366000869,-5.843852064243966,-35.19777420957391,,2.0,44.0,,13.0,63.14,,449.31,,,0,Gasolina,,,0.0,0.9333333333333333,88.0,0.0,0,29.8,1.0,18690.0,3.13,1049.0,-0.78
F666D60A-75B1-428D-A08C-B318AA253AFC,9BWAH5BZ6KP538191,App2Car,2026-08-12T16:55:06.917525,2026-08-12T16:45:15.909169,13.72,7.0,,27.0,1265.0,27.0,-0.7692503356933594,2.45489501953125,9.799521789550782,10.131578501880359,-5.84384531544963,-35.19784209325966,,-7.0,44.0,,13.0,63.14,,449.31,,,0,Gasolina,,,0.0,0.9333333333333333,88.0,0.0,0,29.8,0.98,18690.0,3.13,1049.0,-0.78
F666D60A-75B1-428D-A08C-B318AA253AFC,9BWAH5BZ6KP538191,App2Car,2026-08-12T16:55:07.918156,2026-08-12T16:45:15.909169,13.72,7.0,,27.0,1265.0,25.0,-0.9810598754882813,2.156415710449219,9.24717041015625,9.545824625983583,-5.84383908914702,-35.19790797757284,,-7.5,44.0,,13.0,63.14,,410.4,,,0,Gasolina,,,0.0,0.9333333333333333,88.0,0.0,0,29.8,0.98,18690.0,3.13,1049.0,-0.78
F666D60A-75B1-428D-A08C-B318AA253AFC,9BWAH5BZ6KP538191,App2Car,2026-08-12T16:55:08.918348,2026-08-12T16:45:15.909169,13.72,7.0,,27.0,1127.0,23.0,-0.29189300537109375,1.9499949645996095,9.966724090576172,10.159885382533595,-5.843832877441584,-35.19797245349727,,-3.0,44.0,,12.0,63.14,,349.05,,,0,Gasolina,,,0.0,1.0,88.0,0.0,0,29.8,0.99,18690.0,3.13,1049.0,-0.78
F666D60A-75B1-428D-A08C-B318AA253AFC,9BWAH5BZ6KP538191,App2Car,2026-08-12T16:55:09.917896,2026-08-12T16:45:15.909169,13.72,7.0,,28.0,1041.0,19.0,-0.2616558837890625,2.3321502685546878,9.753118286132812,10.03148568158971,-5.843828035928878,-35.19802814045599,,-7.5,44.0,,12.0,63.14,,349.05,,,0,Gasolina,,,0.0,0.9666666666666667,88.0,0.0,0,29.8,0.99,18690.0,3.13,1049.0,-0.78
F666D60A-75B1-428D-A08C-B318AA253AFC,9BWAH5BZ6KP538191,App2Car,2026-08-12T16:55:10.917703,2026-08-12T16:45:15.909169,13.72,6.0,,29.0,955.0,16.0,-0.0058378601074218755,2.5674609375,9.716294860839843,10.04978982710493,-5.843822610050882,-35.19807577953556,,-1.5,44.0,,12.0,63.14,,280.125,,,0,Gasolina,,,0.0,0.8,88.0,0.0,0,29.8,0.99,18690.0,3.13,1049.0,-0.78
F666D60A-75B1-428D-A08C-B318AA253AFC,9BWAH5BZ6KP538191,App2Car,2026-08-12T16:55:11.918066,2026-08-12T16:45:15.909169,13.72,8.0,,34.0,873.0,13.0,-0.5989045715332032,2.4075933837890626,9.023236083984376,9.358097136426077,-5.843813977016844,-35.19811719853379,,0.5,44.0,,13.0,63.14,,270.6,,,0,Gasolina,,,0.0,0.8666666666666667,88.0,0.0,0,29.8,0.99,18690.0,3.13,1049.0,-0.78
F666D60A-75B1-428D-A08C-B318AA253AFC,9BWAH5BZ6KP538191,App2Car,2026-08-12T16:55:12.917909,2026-08-12T16:45:15.909169,13.72,11.0,,43.0,858.0,10.0,-1.1259585571289064,1.0222242736816407,9.282796325683595,9.406542019371445,-5.8438013386563625,-35.19814969078963,,0.5,44.0,,13.0,63.14,,260.76,,,0,Gasolina,,,0.0,0.8666666666666667,88.0,0.0,0,29.8,0.99,18690.0,3.13,1049.0,-0.78
F666D60A-75B1-428D-A08C-B318AA253AFC,9BWAH5BZ6KP538191,App2Car,2026-08-12T16:55:13.918570,2026-08-12T16:45:15.909169,13.72,15.0,,66.0,786.0,10.0,-0.7414082336425781,1.0602452087402345,9.654024353027344,9.740328140284323,-5.8438080908353065,-35.198178785302986,,-4.0,44.0,,15.0,63.14,,294.75,,,0,Gasolina,,,0.0,0.7333333333333333,88.0,0.0,0,29.8,0.98,18690.0,3.13,1049.0,-0.78
F666D60A-75B1-428D-A08C-B318AA253AFC,9BWAH5BZ6KP538191,App2Car,2026-08-12T16:55:14.918500,2026-08-12T16:45:15.909169,13.72,14.0,,51.0,786.0,5.0,-0.7235952758789063,2.1881497192382815,9.831255798339845,10.097780938873038,-5.8438060873309245,-35.198196573555286,,-13.0,44.0,,15.0,63.14,,217.17000000000002,,,0,Gasolina,,,0.0,0.9,88.0,0.0,0,29.8,0.95,18690.0,3.13,1049.0,-0.78
F666D60A-75B1-428D-A08C-B318AA253AFC,9BWAH5BZ6KP538191,App2Car,2026-08-12T16:55:15.917854,2026-08-12T16:45:15.909169,13.72,18.0,,51.0,928.0,2.0,-1.0436297607421876,2.349065093994141,9.3166259765625,9.664718799866225,-5.843804787879265,-35.198208110832105,,-11.5,44.0,,15.0,63.14,,242.8,,,0,Gasolina,,,0.0,0.7666666666666667,88.0,0.0,0,29.8,0.99,18690.0,3.13,1049.0,-0.78
F666D60A-75B1-428D-A08C-B318AA253AFC,9BWAH5BZ6KP538191,App2Car,2026-08-12T16:55:16.918397,2026-08-12T16:45:15.909169,13.72,18.0,,60.0,928.0,2.0,-1.2481045532226562,2.654879150390625,9.269024963378907,9.722189673663815,-5.843804235532831,-35.19821301488272,,-11.5,44.0,,15.0,63.14,,242.8,,,0,Gasolina,,,0.0,0.7666666666666667,87.0,0.0,0,29.8,0.99,18690.0,3.91,1109.0,0.78
F666D60A-75B1-428D-A08C-B318AA253AFC,9BWAH5BZ6KP538191,App2Car,2026-08-12T16:55:17.917810,2026-08-12T16:45:15.909169,13.59,18.0,,60.0,1013.0,0.0,-1.2516970825195313,2.5905130004882815,8.86770950317383,9.322755763440666,-5.843804430912625,-35.198211280189156,,-11.5,44.0,,15.0,63.14,,242.8,,,0,Gasolina,,,0.0,0.9,87.0,0.0,0,29.8,0.99,12320.0,3.91,1109.0,0.78
F666D60A-75B1-428D-A08C-B318AA253AFC,9BWAH5BZ6KP538191,App2Car,2026-08-12T16:55:18.917837,2026-08-12T16:45:15.909169,13.59,15.0,,51.0,991.0,0.0,-1.2910652160644531,2.6517356872558597,9.270521850585938,9.728367125545232,-5.843804784366953,-35.19820814202412,,-6.0,44.0,,16.0,63.14,,195.97500000000002,,,0,Gasolina,,,0.0,0.8666666666666667,87.0,0.0,0,29.8,0.99,12320.0,3.91,1109.0,0.78
F666D60A-75B1-428D-A08C-B318AA253AFC,9BWAH5BZ6KP538191,App2Car,2026-08-12T16:55:19.917620,2026-08-12T16:45:15.909169,13.59,13.0,,48.0,991.0,0.0,-1.106349334716797,2.6869125366210938,9.24043441772461,9.686544071966505,-5.843804825397396,-35.19820777773007,,-16.0,44.0,,12.0,63.14,,142.41500000000002,,,0,Gasolina,,,0.0,0.8666666666666667,87.0,0.0,0,29.8,1.0,12320.0,3.91,1109.0,0.78
F666D60A-75B1-428D-A08C-B318AA253AFC,9BWAH5BZ6KP538191,App2Car,2026-08-12T16:55:20.918228,2026-08-12T16:45:15.909169,13.59,20.0,,48.0,1000.0,0.0,-1.2265493774414062,2.523003387451172,9.429940338134767,9.83838118031484,-5.843804825397666,-35.198207777730126,,-1.5,44.0,,19.0,63.14,,290.0,,,0,Gasolina,,,0.0,0.7333333333333333,87.0,0.0,0,29.8,1.0,12320.0,3.91,1109.0,0.78
F666D60A-75B1-428D-A08C-B318AA253AFC,9BWAH5BZ6KP538191,App2Car,2026-08-12T16:55:21.918393,2026-08-12T16:45:15.909169,13.59,20.0,,64.0,984.0,0.0,8.12196029663086,-0.1836680603027344,6.733597412109376,10.551839039939413,-5.843804825397515,-35.19820777773007,,-20.5,44.0,,16.0,63.14,,290.0,,,0,Gasolina,,,0.0,0.6666666666666666,87.0,0.0,0,29.8,0.99,12320.0,3.91,1109.0,0.78
F666D60A-75B1-428D-A08C-B318AA253AFC,9BWAH5BZ6KP538191,App2Car,2026-08-12T16:55:22.917373,2026-08-12T16:45:15.909169,13.59,16.0,,53.0,979.0,0.0,1.1572434997558594,5.660478973388672,7.732470245361329,9.652529762777256,-5.843804729413923,-35.19820862982844,,-11.5,44.0,,16.0,63.14,,206.72,,,0,Gasolina,,,0.0,0.8666666666666667,87.0,0.0,0,29.8,0.99,12320.0,3.91,1109.0,0.78
F666D60A-75B1-428D-A08C-B318AA253AFC,9BWAH5BZ6KP538191,App2Car,2026-08-12T16:55:23.917666,2026-08-12T16:45:15.909169,13.59,10.0,,40.0,976.0,0.0,1.3512400817871095,5.891448669433594,7.350464630126954,9.51653022177444,-5.843805032374563,-35.19820593997318,,-1.0,44.0,,13.0,63.14,,113.94999999999999,,,0,Gasolina,,,0.0,0.8333333333333334,87.0,0.0,0,29.8,1.0,12320.0,3.91,1109.0,0.78
F666D60A-75B1-428D-A08C-B318AA253AFC,9BWAH5BZ6KP538191,App2Car,2026-08-12T16:55:24.917695,2026-08-12T16:45:15.909169,13.59,9.0,,36.0,982.0,0.0,1.1431727600097656,5.438340911865235,8.138126678466797,9.854516815535328,-5.84380492134638,-35.19820692573636,,-1.0,44.0,,13.0,63.14,,102.42,,,0,Gasolina,,,0.0,0.9333333333333333,87.0,0.0,0,29.8,1.0,12320.0,3.91,1109.0,0.78
F666D60A-75B1-428D-A08C-B318AA253AFC,9BWAH5BZ6KP538191,App2Car,2026-08-12T16:55:25.917493,2026-08-12T16:45:15.909169,13.59,14.0,,51.0,971.0,0.0,-1.115929412841797,4.989574127197266,7.757168884277344,9.290576813333088,-5.8438051973868,-35.19820447490234,,-1.5,45.0,,15.0,63.14,,173.74,,,0,Gasolina,,,0.0,0.8666666666666667,87.0,0.0,0,29.8,1.0,12320.0,3.91,1109.0,0.78
